/*
 Navicat Premium Dump SQL

 Source Server         : 2507
 Source Server Type    : MySQL
 Source Server Version : 80027 (8.0.27)
 Source Host           : localhost:3306
 Source Schema         : ry

 Target Server Type    : MySQL
 Target Server Version : 80027 (8.0.27)
 File Encoding         : 65001

 Date: 07/04/2026 09:29:49
*/

SET NAMES utf8mb4;
SET FOREIGN_KEY_CHECKS = 0;

-- ----------------------------
-- Table structure for activity_register
-- ----------------------------
DROP TABLE IF EXISTS `activity_register`;
CREATE TABLE `activity_register`  (
  `register_id` bigint NOT NULL AUTO_INCREMENT COMMENT 'жҠҘеҗҚID',
  `activity_id` bigint NOT NULL COMMENT 'жҙ»еҠЁID',
  `user_id` bigint NOT NULL COMMENT 'дҪҸжҲ·ID',
  `user_name` varchar(50) CHARACTER SET utf8mb4 COLLATE utf8mb4_0900_ai_ci NOT NULL COMMENT 'дҪҸжҲ·е§“еҗҚ',
  `user_phone` varchar(20) CHARACTER SET utf8mb4 COLLATE utf8mb4_0900_ai_ci NOT NULL COMMENT 'з”өиҜқ',
  `user_address` varchar(64) CHARACTER SET utf8mb4 COLLATE utf8mb4_0900_ai_ci NULL DEFAULT NULL COMMENT 'дҪҸеқҖ',
  `status` tinyint NOT NULL DEFAULT 1 COMMENT '1=жҲҗеҠҹ',
  `remark` varchar(500) CHARACTER SET utf8mb4 COLLATE utf8mb4_0900_ai_ci NULL DEFAULT NULL,
  `create_time` datetime NOT NULL DEFAULT CURRENT_TIMESTAMP,
  PRIMARY KEY (`register_id`) USING BTREE,
  UNIQUE INDEX `uk_activity_user`(`activity_id` ASC, `user_id` ASC) USING BTREE
) ENGINE = InnoDB AUTO_INCREMENT = 16 CHARACTER SET = utf8mb4 COLLATE = utf8mb4_0900_ai_ci COMMENT = 'жҙ»еҠЁжҠҘеҗҚиЎЁ' ROW_FORMAT = DYNAMIC;

-- ----------------------------
-- Records of activity_register
-- ----------------------------
INSERT INTO `activity_register` VALUES (1, 1, 1, 'еј дјҹ', '13800000001', '1еҸ·жҘј1еҚ•е…ғ01е®Ө', 1, 'еһғеңҫжё…зҗҶ', '2026-03-25 11:00:00');
INSERT INTO `activity_register` VALUES (2, 1, 2, 'жқҺеЁң', '13800000003', '1еҸ·жҘј1еҚ•е…ғ02е®Ө', 1, 'е…¬е…ұеҢәеҹҹжё…жү«', '2026-03-25 11:10:00');
INSERT INTO `activity_register` VALUES (3, 2, 3, 'зҺӢејә', '13800000005', '1еҸ·жҘј2еҚ•е…ғ01е®Ө', 1, 'йҷӘдјҙиҖҒдәә', '2026-03-25 11:20:00');
INSERT INTO `activity_register` VALUES (4, 2, 4, 'еҲҳиҠі', '13800000007', '1еҸ·жҘј2еҚ•е…ғ02е®Ө', 1, 'еҒҘеә·еҚҸеҠ©', '2026-03-25 11:30:00');
INSERT INTO `activity_register` VALUES (5, 3, 5, 'йҷҲжҳҺ', '13800000009', '2еҸ·жҘј1еҚ•е…ғ01е®Ө', 1, 'еҒңиҪҰеҠқеҜј', '2026-03-25 11:40:00');
INSERT INTO `activity_register` VALUES (6, 3, 6, 'иөөйқҷ', '13800000011', '2еҸ·жҘј1еҚ•е…ғ02е®Ө', 1, 'з§©еәҸз»ҙжҠӨ', '2026-03-25 11:50:00');
INSERT INTO `activity_register` VALUES (7, 4, 7, 'жқЁжҙӢ', '13800000013', '2еҸ·жҘј2еҚ•е…ғ01е®Ө', 1, 'д№үиҜҠеҚҸеҠ©', '2026-03-25 12:00:00');
INSERT INTO `activity_register` VALUES (8, 4, 8, 'е‘Ёж•Ҹ', '13800000015', '2еҸ·жҘј2еҚ•е…ғ02е®Ө', 1, 'еј•еҜјжңҚеҠЎ', '2026-03-25 12:10:00');
INSERT INTO `activity_register` VALUES (9, 5, 9, 'еҗҙзЈҠ', '13800000017', '3еҸ·жҘј1еҚ•е…ғ01е®Ө', 1, 'е®Ји®ІеҚҸеҠ©', '2026-03-25 12:20:00');
INSERT INTO `activity_register` VALUES (10, 5, 10, 'йғ‘йӣӘ', '13800000019', '3еҸ·жҘј1еҚ•е…ғ02е®Ө', 1, 'дә’еҠЁж•ҷеӯҰ', '2026-03-25 12:30:00');
INSERT INTO `activity_register` VALUES (11, 6, 11, 'еӯҷжө©', '13800000021', '3еҸ·жҘј2еҚ•е…ғ01е®Ө', 1, 'д№үжј”иЎЁжј”', '2026-03-22 15:00:00');
INSERT INTO `activity_register` VALUES (12, 6, 12, 'еҶҜе©·', '13800000023', '3еҸ·жҘј2еҚ•е…ғ02е®Ө', 1, 'зҺ°еңәеј•еҜј', '2026-03-22 16:00:00');
INSERT INTO `activity_register` VALUES (13, 6, 13, 'й’ұи¶…', '13800000025', '4еҸ·жҘј1еҚ•е…ғ01е®Ө', 1, 'зү©иө„ж•ҙзҗҶ', '2026-03-23 09:00:00');
INSERT INTO `activity_register` VALUES (14, 7, 14, 'иӨҡдёҪ', '13800000027', '4еҸ·жҘј1еҚ•е…ғ02е®Ө', 1, 'жӨҚж ‘', '2026-03-03 10:00:00');
INSERT INTO `activity_register` VALUES (15, 7, 15, 'еҚ«еі°', '13800000029', '4еҸ·жҘј2еҚ•е…ғ01е®Ө', 1, 'ж ‘иӢ—и®ӨйўҶ', '2026-03-03 11:00:00');

-- ----------------------------
-- Table structure for ai_community_event
-- ----------------------------
DROP TABLE IF EXISTS `ai_community_event`;
CREATE TABLE `ai_community_event`  (
  `id` bigint NOT NULL AUTO_INCREMENT COMMENT 'дё»й”®',
  `event_title` varchar(500) CHARACTER SET utf8mb4 COLLATE utf8mb4_0900_ai_ci NULL DEFAULT '' COMMENT 'дәӢд»¶ж Үйўҳ',
  `event_content` text CHARACTER SET utf8mb4 COLLATE utf8mb4_0900_ai_ci NULL COMMENT 'дәӢд»¶еҶ…е®№',
  `event_type` varchar(64) CHARACTER SET utf8mb4 COLLATE utf8mb4_0900_ai_ci NULL DEFAULT NULL COMMENT 'дәӢд»¶зұ»еһӢ',
  `event_level` varchar(32) CHARACTER SET utf8mb4 COLLATE utf8mb4_0900_ai_ci NULL DEFAULT NULL COMMENT 'дәӢд»¶зә§еҲ«',
  `ai_suggest` text CHARACTER SET utf8mb4 COLLATE utf8mb4_0900_ai_ci NULL COMMENT 'AIе»әи®®',
  `status` char(1) CHARACTER SET utf8mb4 COLLATE utf8mb4_0900_ai_ci NULL DEFAULT '0' COMMENT 'зҠ¶жҖҒ',
  `create_time` datetime NULL DEFAULT NULL COMMENT 'еҲӣе»әж—¶й—ҙ',
  PRIMARY KEY (`id`) USING BTREE
) ENGINE = InnoDB AUTO_INCREMENT = 121 CHARACTER SET = utf8mb4 COLLATE = utf8mb4_0900_ai_ci COMMENT = 'AIзӨҫеҢәдәӢд»¶' ROW_FORMAT = DYNAMIC;


-- ж°ҙиҙ№иҙҰжҲ·иЎЁ
CREATE TABLE IF NOT EXISTS `water_account` (
  `id` bigint(20) NOT NULL AUTO_INCREMENT COMMENT 'дё»й”®ID',
  `user_id` bigint(20) NOT NULL COMMENT 'з”ЁжҲ·ID',
  `balance` decimal(10,2) NOT NULL DEFAULT '0.00' COMMENT 'еҪ“еүҚдҪҷйўқ',
  `water_amount` decimal(10,2) NOT NULL DEFAULT '0.00' COMMENT 'еҸҜз”Ёж°ҙйҮҸ(еҗЁ)',
  `create_time` datetime NOT NULL DEFAULT CURRENT_TIMESTAMP COMMENT 'еҲӣе»әж—¶й—ҙ',
  `update_time` datetime NOT NULL DEFAULT CURRENT_TIMESTAMP ON UPDATE CURRENT_TIMESTAMP COMMENT 'жӣҙж–°ж—¶й—ҙ',
  PRIMARY KEY (`id`),
  UNIQUE KEY `uk_user_id` (`user_id`)
) ENGINE=InnoDB DEFAULT CHARSET=utf8mb4 COMMENT='ж°ҙиҙ№иҙҰжҲ·иЎЁ';

-- еҸҜйҖүпјҡеҲқе§ӢеҢ–дёҖжқЎж°ҙиҙ№иҙҰжҲ·ж•°жҚ®пјҲеҰӮе·ІеӯҳеңЁдјҡиў«еҝҪз•Ҙпјү
INSERT IGNORE INTO `water_account` (`user_id`, `balance`, `water_amount`) VALUES (1, 12.50, 5.00);

-- ж°ҙиҙ№е……еҖји®°еҪ•иЎЁ
CREATE TABLE IF NOT EXISTS `water_recharge_record` (
  `id` bigint(20) NOT NULL AUTO_INCREMENT COMMENT 'дё»й”®ID',
  `user_id` bigint(20) NOT NULL COMMENT 'з”ЁжҲ·ID',
  `amount` decimal(10,2) NOT NULL COMMENT 'е……еҖјйҮ‘йўқ',
  `water_added` decimal(10,2) NOT NULL COMMENT 'еўһеҠ ж°ҙйҮҸ(еҗЁ)',
  `pay_method` varchar(20) NOT NULL COMMENT 'ж”Ҝд»ҳж–№ејҸ(wechat/alipay)',
  `status` tinyint(4) NOT NULL DEFAULT '1' COMMENT 'зҠ¶жҖҒ(0-еҫ…ж”Ҝд»ҳ 1-ж”Ҝд»ҳжҲҗеҠҹ 2-ж”Ҝд»ҳеӨұиҙҘ)',
  `create_time` datetime NOT NULL DEFAULT CURRENT_TIMESTAMP COMMENT 'еҲӣе»әж—¶й—ҙ',
  `update_time` datetime NOT NULL DEFAULT CURRENT_TIMESTAMP ON UPDATE CURRENT_TIMESTAMP COMMENT 'жӣҙж–°ж—¶й—ҙ',
  PRIMARY KEY (`id`),
  KEY `idx_user_id` (`user_id`)
) ENGINE=InnoDB DEFAULT CHARSET=utf8mb4 COMMENT='ж°ҙиҙ№е……еҖји®°еҪ•иЎЁ';

-- з”өиҙ№иҙҰжҲ·иЎЁ
CREATE TABLE IF NOT EXISTS `electricity_account` (
  `id` bigint(20) NOT NULL AUTO_INCREMENT COMMENT 'дё»й”®ID',
  `user_id` bigint(20) NOT NULL COMMENT 'з”ЁжҲ·ID',
  `balance` decimal(10,2) NOT NULL DEFAULT '0.00' COMMENT 'еҪ“еүҚдҪҷйўқ',
  `electricity_amount` decimal(10,2) NOT NULL DEFAULT '0.00' COMMENT 'еҸҜз”Ёз”өйҮҸ(еәҰ)',
  `create_time` datetime NOT NULL DEFAULT CURRENT_TIMESTAMP COMMENT 'еҲӣе»әж—¶й—ҙ',
  `update_time` datetime NOT NULL DEFAULT CURRENT_TIMESTAMP ON UPDATE CURRENT_TIMESTAMP COMMENT 'жӣҙж–°ж—¶й—ҙ',
  PRIMARY KEY (`id`),
  UNIQUE KEY `uk_user_id` (`user_id`)
) ENGINE=InnoDB DEFAULT CHARSET=utf8mb4 COMMENT='з”өиҙ№иҙҰжҲ·иЎЁ';

-- еҲқе§ӢжөӢиҜ•ж•°жҚ®пјҲеҒҮи®ҫжңүдёҖдёӘз”ЁжҲ· user_id = 1пјү
INSERT IGNORE INTO `electricity_account` (`user_id`, `balance`, `electricity_amount`) VALUES (1, 108.40, 200.50);

-- з”өиҙ№е……еҖји®°еҪ•иЎЁ
CREATE TABLE IF NOT EXISTS `electricity_recharge_record` (
  `id` bigint(20) NOT NULL AUTO_INCREMENT COMMENT 'дё»й”®ID',
  `user_id` bigint(20) NOT NULL COMMENT 'з”ЁжҲ·ID',
  `amount` decimal(10,2) NOT NULL COMMENT 'е……еҖјйҮ‘йўқ',
  `electricity_added` decimal(10,2) NOT NULL COMMENT 'еўһеҠ з”өйҮҸ(еәҰ)',
  `pay_method` varchar(20) NOT NULL COMMENT 'ж”Ҝд»ҳж–№ејҸ(wechat/alipay)',
  `status` tinyint(4) NOT NULL DEFAULT '0' COMMENT 'зҠ¶жҖҒ(0-еҫ…ж”Ҝд»ҳ 1-ж”Ҝд»ҳжҲҗеҠҹ 2-ж”Ҝд»ҳеӨұиҙҘ)',
  `create_time` datetime NOT NULL DEFAULT CURRENT_TIMESTAMP COMMENT 'еҲӣе»әж—¶й—ҙ',
  `update_time` datetime NOT NULL DEFAULT CURRENT_TIMESTAMP ON UPDATE CURRENT_TIMESTAMP COMMENT 'жӣҙж–°ж—¶й—ҙ',
  PRIMARY KEY (`id`),
  KEY `idx_user_id` (`user_id`)
) ENGINE=InnoDB DEFAULT CHARSET=utf8mb4 COMMENT='з”өиҙ№е……еҖји®°еҪ•иЎЁ';

-- ----------------------------
-- Records of ai_community_event
-- ----------------------------
INSERT INTO `ai_community_event` VALUES (7, 'AIеҲҶй’ҹзә§еӨ©ж°”йў„жҠҘдёҠзәҝпјҢзІҫеҮҶжңҚеҠЎеёӮж°‘еҮәиЎҢ', 'ж·ұеңіеёӮж°”иұЎеұҖиҒ”еҗҲи…ҫи®Ҝдә‘жҺЁеҮәAIеҲҶй’ҹзә§еӨ©ж°”йў„жҠҘзі»з»ҹпјҢеҸҜе®һзҺ°жңӘжқҘ2е°Ҹж—¶еҶ…йҖҗ10еҲҶй’ҹйҷҚйӣЁйў„жҠҘпјҢеҮҶзЎ®зҺҮи¶…иҝҮ90%гҖӮзі»з»ҹе·ІжҺҘе…ҘеҹҺеёӮдәӨйҖҡгҖҒж°ҙеҠЎзӯүйғЁй—ЁпјҢдёәеёӮж°‘еҮәиЎҢжҸҗдҫӣзІҫеҮҶж°”иұЎжңҚеҠЎгҖӮ', 'еә”з”ЁиҗҪең°', 'дёӯ', 'е»әи®®е…¶д»–еҹҺеёӮеҖҹйүҙж·ұеңіз»ҸйӘҢпјҢжҺЁеҠЁAIеӨ©ж°”йў„жҠҘдёҺеҹҺеёӮжІ»зҗҶж·ұеәҰиһҚеҗҲгҖӮйҮҚзӮ№еҠ ејәжҡҙйӣЁгҖҒеҶ…ж¶қзӯүзҒҫе®іжҖ§еӨ©ж°”зҡ„зІҫз»ҶеҢ–йў„жҠҘиғҪеҠӣпјҢжҸҗеҚҮеёӮж°‘иҺ·еҫ—ж„ҹгҖӮ', '0', '2026-03-30 20:00:49');
INSERT INTO `ai_community_event` VALUES (8, 'AIеӨ©ж°”йў„жҠҘеҮҶзЎ®зҺҮдәүи®®пјҡз”ЁжҲ·иҙЁз–‘й«ҳжё©йў„жҠҘеҒҸдҪҺ', 'иҝ‘жңҹжҢҒз»ӯй«ҳжё©еӨ©ж°”пјҢеӨҡең°з”ЁжҲ·еҸҚйҰҲдё»жөҒеӨ©ж°”Appзҡ„AIйў„жҠҘжё©еәҰдёҺе®һйҷ…дҪ“ж„ҹе·®ејӮиҫғеӨ§пјҢйғЁеҲҶеҹҺеёӮйў„жҠҘжё©еәҰеҒҸдҪҺ3-5в„ғгҖӮж°”иұЎдё“е®¶и§ЈйҮҠз§°пјҢдҪ“ж„ҹжё©еәҰеҸ—ж№ҝеәҰгҖҒйЈҺйҖҹзӯүеӨҡеӣ зҙ еҪұе“ҚпјҢAIжЁЎеһӢйңҖиҝӣдёҖжӯҘдјҳеҢ–гҖӮ', 'з”ЁжҲ·еҸҚйҰҲ', 'дёӯ', 'е»әи®®еӨ©ж°”жңҚеҠЎдјҒдёҡдјҳеҢ–AIйў„жҠҘжЁЎеһӢпјҢеј•е…ҘдҪ“ж„ҹжё©еәҰгҖҒзғӯжҢҮж•°зӯүжҢҮж ҮгҖӮеҗҢж—¶еҠ ејәз”ЁжҲ·жІҹйҖҡпјҢжё…жҷ°еұ•зӨәйў„жҠҘзҡ„дёҚзЎ®е®ҡжҖ§иҢғеӣҙпјҢжҸҗеҚҮз”ЁжҲ·дҪ“йӘҢе’ҢдҝЎд»»еәҰгҖӮ', '0', '2026-03-30 20:00:49');
INSERT INTO `ai_community_event` VALUES (9, 'ж°”иұЎеұҖеҸ‘еёғAIеӨ©ж°”йў„жҠҘжҠҖжңҜзҷҪзҡ®д№Ұ', 'дёӯеӣҪж°”иұЎеұҖжӯЈејҸеҸ‘еёғгҖҠдәәе·ҘжҷәиғҪеӨ©ж°”йў„жҠҘжҠҖжңҜзҷҪзҡ®д№ҰгҖӢпјҢжҸҗеҮәжһ„е»ә\"ж•°еҖјйў„жҠҘ+AI\"иһҚеҗҲзҡ„жҠҖжңҜи·ҜзәҝпјҢжҳҺзЎ®жңӘжқҘ5е№ҙAIеӨ©ж°”йў„жҠҘзҡ„еҸ‘еұ•зӣ®ж Үе’ҢйҮҚзӮ№д»»еҠЎгҖӮиҝҷжҳҜжҲ‘еӣҪйҰ–дёӘAIж°”иұЎйўҶеҹҹзҡ„е®ҳж–№жҠҖжңҜжҢҮеҚ—гҖӮ', 'ж”ҝзӯ–жі•и§„', 'й«ҳ', 'е»әи®®ж°”иұЎзӣёе…ідјҒдёҡе’Ңз ”з©¶жңәжһ„и®ӨзңҹеӯҰд№ зҷҪзҡ®д№ҰеҶ…е®№пјҢжҠҠжҸЎжҠҖжңҜеҸ‘еұ•ж–№еҗ‘гҖӮз§ҜжһҒеҸӮдёҺAIж°”иұЎжҠҖжңҜж ҮеҮҶеҲ¶е®ҡпјҢдәүеҸ–еңЁеӣҪе®¶зә§йЎ№зӣ®дёӯеҸ‘жҢҘжӣҙеӨ§дҪңз”ЁгҖӮ', '0', '2026-03-30 20:00:49');
INSERT INTO `ai_community_event` VALUES (10, 'йҰ–дёӘAIж°”иұЎдё»ж’ӯдә®зӣёеӨ®и§ҶеӨ©ж°”йў„жҠҘ', 'еӨ®и§ҶгҖҠеӨ©ж°”йў„жҠҘгҖӢж Ҹзӣ®еј•е…ҘAIиҷҡжӢҹдё»ж’ӯ\"йЈҺжҷ“\"пјҢеҸҜе®һж—¶з”ҹжҲҗж°”иұЎи§ЈиҜҙи§Ҷйў‘пјҢж”ҜжҢҒеӨҡиҜӯиЁҖж’ӯжҠҘгҖӮAIдё»ж’ӯдёҠеІ—йҰ–е‘Ёж”¶и§ҶзҺҮжҸҗеҚҮ12%пјҢдҪҶйғЁеҲҶи§Ӯдј—и®Өдёәзјәе°‘дәәжғ…е‘іпјҢжңҹеҫ…жҠҖжңҜжҢҒз»ӯж”№иҝӣгҖӮ', 'жҠҖжңҜеҲӣж–°', 'дҪҺ', 'е»әи®®еӘ’дҪ“жңәжһ„жҺўзҙўAIдё»ж’ӯдёҺдј з»ҹдё»жҢҒдәәз»“еҗҲзҡ„ж’ӯжҠҘжЁЎејҸпјҢеңЁдҝқжҢҒдё“дёҡжҖ§зҡ„еҗҢж—¶еўһејәдә’еҠЁжҖ§гҖӮеҸҜй’ҲеҜ№дёҚеҗҢиҠӮзӣ®еңәжҷҜзҒөжҙ»йҖүжӢ©AIжҲ–зңҹдәәж’ӯжҠҘж–№ејҸгҖӮ', '0', '2026-03-30 20:00:49');
INSERT INTO `ai_community_event` VALUES (11, 'AIеӨ©ж°”йў„жҠҘжңҚеҠЎе•Ҷеӣ ж•°жҚ®йҖ еҒҮиў«зәҰи°Ҳ', 'жҹҗе•ҶдёҡеӨ©ж°”Appиў«жӣқдҪҝз”ЁAIз”ҹжҲҗиҷҡеҒҮж°”иұЎж•°жҚ®пјҢеӨёеӨ§йў„жҠҘиғҪеҠӣеҗёеј•д»ҳиҙ№з”ЁжҲ·гҖӮеӣҪе®¶зҪ‘дҝЎеҠһиҒ”еҗҲж°”иұЎйғЁй—Ёе·ІзәҰи°Ҳзӣёе…іиҙҹиҙЈдәәпјҢиҙЈд»ӨдёӢжһ¶иҝқи§„еҠҹиғҪе№¶ж•ҙж”№гҖӮиҜҘдәӢд»¶еј•еҸ‘иЎҢдёҡеҜ№AIеӨ©ж°”йў„жҠҘзңҹе®һжҖ§зҡ„е№ҝжіӣи®Ёи®әгҖӮ', 'еҗҲи§„дәӢд»¶', 'дёҘйҮҚ', 'е»әи®®еӨ©ж°”жңҚеҠЎдјҒдёҡдёҘж јйҒөе®ҲгҖҠж°”иұЎжі•гҖӢе’ҢгҖҠж•°жҚ®е®үе…Ёжі•гҖӢпјҢзЎ®дҝқйў„жҠҘж•°жҚ®зңҹе®һеҮҶзЎ®гҖӮе»әз«ӢеҶ…йғЁж•°жҚ®е®Ўж ёжңәеҲ¶пјҢжқңз»қAIз”ҹжҲҗиҷҡеҒҮдҝЎжҒҜзҡ„иҝқи§„иЎҢдёәгҖӮ', '0', '2026-03-30 20:00:49');
INSERT INTO `ai_community_event` VALUES (12, 'жң¬ең°зӣҙж’ӯдё“дёҡзүҲжңҚеҠЎејӮеёё', 'жң¬ең°зӣҙж’ӯдё“дёҡзүҲжңҚеҠЎдәҺжҠ–йҹіз”ҹжҙ»жңҚеҠЎе•Ҷе®¶дёҺиҫҫдәәпјҢжҸҗдҫӣдёҖз«ҷејҸзӣҙж’ӯи§ЈеҶіж–№жЎҲпјҢзҺ©иҪ¬жң¬ең°зӣҙж’ӯеёҰиҙ§гҖӮеҪ“еүҚеҮәзҺ°зҪ‘з»ңй”ҷиҜҜпјҢиҜ·йҮҚиҜ•гҖӮ', 'notice', 'normal', 'е»әи®®з”ЁжҲ·жЈҖжҹҘзҪ‘з»ңиҝһжҺҘеҗҺйҮҚиҜ•пјҢиӢҘй—®йўҳжҢҒз»ӯпјҢеҸҜиҒ”зі»жҠҖжңҜж”ҜжҢҒжҲ–жҹҘзңӢжңҚеҠЎзҠ¶жҖҒе…¬е‘ҠгҖӮ', '0', NULL);
INSERT INTO `ai_community_event` VALUES (13, 'жң¬ең°зӣҙж’ӯдё“дёҡзүҲжңҚеҠЎејӮеёё', 'жң¬ең°зӣҙж’ӯдё“дёҡзүҲжңҚеҠЎдәҺжҠ–йҹіз”ҹжҙ»жңҚеҠЎе•Ҷе®¶дёҺиҫҫдәәпјҢжҸҗдҫӣдёҖз«ҷејҸзӣҙж’ӯи§ЈеҶіж–№жЎҲпјҢзҺ©иҪ¬жң¬ең°зӣҙж’ӯеёҰиҙ§гҖӮеҪ“еүҚеҮәзҺ°зҪ‘з»ңй”ҷиҜҜпјҢиҜ·йҮҚиҜ•гҖӮ', 'notice', 'normal', 'е»әи®®з”ЁжҲ·жЈҖжҹҘзҪ‘з»ңиҝһжҺҘеҗҺйҮҚиҜ•пјҢиӢҘй—®йўҳжҢҒз»ӯпјҢеҸҜиҒ”зі»жҠҖжңҜж”ҜжҢҒжҲ–жҹҘзңӢжңҚеҠЎзҠ¶жҖҒе…¬е‘ҠгҖӮ', '0', NULL);
INSERT INTO `ai_community_event` VALUES (14, 'жң¬ең°зӣҙж’ӯдё“дёҡзүҲжңҚеҠЎејӮеёё', 'жң¬ең°зӣҙж’ӯдё“дёҡзүҲжңҚеҠЎдәҺжҠ–йҹіз”ҹжҙ»жңҚеҠЎе•Ҷе®¶дёҺиҫҫдәәпјҢжҸҗдҫӣдёҖз«ҷејҸзӣҙж’ӯи§ЈеҶіж–№жЎҲпјҢзҺ©иҪ¬жң¬ең°зӣҙж’ӯеёҰиҙ§гҖӮеҪ“еүҚеҮәзҺ°зҪ‘з»ңй”ҷиҜҜпјҢиҜ·йҮҚиҜ•гҖӮ', 'notice', 'normal', 'е»әи®®з”ЁжҲ·жЈҖжҹҘзҪ‘з»ңиҝһжҺҘеҗҺйҮҚиҜ•пјҢиӢҘй—®йўҳжҢҒз»ӯпјҢеҸҜиҒ”зі»жҠҖжңҜж”ҜжҢҒжҲ–жҹҘзңӢжңҚеҠЎзҠ¶жҖҒе…¬е‘ҠгҖӮ', '0', NULL);
INSERT INTO `ai_community_event` VALUES (15, 'жң¬ең°зӣҙж’ӯдё“дёҡзүҲжңҚеҠЎејӮеёё', 'жң¬ең°зӣҙж’ӯдё“дёҡзүҲжңҚеҠЎдәҺжҠ–йҹіз”ҹжҙ»жңҚеҠЎе•Ҷе®¶дёҺиҫҫдәәпјҢжҸҗдҫӣдёҖз«ҷејҸзӣҙж’ӯи§ЈеҶіж–№жЎҲпјҢзҺ©иҪ¬жң¬ең°зӣҙж’ӯеёҰиҙ§гҖӮеҪ“еүҚеҮәзҺ°зҪ‘з»ңй”ҷиҜҜпјҢиҜ·йҮҚиҜ•гҖӮ', 'notice', 'normal', 'е»әи®®з”ЁжҲ·жЈҖжҹҘзҪ‘з»ңиҝһжҺҘеҗҺйҮҚиҜ•пјҢиӢҘй—®йўҳжҢҒз»ӯпјҢеҸҜиҒ”зі»жҠҖжңҜж”ҜжҢҒжҲ–жҹҘзңӢжңҚеҠЎзҠ¶жҖҒе…¬е‘ҠгҖӮ', '0', NULL);
INSERT INTO `ai_community_event` VALUES (16, 'жң¬ең°зӣҙж’ӯдё“дёҡзүҲжңҚеҠЎејӮеёё', 'жң¬ең°зӣҙж’ӯдё“дёҡзүҲжңҚеҠЎдәҺжҠ–йҹіз”ҹжҙ»жңҚеҠЎе•Ҷе®¶дёҺиҫҫдәәпјҢжҸҗдҫӣдёҖз«ҷејҸзӣҙж’ӯи§ЈеҶіж–№жЎҲпјҢзҺ©иҪ¬жң¬ең°зӣҙж’ӯеёҰиҙ§гҖӮеҪ“еүҚеҮәзҺ°зҪ‘з»ңй”ҷиҜҜпјҢиҜ·йҮҚиҜ•гҖӮ', 'notice', 'normal', 'е»әи®®з”ЁжҲ·жЈҖжҹҘзҪ‘з»ңиҝһжҺҘеҗҺйҮҚиҜ•пјҢиӢҘй—®йўҳжҢҒз»ӯпјҢеҸҜиҒ”зі»жҠҖжңҜж”ҜжҢҒжҲ–жҹҘзңӢжңҚеҠЎзҠ¶жҖҒе…¬е‘ҠгҖӮ', '0', NULL);
INSERT INTO `ai_community_event` VALUES (17, 'жң¬ең°зӣҙж’ӯдё“дёҡзүҲжңҚеҠЎејӮеёё', 'жң¬ең°зӣҙж’ӯдё“дёҡзүҲжңҚеҠЎдәҺжҠ–йҹіз”ҹжҙ»жңҚеҠЎе•Ҷе®¶дёҺиҫҫдәәпјҢжҸҗдҫӣдёҖз«ҷејҸзӣҙж’ӯи§ЈеҶіж–№жЎҲпјҢзҺ©иҪ¬жң¬ең°зӣҙж’ӯеёҰиҙ§гҖӮеҪ“еүҚеҮәзҺ°зҪ‘з»ңй”ҷиҜҜпјҢиҜ·йҮҚиҜ•гҖӮ', 'notice', 'normal', 'е»әи®®з”ЁжҲ·жЈҖжҹҘзҪ‘з»ңиҝһжҺҘеҗҺйҮҚиҜ•пјҢиӢҘй—®йўҳжҢҒз»ӯпјҢеҸҜиҒ”зі»жҠҖжңҜж”ҜжҢҒжҲ–жҹҘзңӢжңҚеҠЎзҠ¶жҖҒе…¬е‘ҠгҖӮ', '0', NULL);
INSERT INTO `ai_community_event` VALUES (18, 'жң¬ең°зӣҙж’ӯдё“дёҡзүҲжңҚеҠЎејӮеёё', 'жң¬ең°зӣҙж’ӯдё“дёҡзүҲжңҚеҠЎдәҺжҠ–йҹіз”ҹжҙ»жңҚеҠЎе•Ҷе®¶дёҺиҫҫдәәпјҢжҸҗдҫӣдёҖз«ҷејҸзӣҙж’ӯи§ЈеҶіж–№жЎҲпјҢзҺ©иҪ¬жң¬ең°зӣҙж’ӯеёҰиҙ§гҖӮеҪ“еүҚеҮәзҺ°зҪ‘з»ңй”ҷиҜҜпјҢиҜ·йҮҚиҜ•гҖӮ', 'notice', 'normal', 'е»әи®®з”ЁжҲ·жЈҖжҹҘзҪ‘з»ңиҝһжҺҘеҗҺйҮҚиҜ•пјҢиӢҘй—®йўҳжҢҒз»ӯпјҢеҸҜиҒ”зі»жҠҖжңҜж”ҜжҢҒжҲ–жҹҘзңӢжңҚеҠЎзҠ¶жҖҒе…¬е‘ҠгҖӮ', '0', NULL);
INSERT INTO `ai_community_event` VALUES (19, 'жң¬ең°зӣҙж’ӯдё“дёҡзүҲжңҚеҠЎејӮеёё', 'жң¬ең°зӣҙж’ӯдё“дёҡзүҲжңҚеҠЎдәҺжҠ–йҹіз”ҹжҙ»жңҚеҠЎе•Ҷе®¶дёҺиҫҫдәәпјҢжҸҗдҫӣдёҖз«ҷејҸзӣҙж’ӯи§ЈеҶіж–№жЎҲпјҢзҺ©иҪ¬жң¬ең°зӣҙж’ӯеёҰиҙ§гҖӮеҪ“еүҚеҮәзҺ°зҪ‘з»ңй”ҷиҜҜпјҢиҜ·йҮҚиҜ•гҖӮ', 'notice', 'normal', 'е»әи®®з”ЁжҲ·жЈҖжҹҘзҪ‘з»ңиҝһжҺҘеҗҺйҮҚиҜ•пјҢиӢҘй—®йўҳжҢҒз»ӯпјҢеҸҜиҒ”зі»жҠҖжңҜж”ҜжҢҒжҲ–жҹҘзңӢжңҚеҠЎзҠ¶жҖҒе…¬е‘ҠгҖӮ', '0', NULL);
INSERT INTO `ai_community_event` VALUES (20, 'жң¬ең°зӣҙж’ӯдё“дёҡзүҲжңҚеҠЎејӮеёё', 'жң¬ең°зӣҙж’ӯдё“дёҡзүҲжңҚеҠЎдәҺжҠ–йҹіз”ҹжҙ»жңҚеҠЎе•Ҷе®¶дёҺиҫҫдәәпјҢжҸҗдҫӣдёҖз«ҷејҸзӣҙж’ӯи§ЈеҶіж–№жЎҲпјҢзҺ©иҪ¬жң¬ең°зӣҙж’ӯеёҰиҙ§гҖӮеҪ“еүҚеҮәзҺ°зҪ‘з»ңй”ҷиҜҜпјҢиҜ·йҮҚиҜ•гҖӮ', 'notice', 'normal', 'е»әи®®з”ЁжҲ·жЈҖжҹҘзҪ‘з»ңиҝһжҺҘеҗҺйҮҚиҜ•пјҢиӢҘй—®йўҳжҢҒз»ӯпјҢеҸҜиҒ”зі»жҠҖжңҜж”ҜжҢҒжҲ–жҹҘзңӢжңҚеҠЎзҠ¶жҖҒе…¬е‘ҠгҖӮ', '0', NULL);
INSERT INTO `ai_community_event` VALUES (21, 'жң¬ең°зӣҙж’ӯдё“дёҡзүҲжңҚеҠЎејӮеёё', 'жң¬ең°зӣҙж’ӯдё“дёҡзүҲжңҚеҠЎдәҺжҠ–йҹіз”ҹжҙ»жңҚеҠЎе•Ҷе®¶дёҺиҫҫдәәпјҢжҸҗдҫӣдёҖз«ҷејҸзӣҙж’ӯи§ЈеҶіж–№жЎҲпјҢзҺ©иҪ¬жң¬ең°зӣҙж’ӯеёҰиҙ§гҖӮеҪ“еүҚеҮәзҺ°зҪ‘з»ңй”ҷиҜҜпјҢиҜ·йҮҚиҜ•гҖӮ', 'notice', 'normal', 'е»әи®®з”ЁжҲ·жЈҖжҹҘзҪ‘з»ңиҝһжҺҘеҗҺйҮҚиҜ•пјҢиӢҘй—®йўҳжҢҒз»ӯпјҢеҸҜиҒ”зі»жҠҖжңҜж”ҜжҢҒжҲ–жҹҘзңӢжңҚеҠЎзҠ¶жҖҒе…¬е‘ҠгҖӮ', '0', NULL);
INSERT INTO `ai_community_event` VALUES (22, 'жң¬ең°зӣҙж’ӯдё“дёҡзүҲжңҚеҠЎејӮеёё', 'жң¬ең°зӣҙж’ӯдё“дёҡзүҲжңҚеҠЎдәҺжҠ–йҹіз”ҹжҙ»жңҚеҠЎе•Ҷе®¶дёҺиҫҫдәәпјҢжҸҗдҫӣдёҖз«ҷејҸзӣҙж’ӯи§ЈеҶіж–№жЎҲпјҢзҺ©иҪ¬жң¬ең°зӣҙж’ӯеёҰиҙ§гҖӮеҪ“еүҚеҮәзҺ°зҪ‘з»ңй”ҷиҜҜпјҢиҜ·йҮҚиҜ•гҖӮ', 'notice', 'normal', 'е»әи®®з”ЁжҲ·жЈҖжҹҘзҪ‘з»ңиҝһжҺҘеҗҺйҮҚиҜ•пјҢиӢҘй—®йўҳжҢҒз»ӯпјҢеҸҜиҒ”зі»жҠҖжңҜж”ҜжҢҒжҲ–жҹҘзңӢжңҚеҠЎзҠ¶жҖҒе…¬е‘ҠгҖӮ', '0', NULL);
INSERT INTO `ai_community_event` VALUES (23, 'жң¬ең°зӣҙж’ӯдё“дёҡзүҲжңҚеҠЎејӮеёё', 'жң¬ең°зӣҙж’ӯдё“дёҡзүҲжңҚеҠЎдәҺжҠ–йҹіз”ҹжҙ»жңҚеҠЎе•Ҷе®¶дёҺиҫҫдәәпјҢжҸҗдҫӣдёҖз«ҷејҸзӣҙж’ӯи§ЈеҶіж–№жЎҲпјҢзҺ©иҪ¬жң¬ең°зӣҙж’ӯеёҰиҙ§гҖӮеҪ“еүҚеҮәзҺ°зҪ‘з»ңй”ҷиҜҜпјҢиҜ·йҮҚиҜ•гҖӮ', 'notice', 'normal', 'е»әи®®з”ЁжҲ·жЈҖжҹҘзҪ‘з»ңиҝһжҺҘеҗҺйҮҚиҜ•пјҢиӢҘй—®йўҳжҢҒз»ӯпјҢеҸҜиҒ”зі»жҠҖжңҜж”ҜжҢҒжҲ–жҹҘзңӢжңҚеҠЎзҠ¶жҖҒе…¬е‘ҠгҖӮ', '0', NULL);
INSERT INTO `ai_community_event` VALUES (24, 'жң¬ең°зӣҙж’ӯдё“дёҡзүҲжңҚеҠЎејӮеёё', 'жң¬ең°зӣҙж’ӯдё“дёҡзүҲжңҚеҠЎдәҺжҠ–йҹіз”ҹжҙ»жңҚеҠЎе•Ҷе®¶дёҺиҫҫдәәпјҢжҸҗдҫӣдёҖз«ҷејҸзӣҙж’ӯи§ЈеҶіж–№жЎҲпјҢзҺ©иҪ¬жң¬ең°зӣҙж’ӯеёҰиҙ§гҖӮеҪ“еүҚеҮәзҺ°зҪ‘з»ңй”ҷиҜҜпјҢиҜ·йҮҚиҜ•гҖӮ', 'notice', 'normal', 'е»әи®®з”ЁжҲ·жЈҖжҹҘзҪ‘з»ңиҝһжҺҘеҗҺйҮҚиҜ•пјҢиӢҘй—®йўҳжҢҒз»ӯпјҢеҸҜиҒ”зі»жҠҖжңҜж”ҜжҢҒжҲ–жҹҘзңӢжңҚеҠЎзҠ¶жҖҒе…¬е‘ҠгҖӮ', '0', NULL);
INSERT INTO `ai_community_event` VALUES (25, 'жң¬ең°зӣҙж’ӯдё“дёҡзүҲжңҚеҠЎејӮеёё', 'жң¬ең°зӣҙж’ӯдё“дёҡзүҲжңҚеҠЎдәҺжҠ–йҹіз”ҹжҙ»жңҚеҠЎе•Ҷе®¶дёҺиҫҫдәәпјҢжҸҗдҫӣдёҖз«ҷејҸзӣҙж’ӯи§ЈеҶіж–№жЎҲпјҢзҺ©иҪ¬жң¬ең°зӣҙж’ӯеёҰиҙ§гҖӮеҪ“еүҚеҮәзҺ°зҪ‘з»ңй”ҷиҜҜпјҢиҜ·йҮҚиҜ•гҖӮ', 'notice', 'normal', 'е»әи®®з”ЁжҲ·жЈҖжҹҘзҪ‘з»ңиҝһжҺҘеҗҺйҮҚиҜ•пјҢиӢҘй—®йўҳжҢҒз»ӯпјҢеҸҜиҒ”зі»жҠҖжңҜж”ҜжҢҒжҲ–жҹҘзңӢжңҚеҠЎзҠ¶жҖҒе…¬е‘ҠгҖӮ', '0', NULL);
INSERT INTO `ai_community_event` VALUES (26, 'жң¬ең°зӣҙж’ӯдё“дёҡзүҲжңҚеҠЎејӮеёё', 'жң¬ең°зӣҙж’ӯдё“дёҡзүҲжңҚеҠЎдәҺжҠ–йҹіз”ҹжҙ»жңҚеҠЎе•Ҷе®¶дёҺиҫҫдәәпјҢжҸҗдҫӣдёҖз«ҷејҸзӣҙж’ӯи§ЈеҶіж–№жЎҲпјҢзҺ©иҪ¬жң¬ең°зӣҙж’ӯеёҰиҙ§гҖӮеҪ“еүҚеҮәзҺ°зҪ‘з»ңй”ҷиҜҜпјҢиҜ·йҮҚиҜ•гҖӮ', 'notice', 'normal', 'е»әи®®з”ЁжҲ·жЈҖжҹҘзҪ‘з»ңиҝһжҺҘеҗҺйҮҚиҜ•пјҢиӢҘй—®йўҳжҢҒз»ӯпјҢеҸҜиҒ”зі»жҠҖжңҜж”ҜжҢҒжҲ–жҹҘзңӢжңҚеҠЎзҠ¶жҖҒе…¬е‘ҠгҖӮ', '0', NULL);
INSERT INTO `ai_community_event` VALUES (27, 'жң¬ең°зӣҙж’ӯдё“дёҡзүҲжңҚеҠЎејӮеёё', 'жң¬ең°зӣҙж’ӯдё“дёҡзүҲжңҚеҠЎдәҺжҠ–йҹіз”ҹжҙ»жңҚеҠЎе•Ҷе®¶дёҺиҫҫдәәпјҢжҸҗдҫӣдёҖз«ҷејҸзӣҙж’ӯи§ЈеҶіж–№жЎҲпјҢзҺ©иҪ¬жң¬ең°зӣҙж’ӯеёҰиҙ§гҖӮеҪ“еүҚеҮәзҺ°зҪ‘з»ңй”ҷиҜҜпјҢиҜ·йҮҚиҜ•гҖӮ', 'notice', 'normal', 'е»әи®®з”ЁжҲ·жЈҖжҹҘзҪ‘з»ңиҝһжҺҘеҗҺйҮҚиҜ•пјҢиӢҘй—®йўҳжҢҒз»ӯпјҢеҸҜиҒ”зі»жҠҖжңҜж”ҜжҢҒжҲ–жҹҘзңӢжңҚеҠЎзҠ¶жҖҒе…¬е‘ҠгҖӮ', '0', NULL);
INSERT INTO `ai_community_event` VALUES (28, 'жң¬ең°зӣҙж’ӯдё“дёҡзүҲжңҚеҠЎејӮеёё', 'жң¬ең°зӣҙж’ӯдё“дёҡзүҲжңҚеҠЎдәҺжҠ–йҹіз”ҹжҙ»жңҚеҠЎе•Ҷе®¶дёҺиҫҫдәәпјҢжҸҗдҫӣдёҖз«ҷејҸзӣҙж’ӯи§ЈеҶіж–№жЎҲпјҢзҺ©иҪ¬жң¬ең°зӣҙж’ӯеёҰиҙ§гҖӮеҪ“еүҚеҮәзҺ°зҪ‘з»ңй”ҷиҜҜпјҢиҜ·йҮҚиҜ•гҖӮ', 'notice', 'normal', 'е»әи®®з”ЁжҲ·жЈҖжҹҘзҪ‘з»ңиҝһжҺҘеҗҺйҮҚиҜ•пјҢиӢҘй—®йўҳжҢҒз»ӯпјҢеҸҜиҒ”зі»жҠҖжңҜж”ҜжҢҒжҲ–жҹҘзңӢжңҚеҠЎзҠ¶жҖҒе…¬е‘ҠгҖӮ', '0', NULL);
INSERT INTO `ai_community_event` VALUES (29, 'жң¬ең°зӣҙж’ӯдё“дёҡзүҲжңҚеҠЎејӮеёё', 'жң¬ең°зӣҙж’ӯдё“дёҡзүҲжңҚеҠЎдәҺжҠ–йҹіз”ҹжҙ»жңҚеҠЎе•Ҷе®¶дёҺиҫҫдәәпјҢжҸҗдҫӣдёҖз«ҷејҸзӣҙж’ӯи§ЈеҶіж–№жЎҲпјҢзҺ©иҪ¬жң¬ең°зӣҙж’ӯеёҰиҙ§гҖӮеҪ“еүҚеҮәзҺ°зҪ‘з»ңй”ҷиҜҜпјҢиҜ·йҮҚиҜ•гҖӮ', 'notice', 'normal', 'е»әи®®з”ЁжҲ·жЈҖжҹҘзҪ‘з»ңиҝһжҺҘеҗҺйҮҚиҜ•пјҢиӢҘй—®йўҳжҢҒз»ӯпјҢеҸҜиҒ”зі»жҠҖжңҜж”ҜжҢҒжҲ–жҹҘзңӢжңҚеҠЎзҠ¶жҖҒе…¬е‘ҠгҖӮ', '0', NULL);
INSERT INTO `ai_community_event` VALUES (30, 'жң¬ең°зӣҙж’ӯдё“дёҡзүҲжңҚеҠЎејӮеёё', 'жң¬ең°зӣҙж’ӯдё“дёҡзүҲжңҚеҠЎдәҺжҠ–йҹіз”ҹжҙ»жңҚеҠЎе•Ҷе®¶дёҺиҫҫдәәпјҢжҸҗдҫӣдёҖз«ҷејҸзӣҙж’ӯи§ЈеҶіж–№жЎҲпјҢзҺ©иҪ¬жң¬ең°зӣҙж’ӯеёҰиҙ§гҖӮеҪ“еүҚеҮәзҺ°зҪ‘з»ңй”ҷиҜҜпјҢиҜ·йҮҚиҜ•гҖӮ', 'notice', 'normal', 'е»әи®®з”ЁжҲ·жЈҖжҹҘзҪ‘з»ңиҝһжҺҘеҗҺйҮҚиҜ•пјҢиӢҘй—®йўҳжҢҒз»ӯпјҢеҸҜиҒ”зі»жҠҖжңҜж”ҜжҢҒжҲ–жҹҘзңӢжңҚеҠЎзҠ¶жҖҒе…¬е‘ҠгҖӮ', '0', NULL);
INSERT INTO `ai_community_event` VALUES (31, 'жң¬ең°зӣҙж’ӯдё“дёҡзүҲжңҚеҠЎејӮеёё', 'жң¬ең°зӣҙж’ӯдё“дёҡзүҲжңҚеҠЎдәҺжҠ–йҹіз”ҹжҙ»жңҚеҠЎе•Ҷе®¶дёҺиҫҫдәәпјҢжҸҗдҫӣдёҖз«ҷејҸзӣҙж’ӯи§ЈеҶіж–№жЎҲпјҢзҺ©иҪ¬жң¬ең°зӣҙж’ӯеёҰиҙ§гҖӮеҪ“еүҚеҮәзҺ°зҪ‘з»ңй”ҷиҜҜпјҢиҜ·йҮҚиҜ•гҖӮ', 'notice', 'normal', 'е»әи®®з”ЁжҲ·жЈҖжҹҘзҪ‘з»ңиҝһжҺҘеҗҺйҮҚиҜ•пјҢиӢҘй—®йўҳжҢҒз»ӯпјҢеҸҜиҒ”зі»жҠҖжңҜж”ҜжҢҒжҲ–жҹҘзңӢжңҚеҠЎзҠ¶жҖҒе…¬е‘ҠгҖӮ', '0', NULL);
INSERT INTO `ai_community_event` VALUES (32, 'жң¬ең°зӣҙж’ӯдё“дёҡзүҲжңҚеҠЎејӮеёё', 'жң¬ең°зӣҙж’ӯдё“дёҡзүҲжңҚеҠЎдәҺжҠ–йҹіз”ҹжҙ»жңҚеҠЎе•Ҷе®¶дёҺиҫҫдәәпјҢжҸҗдҫӣдёҖз«ҷејҸзӣҙж’ӯи§ЈеҶіж–№жЎҲпјҢзҺ©иҪ¬жң¬ең°зӣҙж’ӯеёҰиҙ§гҖӮеҪ“еүҚеҮәзҺ°зҪ‘з»ңй”ҷиҜҜпјҢиҜ·йҮҚиҜ•гҖӮ', 'notice', 'normal', 'е»әи®®з”ЁжҲ·жЈҖжҹҘзҪ‘з»ңиҝһжҺҘеҗҺйҮҚиҜ•пјҢиӢҘй—®йўҳжҢҒз»ӯпјҢеҸҜиҒ”зі»жҠҖжңҜж”ҜжҢҒжҲ–жҹҘзңӢжңҚеҠЎзҠ¶жҖҒе…¬е‘ҠгҖӮ', '0', NULL);
INSERT INTO `ai_community_event` VALUES (33, 'жң¬ең°зӣҙж’ӯдё“дёҡзүҲжңҚеҠЎејӮеёё', 'жң¬ең°зӣҙж’ӯдё“дёҡзүҲжңҚеҠЎдәҺжҠ–йҹіз”ҹжҙ»жңҚеҠЎе•Ҷе®¶дёҺиҫҫдәәпјҢжҸҗдҫӣдёҖз«ҷејҸзӣҙж’ӯи§ЈеҶіж–№жЎҲпјҢзҺ©иҪ¬жң¬ең°зӣҙж’ӯеёҰиҙ§гҖӮеҪ“еүҚеҮәзҺ°зҪ‘з»ңй”ҷиҜҜпјҢиҜ·йҮҚиҜ•гҖӮ', 'notice', 'normal', 'е»әи®®з”ЁжҲ·жЈҖжҹҘзҪ‘з»ңиҝһжҺҘеҗҺйҮҚиҜ•пјҢиӢҘй—®йўҳжҢҒз»ӯпјҢеҸҜиҒ”зі»жҠҖжңҜж”ҜжҢҒжҲ–жҹҘзңӢжңҚеҠЎзҠ¶жҖҒе…¬е‘ҠгҖӮ', '0', NULL);
INSERT INTO `ai_community_event` VALUES (34, 'жң¬ең°зӣҙж’ӯдё“дёҡзүҲжңҚеҠЎејӮеёё', 'жң¬ең°зӣҙж’ӯдё“дёҡзүҲжңҚеҠЎдәҺжҠ–йҹіз”ҹжҙ»жңҚеҠЎе•Ҷе®¶дёҺиҫҫдәәпјҢжҸҗдҫӣдёҖз«ҷејҸзӣҙж’ӯи§ЈеҶіж–№жЎҲпјҢзҺ©иҪ¬жң¬ең°зӣҙж’ӯеёҰиҙ§гҖӮеҪ“еүҚеҮәзҺ°зҪ‘з»ңй”ҷиҜҜпјҢиҜ·йҮҚиҜ•гҖӮ', 'notice', 'normal', 'е»әи®®з”ЁжҲ·жЈҖжҹҘзҪ‘з»ңиҝһжҺҘеҗҺйҮҚиҜ•пјҢиӢҘй—®йўҳжҢҒз»ӯпјҢеҸҜиҒ”зі»жҠҖжңҜж”ҜжҢҒжҲ–жҹҘзңӢжңҚеҠЎзҠ¶жҖҒе…¬е‘ҠгҖӮ', '0', NULL);
INSERT INTO `ai_community_event` VALUES (35, 'жң¬ең°зӣҙж’ӯдё“дёҡзүҲжңҚеҠЎејӮеёё', 'жң¬ең°зӣҙж’ӯдё“дёҡзүҲжңҚеҠЎдәҺжҠ–йҹіз”ҹжҙ»жңҚеҠЎе•Ҷе®¶дёҺиҫҫдәәпјҢжҸҗдҫӣдёҖз«ҷејҸзӣҙж’ӯи§ЈеҶіж–№жЎҲпјҢзҺ©иҪ¬жң¬ең°зӣҙж’ӯеёҰиҙ§гҖӮеҪ“еүҚеҮәзҺ°зҪ‘з»ңй”ҷиҜҜпјҢиҜ·йҮҚиҜ•гҖӮ', 'notice', 'normal', 'е»әи®®з”ЁжҲ·жЈҖжҹҘзҪ‘з»ңиҝһжҺҘеҗҺйҮҚиҜ•пјҢиӢҘй—®йўҳжҢҒз»ӯпјҢеҸҜиҒ”зі»жҠҖжңҜж”ҜжҢҒжҲ–жҹҘзңӢжңҚеҠЎзҠ¶жҖҒе…¬е‘ҠгҖӮ', '0', NULL);
INSERT INTO `ai_community_event` VALUES (36, 'жң¬ең°зӣҙж’ӯдё“дёҡзүҲжңҚеҠЎејӮеёё', 'жң¬ең°зӣҙж’ӯдё“дёҡзүҲжңҚеҠЎдәҺжҠ–йҹіз”ҹжҙ»жңҚеҠЎе•Ҷе®¶дёҺиҫҫдәәпјҢжҸҗдҫӣдёҖз«ҷејҸзӣҙж’ӯи§ЈеҶіж–№жЎҲпјҢзҺ©иҪ¬жң¬ең°зӣҙж’ӯеёҰиҙ§гҖӮеҪ“еүҚеҮәзҺ°зҪ‘з»ңй”ҷиҜҜпјҢиҜ·йҮҚиҜ•гҖӮ', 'notice', 'normal', 'е»әи®®з”ЁжҲ·жЈҖжҹҘзҪ‘з»ңиҝһжҺҘеҗҺйҮҚиҜ•пјҢиӢҘй—®йўҳжҢҒз»ӯпјҢеҸҜиҒ”зі»жҠҖжңҜж”ҜжҢҒжҲ–жҹҘзңӢжңҚеҠЎзҠ¶жҖҒе…¬е‘ҠгҖӮ', '0', NULL);
INSERT INTO `ai_community_event` VALUES (37, 'еӨҡе№іеҸ°жң¬ең°ж“ҚдҪңжҢҮеҚ—жұҮжҖ»', 'еҶ…е®№еҢ…еҗ«еӨҡдёӘдёҚеҗҢе№іеҸ°е’ҢиҪҜд»¶зҡ„жң¬ең°ж“ҚдҪңжҢҮеҚ—пјҢж¶үеҸҠпјҡ1. дјҒдёҡжң¬ең°жңҚеҠЎеҷЁйғЁзҪІ700дәҝеҸӮж•°д»ҘдёҠеӨ§жЁЎеһӢзҡ„иҜҙжҳҺпјӣ2. Windows 10/11 жү“ејҖжң¬ең°з»„зӯ–з•Ҙзј–иҫ‘еҷЁзҡ„ж–№жі•пјӣ3. и®Ўз®—жңәз®ЎзҗҶдёӯж·»еҠ жң¬ең°з”ЁжҲ·е’Ңз»„зҡ„жӯҘйӘӨпјӣ4. жұҪж°ҙйҹід№җеҜје…Ҙжң¬ең°йҹід№җзҡ„жөҒзЁӢпјӣ5. зҪ‘жҳ“дә‘йҹід№җдёәжң¬ең°йҹід№җй…ҚжӯҢиҜҚзҡ„ж–№жі•пјӣ6. иҺ·еҸ–жң¬ең°еӣҫзүҮURLең°еқҖзҡ„иҜҙжҳҺпјӣ7. WeGameжЈҖжөӢжң¬ең°жёёжҲҸзҡ„и®ҫзҪ®жӯҘйӘӨпјӣ8. wallpaperеЈҒзәёдҝқеӯҳеҲ°жң¬ең°зҡ„ж“ҚдҪңпјӣ9. йҮ‘еұұж–ҮжЎЈеңЁзәҝж–ҮжЎЈдҝқеӯҳеҲ°жң¬ең°зҡ„ж–№жі•гҖӮж—¶й—ҙи·ЁеәҰд»Һ2023е№ҙ5жңҲеҲ°2025е№ҙ12жңҲгҖӮ', 'notice', 'normal', 'иҜҘеҶ…е®№дёәеӨҡдёӘдёҚеҗҢдё»йўҳзҡ„жң¬ең°ж“ҚдҪңжҢҮеҚ—еҗҲйӣҶпјҢдҝЎжҒҜиҫғдёәйӣ¶ж•Јдё”ж—¶й—ҙи·ЁеәҰеӨ§гҖӮе»әи®®пјҡ1. жҢүдёҚеҗҢиҪҜд»¶/е№іеҸ°еҜ№еҶ…е®№иҝӣиЎҢеҲҶзұ»ж•ҙзҗҶпјӣ2. ж ёе®һеҗ„ж“ҚдҪңжӯҘйӘӨеңЁеҪ“еүҚзүҲжң¬иҪҜд»¶дёӯзҡ„жңүж•ҲжҖ§пјӣ3. еҸҜиҖғиҷ‘жӢҶеҲҶдёәеӨҡдёӘзӢ¬з«Ӣзҡ„жҢҮеҚ—ж–ҮжЎЈпјҢж–№дҫҝз”ЁжҲ·жҢүйңҖжҹҘйҳ…пјӣ4. еҜ№дәҺжҠҖжңҜжҖ§иҫғејәзҡ„еҶ…е®№пјҲеҰӮеӨ§жЁЎеһӢйғЁзҪІпјүпјҢе»әи®®жҸҗдҫӣжӣҙиҜҰз»Ҷзҡ„жҠҖжңҜж–ҮжЎЈй“ҫжҺҘжҲ–дё“дёҡж”ҜжҢҒжё йҒ“гҖӮ', '0', NULL);
INSERT INTO `ai_community_event` VALUES (38, 'еӨҡе№іеҸ°жң¬ең°ж“ҚдҪңжҢҮеҚ—жұҮжҖ»', 'еҶ…е®№еҢ…еҗ«еӨҡдёӘдёҚеҗҢе№іеҸ°е’ҢиҪҜд»¶зҡ„жң¬ең°ж“ҚдҪңжҢҮеҚ—пјҢж¶үеҸҠпјҡ1. дјҒдёҡжң¬ең°жңҚеҠЎеҷЁйғЁзҪІ700дәҝеҸӮж•°д»ҘдёҠеӨ§жЁЎеһӢзҡ„иҜҙжҳҺпјӣ2. Windows 10/11жү“ејҖжң¬ең°з»„зӯ–з•Ҙзј–иҫ‘еҷЁзҡ„ж–№жі•пјӣ3. и®Ўз®—жңәз®ЎзҗҶдёӯж·»еҠ жң¬ең°з”ЁжҲ·е’Ңз»„зҡ„жӯҘйӘӨпјӣ4. жұҪж°ҙйҹід№җеҜје…Ҙжң¬ең°йҹід№җзҡ„жөҒзЁӢпјӣ5. зҪ‘жҳ“дә‘йҹід№җдёәжң¬ең°йҹід№җй…ҚжӯҢиҜҚзҡ„ж–№жі•пјӣ6. иҺ·еҸ–жң¬ең°еӣҫзүҮURLең°еқҖзҡ„иҜҙжҳҺпјӣ7. WeGameжЈҖжөӢжң¬ең°жёёжҲҸзҡ„и®ҫзҪ®жӯҘйӘӨпјӣ8. wallpaperеЈҒзәёдҝқеӯҳеҲ°жң¬ең°зҡ„ж“ҚдҪңпјӣ9. йҮ‘еұұж–ҮжЎЈеңЁзәҝж–ҮжЎЈдҝқеӯҳеҲ°жң¬ең°зҡ„ж–№жі•гҖӮж—¶й—ҙи·ЁеәҰд»Һ2023е№ҙиҮі2025е№ҙгҖӮ', 'notice', 'normal', 'иҜҘеҶ…е®№дёәеӨҡдёӘдёҚеҗҢдё»йўҳзҡ„жң¬ең°ж“ҚдҪңжҢҮеҚ—еҗҲйӣҶпјҢдҝЎжҒҜиҫғдёәйӣ¶ж•ЈдҪҶе…·жңүе®һз”ЁжҖ§гҖӮе»әи®®пјҡ1. жҢүе№іеҸ°жҲ–иҪҜд»¶зұ»еһӢеҜ№еҶ…е®№иҝӣиЎҢеҲҶзұ»ж•ҙзҗҶпјӣ2. еҸҜиҖғиҷ‘жӢҶеҲҶдёәеӨҡдёӘзӢ¬з«Ӣзҡ„йҖҡзҹҘжҲ–жҢҮеҚ—ж–ҮжЎЈпјӣ3. еҜ№ж—¶й—ҙж•Ҹж„ҹзҡ„ж“ҚдҪңжӯҘйӘӨпјҲеҰӮзі»з»ҹзӣёе…іж“ҚдҪңпјүйңҖжіЁжҳҺйҖӮз”ЁзүҲжң¬пјӣ4. еҸҜж·»еҠ зӣ®еҪ•жҲ–зҙўеј•ж–№дҫҝз”ЁжҲ·жҹҘжүҫзү№е®ҡеҶ…е®№гҖӮ', '0', NULL);
INSERT INTO `ai_community_event` VALUES (39, 'еӨҡе№іеҸ°жң¬ең°ж“ҚдҪңжҢҮеҚ—жұҮжҖ»', 'еҶ…е®№еҢ…еҗ«еӨҡдёӘдёҚеҗҢе№іеҸ°е’ҢиҪҜд»¶зҡ„жң¬ең°ж“ҚдҪңжҢҮеҚ—пјҢж¶үеҸҠпјҡ1. дјҒдёҡжң¬ең°жңҚеҠЎеҷЁйғЁзҪІ700дәҝеҸӮж•°д»ҘдёҠеӨ§жЁЎеһӢзҡ„иҜҙжҳҺпјӣ2. Windows 10/11жү“ејҖжң¬ең°з»„зӯ–з•Ҙзј–иҫ‘еҷЁзҡ„ж–№жі•пјӣ3. и®Ўз®—жңәз®ЎзҗҶдёӯж·»еҠ жң¬ең°з”ЁжҲ·е’Ңз»„зҡ„жӯҘйӘӨпјӣ4. жұҪж°ҙйҹід№җеҜје…Ҙжң¬ең°йҹід№җзҡ„жөҒзЁӢпјӣ5. зҪ‘жҳ“дә‘йҹід№җдёәжң¬ең°йҹід№җж·»еҠ жӯҢиҜҚзҡ„ж–№жі•пјӣ6. иҺ·еҸ–жң¬ең°еӣҫзүҮURLең°еқҖзҡ„иҜҙжҳҺпјӣ7. WeGameжЈҖжөӢжң¬ең°жёёжҲҸзҡ„и®ҫзҪ®жӯҘйӘӨпјӣ8. wallpaperеЈҒзәёдҝқеӯҳеҲ°жң¬ең°зҡ„ж“ҚдҪңпјӣ9. йҮ‘еұұж–ҮжЎЈеңЁзәҝж–ҮжЎЈдҝқеӯҳеҲ°жң¬ең°зҡ„ж–№жі•гҖӮж—¶й—ҙи·ЁеәҰд»Һ2023е№ҙ5жңҲеҲ°2025е№ҙ12жңҲгҖӮ', 'notice', 'normal', 'иҜҘеҶ…е®№дёәеӨҡдёӘдёҚеҗҢж—¶й—ҙгҖҒдёҚеҗҢдё»йўҳзҡ„жң¬ең°ж“ҚдҪңжҢҮеҚ—зҡ„йӣҶеҗҲпјҢдҝЎжҒҜиҫғдёәйӣ¶ж•ЈдҪҶе…·жңүе®һз”ЁжҖ§гҖӮе»әи®®пјҡ1. жҢүдёҚеҗҢиҪҜд»¶/е№іеҸ°еҜ№еҶ…е®№иҝӣиЎҢеҲҶзұ»ж•ҙзҗҶпјҢеҪўжҲҗз»“жһ„еҢ–зҹҘиҜҶеә“пјӣ2. еҜ№ж—¶й—ҙиҫғд№…иҝңзҡ„еҶ…е®№пјҲеҰӮ2023е№ҙпјүиҝӣиЎҢж—¶ж•ҲжҖ§йӘҢиҜҒпјӣ3. еҸҜиҖғиҷ‘жӢҶеҲҶдёәеӨҡдёӘзӢ¬з«ӢйҖҡзҹҘпјҢжҢүдё»йўҳеҲҶеҲ«еҸ‘еёғпјҢдҫҝдәҺз”ЁжҲ·жҹҘжүҫжүҖйңҖдҝЎжҒҜгҖӮ', '0', NULL);
INSERT INTO `ai_community_event` VALUES (40, 'еӨҡе№іеҸ°жң¬ең°ж“ҚдҪңжҢҮеҚ—жұҮжҖ»', 'еҶ…е®№еҢ…еҗ«еӨҡдёӘдёҚеҗҢе№іеҸ°е’ҢиҪҜд»¶зҡ„жң¬ең°ж“ҚдҪңжҢҮеҚ—пјҢж¶үеҸҠпјҡ1. дјҒдёҡжң¬ең°жңҚеҠЎеҷЁйғЁзҪІ700дәҝеҸӮж•°д»ҘдёҠеӨ§жЁЎеһӢзҡ„иҜҙжҳҺпјӣ2. Windows 10/11 жү“ејҖжң¬ең°з»„зӯ–з•Ҙзј–иҫ‘еҷЁзҡ„ж–№жі•пјӣ3. и®Ўз®—жңәз®ЎзҗҶдёӯж·»еҠ жң¬ең°з”ЁжҲ·е’Ңз»„зҡ„жӯҘйӘӨпјӣ4. жұҪж°ҙйҹід№җеҜје…Ҙжң¬ең°йҹід№җзҡ„жөҒзЁӢпјӣ5. зҪ‘жҳ“дә‘йҹід№җдёәжң¬ең°йҹід№җй…ҚжӯҢиҜҚзҡ„ж–№жі•пјӣ6. иҺ·еҸ–жң¬ең°еӣҫзүҮURLең°еқҖзҡ„иҜҙжҳҺпјӣ7. WeGameжЈҖжөӢжң¬ең°жёёжҲҸзҡ„и®ҫзҪ®жӯҘйӘӨпјӣ8. wallpaperеЈҒзәёдҝқеӯҳеҲ°жң¬ең°зҡ„ж“ҚдҪңпјӣ9. йҮ‘еұұж–ҮжЎЈеңЁзәҝж–ҮжЎЈдҝқеӯҳеҲ°жң¬ең°зҡ„ж–№жі•гҖӮж—¶й—ҙи·ЁеәҰд»Һ2023е№ҙ5жңҲеҲ°2025е№ҙ12жңҲгҖӮ', 'notice', 'normal', 'иҜҘеҶ…е®№дёәеӨҡдёӘдёҚеҗҢдё»йўҳзҡ„жң¬ең°ж“ҚдҪңжҢҮеҚ—еҗҲйӣҶпјҢдҝЎжҒҜиҫғдёәйӣ¶ж•Јдё”ж— жҳҺзЎ®з»ҹдёҖдё»йўҳгҖӮе»әи®®пјҡ1. иӢҘз”ЁдәҺзҹҘиҜҶеә“пјҢеҸҜжҢүиҪҜд»¶/е№іеҸ°еҲҶзұ»ж•ҙзҗҶдёәзӢ¬з«ӢжқЎзӣ®пјӣ2. иӢҘйңҖеҸ‘еёғпјҢе»әи®®жӢҶеҲҶжҲ–жҢүдё»йўҳйҮҚж–°з»„з»ҮпјҢйҒҝе…ҚдҝЎжҒҜж··жқӮпјӣ3. жіЁж„ҸйғЁеҲҶеҶ…е®№ж—¶й—ҙиҫғд№…пјҲеҰӮ2023е№ҙпјүпјҢйңҖж ёе®һеҪ“еүҚзүҲжң¬жҳҜеҗҰд»ҚйҖӮз”Ёпјӣ4. еҸҜиЎҘе……ж“ҚдҪңзҡ„йЈҺйҷ©жҸҗзӨәжҲ–еүҚжҸҗжқЎд»¶иҜҙжҳҺгҖӮ', '0', NULL);
INSERT INTO `ai_community_event` VALUES (41, 'жң¬ең°йғЁзҪІдёҺжң¬ең°иҙҰжҲ·зӣёе…іжҠҖжңҜи®Ёи®ә', 'еҶ…е®№еҢ…еҗ«еӨҡдёӘж—¶й—ҙзӮ№зҡ„жҠҖжңҜи®Ёи®әзүҮж®өпјҡ1. и®Ёи®әжң¬ең°йғЁзҪІеӨ§жЁЎеһӢпјҲеҰӮ700дәҝеҸӮж•°д»ҘдёҠпјүдёҺйҮҸеҢ–зүҲжң¬пјҲеҰӮ14b Q4пјүзҡ„жҖ§иғҪе·®и·қпјҢжҢҮеҮәдјҒдёҡзә§жң¬ең°йғЁзҪІдёҺдёӘдәәз”өи„‘иҝҗиЎҢе°ҸеҸӮж•°жЁЎеһӢзҡ„еҢәеҲ«пјӣ2. и§ЈйҮҠвҖңжң¬ең°вҖқдёҺвҖңеҪ“ең°вҖқзҡ„иҜҚиҜӯеҢәеҲ«пјӣ3. жҸҗдҫӣWindowsзі»з»ҹдёӯжү“ејҖжң¬ең°з»„зӯ–з•Ҙзј–иҫ‘еҷЁгҖҒжҺ§еҲ¶йқўжқҝгҖҒжң¬ең°з”ЁжҲ·е’Ңз»„з®ЎзҗҶгҖҒеҲҮжҚўжң¬ең°иҙҰжҲ·дёҺеҫ®иҪҜиҙҰжҲ·зҡ„еӨҡз§Қж“ҚдҪңж–№жі•пјӣ4. жҺЁиҚҗжүӢжңәжң¬ең°йҳ…иҜ»AppпјҲеҰӮiOSзүҲеұұдёҳйҳ…иҜ»еҷЁпјүгҖӮ', 'notice', 'normal', 'иҜҘеҶ…е®№дёәжҠҖжңҜи®Ёи®әдёҺж“ҚдҪңжҢҮеҚ—зҡ„ж··еҗҲдҝЎжҒҜпјҢе»әи®®еҲҶзұ»ж•ҙзҗҶдёәжҠҖжңҜзҹҘиҜҶеә“жқЎзӣ®пјҢжҲ–жҢүдё»йўҳпјҲеҰӮвҖңзі»з»ҹз®ЎзҗҶвҖқвҖңAIйғЁзҪІвҖқвҖңиҪҜд»¶жҺЁиҚҗвҖқпјүжӢҶеҲҶеҗҺеҪ’жЎЈпјҢдҫҝдәҺз”ЁжҲ·й’ҲеҜ№жҖ§жҹҘйҳ…гҖӮ', '0', NULL);
INSERT INTO `ai_community_event` VALUES (42, 'жң¬ең°йғЁзҪІдёҺжң¬ең°иҙҰжҲ·зӣёе…іжҠҖжңҜи®Ёи®ә', 'еҶ…е®№еҢ…еҗ«еӨҡдёӘж—¶й—ҙзӮ№зҡ„жҠҖжңҜи®Ёи®әзүҮж®өпјҡ1. и®Ёи®әжң¬ең°йғЁзҪІеӨ§жЁЎеһӢпјҲеҰӮ700дәҝеҸӮж•°пјүдёҺйҮҸеҢ–зүҲжң¬пјҲеҰӮ14b Q4пјүзҡ„жҖ§иғҪе·®и·қпјӣ2. и§ЈйҮҠвҖңжң¬ең°вҖқдёҺвҖңеҪ“ең°вҖқзҡ„иҜҚиҜӯеҢәеҲ«пјӣ3. еӨҡдёӘж—¶й—ҙзӮ№пјҲ2025е№ҙгҖҒ2024е№ҙгҖҒ2023е№ҙзӯүпјүе…ідәҺWindowsзі»з»ҹжү“ејҖжң¬ең°з»„зӯ–з•Ҙзј–иҫ‘еҷЁгҖҒжң¬ең°з”ЁжҲ·е’Ңз»„з®ЎзҗҶгҖҒWin11еҲҮжҚўжң¬ең°иҙҰжҲ·зҡ„ж“ҚдҪңж–№жі•пјӣ4. жҺЁиҚҗжүӢжңәжң¬ең°йҳ…иҜ»AppпјҲеҰӮеұұдёҳйҳ…иҜ»еҷЁпјүгҖӮеҶ…е®№дёәжҠҖжңҜи®Ёи®әдёҺж“ҚдҪңжҢҮеҚ—зҡ„ж··еҗҲгҖӮ', 'notice', 'normal', 'еҶ…е®№дёәжҠҖжңҜи®Ёи®әеҗҲйӣҶпјҢж— зҙ§жҖҘжҲ–е®үе…ЁйЈҺйҷ©гҖӮе»әи®®пјҡ1. жҢүдё»йўҳпјҲеҰӮвҖңжң¬ең°йғЁзҪІжҠҖжңҜвҖқвҖңWindowsжң¬ең°иҙҰжҲ·з®ЎзҗҶвҖқпјүжӢҶеҲҶеҶ…е®№пјҢдҫҝдәҺеҲҶзұ»жҹҘйҳ…пјӣ2. еҸҜиЎҘе……еҪ“еүҚзі»з»ҹзүҲжң¬зҡ„ж“ҚдҪңжӣҙж–°иҜҙжҳҺпјӣ3. жҠҖжңҜи®Ёи®әйғЁеҲҶеҸҜж ҮжіЁж—¶ж•ҲжҖ§пјҢйғЁеҲҶж“ҚдҪңеҸҜиғҪйҡҸзі»з»ҹжӣҙж–°еҸҳеҢ–гҖӮ', '0', NULL);
INSERT INTO `ai_community_event` VALUES (43, 'жң¬ең°йғЁзҪІдёҺжң¬ең°жҰӮеҝөзӣёе…іи®Ёи®ә', 'еҶ…е®№еҢ…еҗ«еӨҡдёӘе…ідәҺвҖңжң¬ең°вҖқдёҚеҗҢеҗ«д№үзҡ„зүҮж®өпјҡ1. и®Ёи®әжң¬ең°йғЁзҪІеӨ§жЁЎеһӢпјҲеҰӮ700дәҝеҸӮж•°пјүдёҺе®ҳзҪ‘зүҲжң¬зҡ„жҖ§иғҪе·®и·қеҸҠжҲҗжң¬е·®ејӮпјӣ2. и§ЈйҮҠвҖңжң¬ең°вҖқдёҺвҖңеҪ“ең°вҖқзҡ„иҜҚиҜӯеҢәеҲ«пјӣ3. еӨҡдёӘж—¶й—ҙзӮ№пјҲ2021-2025е№ҙпјүе…ідәҺWindowsзі»з»ҹжү“ејҖжң¬ең°з»„зӯ–з•Ҙзј–иҫ‘еҷЁгҖҒжң¬ең°з”ЁжҲ·е’Ңз»„гҖҒеҲҮжҚўжң¬ең°иҙҰжҲ·зҡ„ж“ҚдҪңжҢҮеҚ—пјӣ4. жҺЁиҚҗжүӢжңәжң¬ең°йҳ…иҜ»AppгҖӮеҶ…е®№дёәж··еҗҲдҝЎжҒҜзүҮж®өпјҢж— жҳҺжҳҫдәӢд»¶жҸҸиҝ°гҖӮ', 'notice', 'normal', 'еҶ…е®№дёәдҝЎжҒҜжұҮзј–пјҢж— зҙ§жҖҘжҲ–е®үе…ЁйЈҺйҷ©гҖӮе»әи®®пјҡ1. иӢҘйңҖеҸ‘еёғпјҢеҸҜеҲҶзұ»ж•ҙзҗҶдёәжҠҖжңҜжҢҮеҚ—гҖҒиҜҚиҜӯи§ЈжһҗзӯүзӢ¬з«Ӣжқҝеқ—пјӣ2. жіЁж„ҸдҝЎжҒҜж—¶ж•ҲжҖ§пјҢйғЁеҲҶж“ҚдҪңжҢҮеҚ—еҸҜиғҪйҡҸзі»з»ҹжӣҙж–°еҸҳеҢ–пјӣ3. еҸҜиЎҘе……жқҘжәҗж ҮжіЁд»ҘжҸҗй«ҳеҸҜдҝЎеәҰгҖӮ', '0', NULL);
INSERT INTO `ai_community_event` VALUES (44, 'жң¬ең°йғЁзҪІдёҺжң¬ең°иҙҰжҲ·зӣёе…іжҠҖжңҜи®Ёи®ә', 'еҶ…е®№еҢ…еҗ«еӨҡдёӘе…ідәҺвҖңжң¬ең°вҖқжҰӮеҝөзҡ„жҠҖжңҜи®Ёи®әзүҮж®өпјҡ1. еӨ§жЁЎеһӢжң¬ең°йғЁзҪІзҡ„жҲҗжң¬дёҺжҖ§иғҪе·®ејӮпјҲж»ЎиЎҖзүҲдёҺйҮҸеҢ–зүҲеҜ№жҜ”пјүпјӣ2. вҖңжң¬ең°вҖқдёҺвҖңеҪ“ең°вҖқзҡ„иҜҚиҜӯеҢәеҲ«и§ЈйҮҠпјӣ3. Windowsзі»з»ҹдёӯжү“ејҖжң¬ең°з»„зӯ–з•Ҙзј–иҫ‘еҷЁгҖҒжң¬ең°з”ЁжҲ·е’Ңз»„з®ЎзҗҶгҖҒеҲҮжҚўжң¬ең°иҙҰжҲ·зӯүеӨҡз§Қж“ҚдҪңжҢҮеҚ—пјӣ4. жүӢжңәжң¬ең°йҳ…иҜ»AppжҺЁиҚҗгҖӮеҶ…е®№з”ұеӨҡдёӘдёҚеҗҢж—¶й—ҙзӮ№зҡ„зӢ¬з«Ӣж–Үжң¬зүҮж®өжӢјжҺҘиҖҢжҲҗпјҢж¶үеҸҠдәәе·ҘжҷәиғҪйғЁзҪІгҖҒзі»з»ҹз®ЎзҗҶгҖҒиҜҚиҜӯиҫЁжһҗгҖҒиҪҜд»¶еә”з”ЁзӯүеӨҡдёӘйўҶеҹҹгҖӮ', 'notice', 'normal', 'иҜҘеҶ…е®№дёәдҝЎжҒҜиҒҡеҗҲпјҢйқһеҚ•дёҖдәӢд»¶гҖӮе»әи®®пјҡ1. иӢҘз”ЁдәҺзҹҘиҜҶеҲҶдә«жҲ–жҠҖжңҜи®Ёи®әпјҢеҸҜжҢүдё»йўҳпјҲеҰӮвҖңзі»з»ҹз®ЎзҗҶвҖқгҖҒвҖңAIйғЁзҪІвҖқпјүжӢҶеҲҶе№¶еҲҶзұ»ж•ҙзҗҶпјҢжҸҗеҚҮеҸҜиҜ»жҖ§гҖӮ2. жіЁж„ҸеҶ…е®№дёӯж—¶й—ҙзӮ№и·ЁеәҰиҫғеӨ§пјҲ2020-2025е№ҙпјүпјҢйғЁеҲҶзі»з»ҹж“ҚдҪңжӯҘйӘӨеҸҜиғҪйҡҸзүҲжң¬жӣҙж–°иҖҢеҸҳеҢ–пјҢеј•з”Ёж—¶йңҖж ёе®һж—¶ж•ҲжҖ§гҖӮ3. еҸҜиЎҘе……иҜҙжҳҺвҖңжң¬ең°йғЁзҪІвҖқеңЁAIйўҶеҹҹдёҺITзі»з»ҹз®ЎзҗҶдёӯзҡ„дёҚеҗҢиҜӯеўғеҗ«д№үпјҢйҒҝе…Қж··ж·ҶгҖӮ', '0', NULL);
INSERT INTO `ai_community_event` VALUES (45, 'жң¬ең°йғЁзҪІдёҺжң¬ең°иҙҰжҲ·зӣёе…іжҠҖжңҜи®Ёи®ә', 'еҶ…е®№еҢ…еҗ«еӨҡдёӘе…ідәҺвҖңжң¬ең°вҖқжҰӮеҝөзҡ„жҠҖжңҜи®Ёи®әзүҮж®өпјҡ1. жң¬ең°йғЁзҪІеӨ§жЁЎеһӢзҡ„жҲҗжң¬дёҺжҖ§иғҪе·®ејӮпјҲж»ЎиЎҖзүҲдёҺйҮҸеҢ–зүҲеҜ№жҜ”пјүпјӣ2. жң¬ең°дёҺеҪ“ең°иҜҚиҜӯеҢәеҲ«зҡ„йҮҠд№үпјӣ3. Windowsзі»з»ҹдёӯжү“ејҖжң¬ең°з»„зӯ–з•Ҙзј–иҫ‘еҷЁгҖҒжң¬ең°з”ЁжҲ·е’Ңз»„з®ЎзҗҶгҖҒеҲҮжҚўжң¬ең°иҙҰжҲ·зӯүеӨҡз§Қж“ҚдҪңжҢҮеҚ—пјӣ4. жүӢжңәжң¬ең°йҳ…иҜ»AppжҺЁиҚҗгҖӮеҶ…е®№ж—¶й—ҙи·ЁеәҰд»Һ2020е№ҙиҮі2025е№ҙпјҢж¶үеҸҠдәәе·ҘжҷәиғҪгҖҒж“ҚдҪңзі»з»ҹгҖҒиҜҚиҜӯи§ЈжһҗгҖҒиҪҜд»¶еә”з”ЁзӯүеӨҡдёӘйўҶеҹҹгҖӮ', 'notice', 'normal', 'иҜҘеҶ…е®№дёәдҝЎжҒҜиҒҡеҗҲзұ»йҖҡзҹҘпјҢеҢ…еҗ«еӨҡдёӘзӢ¬з«Ӣзҡ„жҠҖжңҜзҹҘиҜҶзӮ№гҖӮе»әи®®пјҡ1. жҢүдё»йўҳпјҲеҰӮAIйғЁзҪІгҖҒзі»з»ҹж“ҚдҪңгҖҒиҜҚиҜӯи§ЈжһҗгҖҒиҪҜд»¶жҺЁиҚҗпјүеҜ№еҶ…е®№иҝӣиЎҢжӢҶеҲҶеҪ’зұ»пјӣ2. еҸҜиҖғиҷ‘е°ҶдёҚеҗҢжҠҖжңҜзӮ№еҲҶејҖеҸ‘еёғжҲ–еҲ¶дҪңжҲҗзі»еҲ—иҜҙжҳҺпјҢжҸҗй«ҳеҸҜиҜ»жҖ§пјӣ3. жіЁж„ҸйғЁеҲҶеҶ…е®№ж¶үеҸҠжңӘжқҘж—ҘжңҹпјҲеҰӮ2025е№ҙпјүпјҢйңҖж ёе®һдҝЎжҒҜж—¶ж•ҲжҖ§гҖӮ', '0', NULL);
INSERT INTO `ai_community_event` VALUES (46, 'жң¬ең°йғЁзҪІдёҺжң¬ең°иҙҰжҲ·зӣёе…іжҠҖжңҜи®Ёи®ә', 'еҶ…е®№еҢ…еҗ«еӨҡдёӘж—¶й—ҙзӮ№зҡ„жҠҖжңҜи®Ёи®әзүҮж®өпјҡ1. и®Ёи®әжң¬ең°йғЁзҪІеӨ§жЁЎеһӢпјҲеҰӮ700дәҝеҸӮж•°д»ҘдёҠпјүдёҺйҮҸеҢ–зүҲжң¬пјҲеҰӮ14b Q4пјүзҡ„жҖ§иғҪе·®и·қпјӣ2. и§ЈйҮҠвҖңжң¬ең°вҖқдёҺвҖңеҪ“ең°вҖқзҡ„иҜҚиҜӯеҢәеҲ«пјӣ3. жҸҗдҫӣWindowsзі»з»ҹдёӯжү“ејҖжң¬ең°з»„зӯ–з•Ҙзј–иҫ‘еҷЁгҖҒж·»еҠ жң¬ең°з”ЁжҲ·е’Ңз»„гҖҒеҲҮжҚўжң¬ең°иҙҰжҲ·зҡ„ж“ҚдҪңж–№жі•пјӣ4. жҺЁиҚҗжүӢжңәжң¬ең°йҳ…иҜ»AppпјҲеҰӮеұұдёҳйҳ…иҜ»еҷЁпјүгҖӮеҶ…е®№ж¶үеҸҠжҠҖжңҜй…ҚзҪ®гҖҒиҜӯд№үи§ЈйҮҠе’ҢиҪҜд»¶жҺЁиҚҗгҖӮ', 'notice', 'normal', 'еҶ…е®№дёәжҠҖжңҜи®Ёи®әдёҺж“ҚдҪңжҢҮеҚ—зҡ„ж··еҗҲдҝЎжҒҜпјҢе»әи®®еҲҶзұ»ж•ҙзҗҶдёәжҠҖжңҜж–ҮжЎЈжҲ–й—®зӯ”жқЎзӣ®пјҢдҫҝдәҺз”ЁжҲ·жҢүйңҖжҹҘиҜўгҖӮеҸҜеҜ№вҖңжң¬ең°йғЁзҪІжЁЎеһӢвҖқдёҺвҖңзі»з»ҹжң¬ең°иҙҰжҲ·вҖқзӯүдёҚеҗҢиҜӯеўғдёӢзҡ„вҖңжң¬ең°вҖқжҰӮеҝөиҝӣиЎҢеҢәеҲҶиҜҙжҳҺгҖӮ', '0', NULL);
INSERT INTO `ai_community_event` VALUES (47, 'жң¬ең°йғЁзҪІдёҺжң¬ең°иҙҰжҲ·зӣёе…іжҠҖжңҜи®Ёи®ә', 'еҶ…е®№еҢ…еҗ«еӨҡдёӘе…ідәҺвҖңжң¬ең°вҖқжҰӮеҝөзҡ„жҠҖжңҜи®Ёи®әзүҮж®өпјҡ1. еӨ§жЁЎеһӢжң¬ең°йғЁзҪІзҡ„жҲҗжң¬дёҺжҖ§иғҪе·®ејӮпјҲж»ЎиЎҖзүҲдёҺйҮҸеҢ–зүҲеҜ№жҜ”пјүпјӣ2. иҜҚиҜӯвҖңжң¬ең°вҖқдёҺвҖңеҪ“ең°вҖқзҡ„иҜӯд№үеҢәеҲ«пјӣ3. Windowsзі»з»ҹдёӯжү“ејҖжң¬ең°з»„зӯ–з•Ҙзј–иҫ‘еҷЁгҖҒжҺ§еҲ¶йқўжқҝгҖҒжң¬ең°з”ЁжҲ·е’Ңз»„з®ЎзҗҶгҖҒеҲҮжҚўжң¬ең°иҙҰжҲ·зҡ„еӨҡз§Қж“ҚдҪңж–№жі•пјӣ4. жүӢжңәжң¬ең°йҳ…иҜ»Appзҡ„жҺЁиҚҗгҖӮеҶ…е®№з”ұеӨҡдёӘдёҚеҗҢж—¶й—ҙзӮ№зҡ„зӢ¬з«Ӣж–Үжң¬зүҮж®өжӢјжҺҘиҖҢжҲҗпјҢж¶үеҸҠжҠҖжңҜй…ҚзҪ®гҖҒиҜӯд№үи§ЈйҮҠе’ҢиҪҜд»¶ж“ҚдҪңжҢҮеҚ—гҖӮ', 'notice', 'normal', 'иҜҘеҶ…е®№дёәж··еҗҲдҝЎжҒҜж‘ҳиҰҒпјҢе»әи®®пјҡ1. иӢҘйңҖжҠҖжңҜжҢҮеҜјпјҢеә”жҢүж“ҚдҪңзі»з»ҹпјҲWindows/жүӢжңәпјүе’Ңе…·дҪ“йңҖжұӮпјҲйғЁзҪІгҖҒй…ҚзҪ®гҖҒеә”з”ЁпјүжӢҶеҲҶеӨ„зҗҶпјӣ2. иҜӯд№үи§ЈйҮҠйғЁеҲҶеҸҜеҚ•зӢ¬дҪңдёәеҸӮиҖғпјӣ3. жіЁж„ҸдҝЎжҒҜж—¶ж•ҲжҖ§пјҢйғЁеҲҶж“ҚдҪңжӯҘйӘӨеҸҜиғҪйҡҸзі»з»ҹжӣҙж–°иҖҢеҸҳеҢ–пјҢе»әи®®ж ёе®һжңҖж–°е®ҳж–№ж–ҮжЎЈгҖӮ', '0', NULL);
INSERT INTO `ai_community_event` VALUES (48, 'жң¬ең°йғЁзҪІдёҺжң¬ең°иҙҰжҲ·зӣёе…іжҠҖжңҜи®Ёи®ә', 'еҶ…е®№еҢ…еҗ«еӨҡдёӘе…ідәҺвҖңжң¬ең°вҖқжҰӮеҝөзҡ„жҠҖжңҜи®Ёи®әзүҮж®өпјҡ1. жң¬ең°йғЁзҪІеӨ§жЁЎеһӢзҡ„жҲҗжң¬дёҺжҖ§иғҪе·®ејӮпјҲж»ЎиЎҖзүҲдёҺйҮҸеҢ–зүҲеҜ№жҜ”пјүпјӣ2. жң¬ең°дёҺеҪ“ең°иҜҚиҜӯзҡ„иҜӯд№үеҢәеҲ«пјӣ3. Windowsзі»з»ҹдёӯжү“ејҖжң¬ең°з»„зӯ–з•Ҙзј–иҫ‘еҷЁгҖҒжң¬ең°з”ЁжҲ·е’Ңз»„з®ЎзҗҶгҖҒеҲҮжҚўжң¬ең°иҙҰжҲ·зҡ„еӨҡз§Қж“ҚдҪңж–№жі•пјӣ4. жүӢжңәжң¬ең°йҳ…иҜ»AppжҺЁиҚҗгҖӮеҶ…е®№з”ұеӨҡдёӘдёҚеҗҢж—¶й—ҙзӮ№зҡ„зҪ‘з»ңдҝЎжҒҜзүҮж®өжӢјжҺҘиҖҢжҲҗпјҢж¶үеҸҠжҠҖжңҜй…ҚзҪ®гҖҒиҜӯд№үи§ЈйҮҠе’ҢиҪҜд»¶дҪҝз”ЁгҖӮ', 'notice', 'normal', 'иҜҘеҶ…е®№дёәдҝЎжҒҜиҒҡеҗҲпјҢж— жҳҺжҳҫзҙ§жҖҘдәӢд»¶жҲ–е®үе…ЁйЈҺйҷ©гҖӮе»әи®®пјҡ1. иӢҘз”ЁдәҺзҹҘиҜҶж•ҙзҗҶпјҢеҸҜжҢүдё»йўҳпјҲеҰӮвҖңзі»з»ҹж“ҚдҪңвҖқгҖҒвҖңAIйғЁзҪІвҖқгҖҒвҖңиҜҚиҜӯиҫЁжһҗвҖқпјүжӢҶеҲҶе№¶ж ҮжіЁжқҘжәҗж—¶й—ҙпјӣ2. жіЁж„ҸдҝЎжҒҜж—¶ж•ҲжҖ§пјҢйғЁеҲҶж“ҚдҪңжӯҘйӘӨеҸҜиғҪйҡҸзі»з»ҹжӣҙж–°иҖҢеҸҳеҢ–пјҢйңҖж ёе®һжңҖж–°жҢҮеҚ—пјӣ3. еҸҜиЎҘе……иҜҙжҳҺвҖңжң¬ең°йғЁзҪІвҖқеңЁAIйўҶеҹҹдёҺдјҒдёҡITиҜӯеўғдёӢзҡ„дёҚеҗҢеҗ«д№үпјҢйҒҝе…Қж··ж·ҶгҖӮ', '0', NULL);
INSERT INTO `ai_community_event` VALUES (49, 'жң¬ең°йғЁзҪІдёҺжң¬ең°иҙҰжҲ·зӣёе…іжҠҖжңҜи®Ёи®ә', 'еҶ…е®№еҢ…еҗ«еӨҡдёӘе…ідәҺвҖңжң¬ең°вҖқжҰӮеҝөзҡ„жҠҖжңҜи®Ёи®әзүҮж®өпјҡ1. жң¬ең°йғЁзҪІеӨ§жЁЎеһӢзҡ„жҲҗжң¬дёҺжҖ§иғҪе·®ејӮпјҲж»ЎиЎҖзүҲдёҺйҮҸеҢ–зүҲеҜ№жҜ”пјүпјӣ2. жң¬ең°дёҺеҪ“ең°иҜҚиҜӯеҢәеҲ«зҡ„йҮҠд№үпјӣ3. Windowsзі»з»ҹдёӯжү“ејҖжң¬ең°з»„зӯ–з•Ҙзј–иҫ‘еҷЁгҖҒжң¬ең°з”ЁжҲ·е’Ңз»„гҖҒеҲҮжҚўжң¬ең°иҙҰжҲ·зӯүеӨҡз§Қж“ҚдҪңжҢҮеҚ—пјӣ4. жүӢжңәжң¬ең°йҳ…иҜ»AppжҺЁиҚҗгҖӮеҶ…е®№ж—¶й—ҙи·ЁеәҰд»Һ2020е№ҙиҮі2025е№ҙпјҢж¶үеҸҠдәәе·ҘжҷәиғҪгҖҒж“ҚдҪңзі»з»ҹгҖҒиҜҚиҜӯи§ЈйҮҠгҖҒиҪҜд»¶еә”з”ЁзӯүеӨҡдёӘйўҶеҹҹгҖӮ', 'notice', 'normal', 'иҜҘеҶ…е®№дёәжҠҖжңҜи®Ёи®әдёҺж“ҚдҪңжҢҮеҚ—зҡ„ж··еҗҲдҝЎжҒҜпјҢйқһзҙ§жҖҘдәӢд»¶гҖӮе»әи®®пјҡ1. жҢүдё»йўҳпјҲAIйғЁзҪІгҖҒзі»з»ҹж“ҚдҪңгҖҒиҜҚиҜӯйҮҠд№үгҖҒиҪҜд»¶жҺЁиҚҗпјүеҜ№еҶ…е®№иҝӣиЎҢеҪ’зұ»ж•ҙзҗҶпјӣ2. еҸҜиҖғиҷ‘е°ҶдёҚеҗҢжҠҖжңҜдё»йўҳеҲҶејҖеҸ‘еёғжҲ–ж ҮжіЁжё…жҷ°пјҢйҒҝе…ҚдҝЎжҒҜж··жқӮпјӣ3. жіЁж„ҸйғЁеҲҶеҶ…е®№еҗ«жңӘжқҘж—ҘжңҹпјҲеҰӮ2025е№ҙпјүпјҢйңҖж ёе®һж—¶ж•ҲжҖ§гҖӮ', '0', NULL);
INSERT INTO `ai_community_event` VALUES (50, 'жң¬ең°зӣҙж’ӯдё“дёҡзүҲжңҚеҠЎејӮеёё', 'жң¬ең°зӣҙж’ӯдё“дёҡзүҲжңҚеҠЎдәҺжҠ–йҹіз”ҹжҙ»жңҚеҠЎе•Ҷе®¶дёҺиҫҫдәәпјҢжҸҗдҫӣдёҖз«ҷејҸзӣҙж’ӯи§ЈеҶіж–№жЎҲпјҢзҺ©иҪ¬жң¬ең°зӣҙж’ӯеёҰиҙ§гҖӮеҪ“еүҚеҮәзҺ°зҪ‘з»ңй”ҷиҜҜпјҢиҜ·йҮҚиҜ•гҖӮ', 'notice', 'normal', 'е»әи®®з”ЁжҲ·жЈҖжҹҘзҪ‘з»ңиҝһжҺҘеҗҺйҮҚиҜ•пјҢиӢҘй—®йўҳжҢҒз»ӯпјҢеҸҜиҒ”зі»жҠҖжңҜж”ҜжҢҒжҲ–жҹҘзңӢжңҚеҠЎзҠ¶жҖҒе…¬е‘ҠгҖӮ', '0', NULL);
INSERT INTO `ai_community_event` VALUES (51, 'жң¬ең°зӣҙж’ӯдё“дёҡзүҲжңҚеҠЎејӮеёё', 'жң¬ең°зӣҙж’ӯдё“дёҡзүҲжңҚеҠЎдәҺжҠ–йҹіз”ҹжҙ»жңҚеҠЎе•Ҷе®¶дёҺиҫҫдәәпјҢжҸҗдҫӣдёҖз«ҷејҸзӣҙж’ӯи§ЈеҶіж–№жЎҲпјҢзҺ©иҪ¬жң¬ең°зӣҙж’ӯеёҰиҙ§гҖӮеҪ“еүҚеҮәзҺ°зҪ‘з»ңй”ҷиҜҜпјҢиҜ·йҮҚиҜ•гҖӮ', 'notice', 'normal', 'е»әи®®з”ЁжҲ·жЈҖжҹҘзҪ‘з»ңиҝһжҺҘеҗҺйҮҚиҜ•пјҢиӢҘй—®йўҳжҢҒз»ӯпјҢеҸҜиҒ”зі»жҠҖжңҜж”ҜжҢҒжҲ–жҹҘзңӢжңҚеҠЎзҠ¶жҖҒе…¬е‘ҠгҖӮ', '0', NULL);
INSERT INTO `ai_community_event` VALUES (52, 'жң¬ең°зӣҙж’ӯдё“дёҡзүҲжңҚеҠЎејӮеёё', 'жң¬ең°зӣҙж’ӯдё“дёҡзүҲжңҚеҠЎдәҺжҠ–йҹіз”ҹжҙ»жңҚеҠЎе•Ҷе®¶дёҺиҫҫдәәпјҢжҸҗдҫӣдёҖз«ҷејҸзӣҙж’ӯи§ЈеҶіж–№жЎҲпјҢзҺ©иҪ¬жң¬ең°зӣҙж’ӯеёҰиҙ§гҖӮеҪ“еүҚеҮәзҺ°зҪ‘з»ңй”ҷиҜҜпјҢиҜ·йҮҚиҜ•гҖӮ', 'notice', 'normal', 'е»әи®®з”ЁжҲ·жЈҖжҹҘзҪ‘з»ңиҝһжҺҘеҗҺйҮҚиҜ•пјҢиӢҘй—®йўҳжҢҒз»ӯпјҢеҸҜиҒ”зі»жҠҖжңҜж”ҜжҢҒжҲ–жҹҘзңӢжңҚеҠЎзҠ¶жҖҒе…¬е‘ҠгҖӮ', '0', NULL);
INSERT INTO `ai_community_event` VALUES (53, 'еҗҢд№үиҜҚиҜҚе…ёеҶ…е®№иҒҡеҗҲ', 'еҶ…е®№еҢ…еҗ«еӨҡдёӘиӢұиҜӯеҚ•иҜҚзҡ„еҗҢд№үиҜҚгҖҒеҸҚд№үиҜҚгҖҒзӣёе…іиҜҚеҸҠдҫӢеҸҘжҹҘиҜўй“ҫжҺҘпјҢж¶үеҸҠHAPPYгҖҒEXCITEDгҖҒHAPPINESSгҖҒNOSTALGIAгҖҒCELEBRATINGгҖҒWONDERFULгҖҒRETIREMENTгҖҒUNDERSTANDABLEзӯүиҜҚжұҮпјҢеқҮжҢҮеҗ‘Thesaurus.comзҪ‘з«ҷиө„жәҗгҖӮ', 'notice', 'normal', 'иҜҘеҶ…е®№дёәиӢұиҜӯеӯҰд№ иө„жәҗжҺЁиҚҗпјҢж— зҙ§жҖҘжҲ–е®үе…ЁйЈҺйҷ©гҖӮе»әи®®пјҡиӢҘзӨҫеҢәжңүиӢұиҜӯеӯҰд№ йңҖжұӮпјҢеҸҜж•ҙзҗҶдёәиө„жәҗеҲҶдә«её–пјӣиӢҘж— е…іиҒ”йңҖжұӮпјҢеҸҜж Үи®°дёәжҷ®йҖҡдҝЎжҒҜеӯҳжЎЈгҖӮ', '0', NULL);
INSERT INTO `ai_community_event` VALUES (54, 'жң¬ең°зӣҙж’ӯдё“дёҡзүҲжңҚеҠЎејӮеёё', 'жң¬ең°зӣҙж’ӯдё“дёҡзүҲжңҚеҠЎдәҺжҠ–йҹіз”ҹжҙ»жңҚеҠЎе•Ҷе®¶дёҺиҫҫдәәпјҢжҸҗдҫӣдёҖз«ҷејҸзӣҙж’ӯи§ЈеҶіж–№жЎҲпјҢзҺ©иҪ¬жң¬ең°зӣҙж’ӯеёҰиҙ§гҖӮеҪ“еүҚеҮәзҺ°зҪ‘з»ңй”ҷиҜҜпјҢиҜ·йҮҚиҜ•гҖӮ', 'notice', 'normal', 'е»әи®®з”ЁжҲ·жЈҖжҹҘзҪ‘з»ңиҝһжҺҘеҗҺйҮҚиҜ•пјҢиӢҘй—®йўҳжҢҒз»ӯпјҢеҸҜиҒ”зі»жҠҖжңҜж”ҜжҢҒжҲ–жҹҘзңӢжңҚеҠЎзҠ¶жҖҒе…¬е‘ҠгҖӮ', '0', NULL);
INSERT INTO `ai_community_event` VALUES (55, 'жң¬ең°зӣҙж’ӯдё“дёҡзүҲжңҚеҠЎејӮеёё', 'жң¬ең°зӣҙж’ӯдё“дёҡзүҲжңҚеҠЎдәҺжҠ–йҹіз”ҹжҙ»жңҚеҠЎе•Ҷе®¶дёҺиҫҫдәәпјҢжҸҗдҫӣдёҖз«ҷејҸзӣҙж’ӯи§ЈеҶіж–№жЎҲпјҢзҺ©иҪ¬жң¬ең°зӣҙж’ӯеёҰиҙ§гҖӮеҪ“еүҚеҮәзҺ°зҪ‘з»ңй”ҷиҜҜпјҢиҜ·йҮҚиҜ•гҖӮ', 'notice', 'normal', 'е»әи®®з”ЁжҲ·жЈҖжҹҘзҪ‘з»ңиҝһжҺҘеҗҺйҮҚиҜ•пјҢиӢҘй—®йўҳжҢҒз»ӯпјҢеҸҜиҒ”зі»жҠҖжңҜж”ҜжҢҒжҲ–жҹҘзңӢжңҚеҠЎзҠ¶жҖҒе…¬е‘ҠгҖӮ', '0', NULL);
INSERT INTO `ai_community_event` VALUES (56, 'жң¬ең°зӣҙж’ӯдё“дёҡзүҲжңҚеҠЎејӮеёё', 'жң¬ең°зӣҙж’ӯдё“дёҡзүҲжңҚеҠЎдәҺжҠ–йҹіз”ҹжҙ»жңҚеҠЎе•Ҷе®¶дёҺиҫҫдәәпјҢжҸҗдҫӣдёҖз«ҷејҸзӣҙж’ӯи§ЈеҶіж–№жЎҲпјҢзҺ©иҪ¬жң¬ең°зӣҙж’ӯеёҰиҙ§гҖӮеҪ“еүҚеҮәзҺ°зҪ‘з»ңй”ҷиҜҜпјҢиҜ·йҮҚиҜ•гҖӮ', 'notice', 'normal', 'е»әи®®з”ЁжҲ·жЈҖжҹҘзҪ‘з»ңиҝһжҺҘеҗҺйҮҚиҜ•пјҢиӢҘй—®йўҳжҢҒз»ӯпјҢеҸҜиҒ”зі»жҠҖжңҜж”ҜжҢҒжҲ–жҹҘзңӢжңҚеҠЎзҠ¶жҖҒе…¬е‘ҠгҖӮ', '0', NULL);
INSERT INTO `ai_community_event` VALUES (57, 'жҷәиғҪе®¶еұ…жҠҖжңҜи®әеқӣеҶ…е®№ж‘ҳиҰҒ', 'еҶ…е®№еҢ…еҗ«еӨҡдёӘжҷәиғҪе®¶еұ…жҠҖжңҜи®Ёи®әзүҮж®өпјҢж¶үеҸҠHome AssistantеҠ иҪҪйЎ№йҡ”зҰ»жңәеҲ¶еҜјиҮҙAlistж— жі•и®ҝй—®жң¬ең°ж–Үд»¶гҖҒHome Connect LocalйӣҶжҲҗй…ҚзҪ®гҖҒSherpa OnnxзҰ»зәҝиҜӯйҹіеҠ©жүӢгҖҒmiot autoжҸ’д»¶жҺҘе…Ҙе°ҸзұіеҸҜи§Ҷй—Ёй“ғгҖҒlocaltuyaжң¬ең°ж¶ӮйёҰжҺҘе…ҘгҖҒзұіе®¶дёҺж¶ӮйёҰе№іеҸ°жң¬ең°еҢ–еҜ№жҜ”гҖҒESP32 DIYиҜӯйҹіеҠ©жүӢжҺҘе…ҘHAзӯүиҜқйўҳгҖӮ', 'notice', 'normal', 'е»әи®®жҢүжҠҖжңҜдё»йўҳеҲҶзұ»ж•ҙзҗҶпјҢжҸҗеҸ–е…ій”®й—®йўҳдёҺи§ЈеҶіж–№жЎҲпјҢеҪўжҲҗз»“жһ„еҢ–зҹҘиҜҶеә“дҫӣз”ЁжҲ·жҹҘйҳ…гҖӮ', '0', NULL);
INSERT INTO `ai_community_event` VALUES (58, 'жҷәиғҪе®¶еұ…жҠҖжңҜи®әеқӣеҶ…е®№ж‘ҳиҰҒ', 'еҶ…е®№еҢ…еҗ«еӨҡдёӘжҷәиғҪе®¶еұ…жҠҖжңҜи®Ёи®әзүҮж®өпјҢж¶үеҸҠHome AssistantеҠ иҪҪйЎ№йҡ”зҰ»жңәеҲ¶еҜјиҮҙAlistж— жі•и®ҝй—®жң¬ең°ж–Үд»¶гҖҒHome Connect LocalйӣҶжҲҗй…ҚзҪ®гҖҒSherpa OnnxзҰ»зәҝиҜӯйҹіеҠ©жүӢгҖҒmiot autoжҸ’д»¶жҺҘе…Ҙе°ҸзұіеҸҜи§Ҷй—Ёй“ғгҖҒlocaltuyaжң¬ең°ж¶ӮйёҰжҺҘе…ҘгҖҒзұіе®¶дёҺж¶ӮйёҰе№іеҸ°жң¬ең°еҢ–еҜ№жҜ”гҖҒESP32 DIYиҜӯйҹіеҠ©жүӢжҺҘе…ҘHAзӯүиҜқйўҳпјҢеқҮдёәжҠҖжңҜи®Ёи®әдёҺз»ҸйӘҢеҲҶдә«гҖӮ', 'notice', 'normal', 'еҶ…е®№дёәжҠҖжңҜи®әеқӣи®Ёи®әж‘ҳиҰҒпјҢе»әи®®еҲҶзұ»еҪ’жЎЈиҮіжҠҖжңҜдәӨжөҒжқҝеқ—пјҢеҸҜжҸҗеҸ–е…ій”®дё»йўҳпјҲеҰӮжң¬ең°еҢ–жҺҘе…ҘгҖҒиҜӯйҹіеҠ©жүӢгҖҒжҸ’д»¶й…ҚзҪ®пјүдҫӣз”ЁжҲ·еҸӮиҖғпјҢж— йңҖзҙ§жҖҘеӨ„зҗҶгҖӮ', '0', NULL);
INSERT INTO `ai_community_event` VALUES (59, 'Home AssistantеҠ иҪҪйЎ№йҡ”зҰ»жңәеҲ¶еҜјиҮҙжң¬ең°ж–Үд»¶и®ҝй—®й—®йўҳеҸҠи§ЈеҶіж–№жЎҲи®Ёи®ә', 'еҶ…е®№ж¶үеҸҠеӨҡдёӘж—¶й—ҙзӮ№зҡ„жҠҖжңҜи®Ёи®әпјҡ1. 2026е№ҙ1жңҲ23ж—ҘпјҢHAеҠ иҪҪйЎ№йҡ”зҰ»жңәеҲ¶еҜјиҮҙAlistзӯүеҠ иҪҪйЎ№ж— жі•и®ҝй—®жң¬ең°ж–Үд»¶пјҢз”ЁжҲ·иҜўй—®еҰӮдҪ•жҳ е°„жң¬ең°зӣ®еҪ•пјӣ2. 2025е№ҙ9жңҲ19ж—ҘпјҢHACSйӣҶжҲҗHome Connect Localж”ҜжҢҒдёӯеӣҪеҢәиҙҰеҸ·пјӣ3. 2025е№ҙ2жңҲ10ж—ҘпјҢжң¬ең°иҜӯиЁҖеҠ©жүӢеҹәдәҺSherpa Onnxзҡ„зҰ»зәҝSTT/TTSж–№жЎҲпјӣ4. 2023е№ҙ3жңҲ12ж—ҘпјҢmiot autoжҸ’д»¶жҺҘе…Ҙе°ҸзұіеҸҜи§Ҷй—Ёй“ғпјӣ5. 2025е№ҙ10жңҲ24ж—ҘпјҢз”ЁжҲ·з ”з©¶иҜӯйҹіж–№жЎҲдјҳеҢ–пјӣ6. 2023е№ҙ3жңҲ30ж—ҘпјҢlocaltuyaжң¬ең°ж¶ӮйёҰжҺҘе…Ҙж•ҷзЁӢпјӣ7. 2023е№ҙ11жңҲ29ж—ҘпјҢи®Ёи®әзұіе®¶дёҺж¶ӮйёҰжң¬ең°еҢ–жҺҘе…ҘзЁіе®ҡжҖ§еҜ№жҜ”пјӣ8. 2025е№ҙ5жңҲ7ж—ҘпјҢеҹәдәҺESP32 DIYиҜӯйҹіеҠ©жүӢжҺҘе…ҘHAж–№жЎҲпјӣ9. 2026е№ҙ3жңҲ18ж—ҘпјҢи®әеқӣжҠҖжңҜеҲҶдә«йў„е‘ҠгҖӮ', 'notice', 'normal', 'иҜҘеҶ…е®№дёәжҷәиғҪе®¶еұ…жҠҖжңҜи®әеқӣзҡ„еӨҡжқЎеҺҶеҸІи®Ёи®әж‘ҳиҰҒпјҢж¶үеҸҠHAеҠ иҪҪйЎ№йҡ”зҰ»гҖҒжң¬ең°еҢ–жҺҘе…ҘгҖҒиҜӯйҹіж–№жЎҲзӯүжҠҖжңҜй—®йўҳгҖӮе»әи®®пјҡ1. жҢүж—¶й—ҙзәҝжўізҗҶжҠҖжңҜжј”иҝӣпјӣ2. еҲҶзұ»ж•ҙзҗҶеёёи§Ғй—®йўҳпјҲеҰӮжң¬ең°ж–Үд»¶и®ҝй—®гҖҒиҜӯйҹіж–№жЎҲгҖҒи®ҫеӨҮжҺҘе…Ҙпјүпјӣ3. еҸҜжҸҗеҸ–е…ёеһӢи§ЈеҶіж–№жЎҲдҫӣз”ЁжҲ·еҸӮиҖғпјӣ4. жіЁж„ҸйғЁеҲҶеҶ…е®№дёәж—§дҝЎжҒҜпјҢйңҖж ёе®һж—¶ж•ҲжҖ§гҖӮ', '0', NULL);
INSERT INTO `ai_community_event` VALUES (60, 'Home AssistantеҠ иҪҪйЎ№йҡ”зҰ»жңәеҲ¶еҜјиҮҙжң¬ең°ж–Үд»¶и®ҝй—®й—®йўҳеҸҠи§ЈеҶіж–№жЎҲи®Ёи®ә', 'еҶ…е®№ж¶үеҸҠеӨҡдёӘж—¶й—ҙзӮ№зҡ„жҠҖжңҜи®Ёи®әпјҡ1. 2026е№ҙ1жңҲ23ж—ҘпјҢHAеҠ иҪҪйЎ№йҡ”зҰ»жңәеҲ¶еҜјиҮҙAlistзӯүеҠ иҪҪйЎ№ж— жі•и®ҝй—®жң¬ең°ж–Үд»¶пјҢз”ЁжҲ·иҜўй—®еҰӮдҪ•жҳ е°„жң¬ең°зӣ®еҪ•пјӣ2. 2025е№ҙ9жңҲ19ж—ҘпјҢHACSйӣҶжҲҗHome Connect Localж”ҜжҢҒдёӯеӣҪеҢәиҙҰеҸ·пјӣ3. 2025е№ҙ2жңҲ10ж—ҘпјҢжң¬ең°иҜӯиЁҖеҠ©жүӢеҹәдәҺSherpa Onnxзҡ„зҰ»зәҝж–№жЎҲпјӣ4. 2023е№ҙ3жңҲ12ж—ҘпјҢmiot autoжҸ’д»¶жҺҘе…ҘеҸҜи§Ҷй—Ёй“ғпјӣ5. 2025е№ҙ10жңҲ24ж—ҘпјҢиҜӯйҹіж–№жЎҲз ”з©¶дјҳеҢ–пјӣ6. 2023е№ҙ3жңҲ30ж—ҘпјҢlocaltuyaе®үиЈ…жҢҮеҚ—пјӣ7. 2023е№ҙ11жңҲ29ж—ҘпјҢзұіе®¶дёҺж¶ӮйёҰжң¬ең°еҢ–жҺҘе…ҘеҜ№жҜ”и®Ёи®әпјӣ8. 2025е№ҙ5жңҲ7ж—ҘпјҢеҹәдәҺESP32зҡ„жң¬ең°иҜӯйҹіеҠ©жүӢжҺҘе…ҘHAж–№жЎҲпјӣ9. 2026е№ҙ3жңҲ18ж—ҘпјҢи®әеқӣжҠҖжңҜеҲҶдә«гҖӮ', 'notice', 'normal', 'ж•ҙзҗҶдёәжҠҖжңҜе…¬е‘ҠпјҢжҢүж—¶й—ҙзәҝжұҮжҖ»з”ЁжҲ·еёёи§Ғй—®йўҳдёҺи§ЈеҶіж–№жЎҲпјҢе»әи®®еҲҶзұ»дёәпјҡж–Үд»¶и®ҝй—®гҖҒи®ҫеӨҮжҺҘе…ҘгҖҒиҜӯйҹіеҠ©жүӢгҖҒжң¬ең°еҢ–йғЁзҪІзӯүдё“йўҳпјҢдҫҝдәҺз”ЁжҲ·жҹҘйҳ…гҖӮ', '0', NULL);
INSERT INTO `ai_community_event` VALUES (61, 'Home AssistantеҠ иҪҪйЎ№йҡ”зҰ»жңәеҲ¶еҜјиҮҙжң¬ең°ж–Үд»¶и®ҝй—®й—®йўҳеҸҠи§ЈеҶіж–№жЎҲи®Ёи®ә', 'еҶ…е®№ж¶үеҸҠеӨҡдёӘж—¶й—ҙзӮ№зҡ„жҠҖжңҜи®Ёи®әпјҡ1. 2026е№ҙ1жңҲ23ж—ҘпјҢHAеҠ иҪҪйЎ№йҡ”зҰ»жңәеҲ¶еҜјиҮҙAlistзӯүеҠ иҪҪйЎ№ж— жі•и®ҝй—®жң¬ең°ж–Үд»¶пјҢз”ЁжҲ·иҜўй—®еҰӮдҪ•жҳ е°„жң¬ең°зӣ®еҪ•пјӣ2. 2025е№ҙ9жңҲ19ж—ҘпјҢHACSйӣҶжҲҗHome Connect Localж”ҜжҢҒдёӯеӣҪеҢәиҙҰеҸ·пјӣ3. 2025е№ҙ2жңҲ10ж—ҘпјҢжң¬ең°иҜӯиЁҖеҠ©жүӢеҹәдәҺSherpa Onnxзҡ„зҰ»зәҝSTT/TTSж–№жЎҲпјӣ4. 2023е№ҙ3жңҲ12ж—ҘпјҢдҪҝз”Ёmiot autoжҸ’д»¶жҺҘе…Ҙе°ҸзұіеҸҜи§Ҷй—Ёй“ғпјӣ5. 2025е№ҙ10жңҲ24ж—ҘпјҢз”ЁжҲ·з ”з©¶иҜӯйҹіж–№жЎҲе№¶дјҳеҢ–пјӣ6. 2023е№ҙ3жңҲ30ж—ҘпјҢе®үиЈ…localtuyaе®һзҺ°ж¶ӮйёҰи®ҫеӨҮжң¬ең°еҢ–пјӣ7. 2023е№ҙ11жңҲ29ж—ҘпјҢи®Ёи®әзұіе®¶дёҺж¶ӮйёҰе№іеҸ°жң¬ең°еҢ–жҺҘе…ҘHAзҡ„зЁіе®ҡжҖ§пјӣ8. 2025е№ҙ5жңҲ7ж—ҘпјҢеҹәдәҺESP32 DIYиҜӯйҹіеҠ©жүӢжҺҘе…ҘHAпјӣ9. 2026е№ҙ3жңҲ18ж—ҘпјҢи®әеқӣжҠҖжңҜеҲҶдә«гҖӮ', 'notice', 'normal', 'ж•ҙзҗҶдёәжҠҖжңҜй—®зӯ”ж‘ҳиҰҒпјҢжҢүж—¶й—ҙзәҝеҪ’зұ»й—®йўҳдёҺи§ЈеҶіж–№жЎҲпјҢе»әи®®з”ЁжҲ·ж №жҚ®е…·дҪ“йңҖжұӮеҸӮиҖғеҜ№еә”ж—Ҙжңҹзҡ„и®Ёи®әеҶ…е®№гҖӮ', '0', NULL);
INSERT INTO `ai_community_event` VALUES (62, 'е…ідәҺвҖңжң¬ең°вҖқжҰӮеҝөзҡ„еӨҡйҮҚеҗ«д№үдёҺдҪҝз”ЁеңәжҷҜиҜҙжҳҺ', 'еҶ…е®№дёӯвҖңжң¬ең°вҖқдёҖиҜҚеңЁдёҚеҗҢиҜӯеўғдёӢжңүдёҚеҗҢеҗ«д№үпјҡ1. жҢҮдјҒдёҡз§ҒжңүеҢ–йғЁзҪІзҡ„еӨ§и§„жЁЎAIжЁЎеһӢпјҲеҰӮ700дәҝеҸӮж•°д»ҘдёҠпјүпјҢдёҺдёӘдәәз”өи„‘иҝҗиЎҢзҡ„е°ҸжЁЎеһӢпјҲ7BгҖҒ13BпјүеҪўжҲҗеҜ№жҜ”пјӣ2. жҢҮи®Ўз®—жңәзі»з»ҹдёӯзҡ„жң¬ең°иҙҰжҲ·гҖҒжң¬ең°з”ЁжҲ·з»„гҖҒжң¬ең°ж–Үд»¶зӯүпјӣ3. жҢҮең°зҗҶж„Ҹд№үдёҠзҡ„вҖңеҪ“ең°вҖқжҰӮеҝөгҖӮеҶ…е®№иҝҳж¶үеҸҠжҠҖжңҜж“ҚдҪңжҢҮеҚ—пјҲеҰӮWin11жҺ§еҲ¶йқўжқҝи®ҫзҪ®гҖҒжң¬ең°иҙҰжҲ·еҲҮжҚўгҖҒжЁЎжӢҹеҷЁе®үиЈ…APKзӯүпјүд»ҘеҸҠйҮҸеҢ–жЁЎеһӢдёҺе®ҳзҪ‘ж»ЎиЎҖзүҲзҡ„жҖ§иғҪе·®и·қи®Ёи®әгҖӮ', 'notice', 'normal', 'иҜҘеҶ…е®№дёәдҝЎжҒҜжҖ§иҜҙжҳҺпјҢж— йңҖзҙ§жҖҘеӨ„зҗҶгҖӮе»әи®®пјҡ1. иӢҘз”ЁдәҺжҠҖжңҜж–ҮжЎЈпјҢйңҖжҳҺзЎ®вҖңжң¬ең°вҖқзҡ„е…·дҪ“иҜӯеўғпјӣ2. еҸҜеҜ№еҶ…е®№жҢүдё»йўҳеҲҶзұ»ж•ҙзҗҶпјҢжҸҗй«ҳеҸҜиҜ»жҖ§пјӣ3. ж¶үеҸҠзі»з»ҹж“ҚдҪңзҡ„йғЁеҲҶйңҖж ҮжіЁйҖӮз”Ёзі»з»ҹзүҲжң¬пјҢйҒҝе…ҚиҜҜеҜјгҖӮ', '0', NULL);
INSERT INTO `ai_community_event` VALUES (63, 'е…ідәҺвҖңжң¬ең°вҖқжҰӮеҝөзҡ„еӨҡйҮҚеҗ«д№үдёҺдҪҝз”ЁеңәжҷҜиҜҙжҳҺ', 'еҶ…е®№дёӯвҖңжң¬ең°вҖқдёҖиҜҚеңЁдёҚеҗҢиҜӯеўғдёӢжңүдёҚеҗҢеҗ«д№үпјҡ1. жҢҮдјҒдёҡз§ҒжңүеҢ–йғЁзҪІзҡ„еӨ§и§„жЁЎAIжЁЎеһӢпјҲеҰӮ700дәҝеҸӮж•°д»ҘдёҠпјүпјҢдёҺдёӘдәәз”өи„‘дёҠзҡ„е°ҸжЁЎеһӢпјҲ7BгҖҒ13BпјүеҪўжҲҗеҜ№жҜ”пјӣ2. жҢҮи®Ўз®—жңәзі»з»ҹдёӯзҡ„жң¬ең°иҙҰжҲ·гҖҒжң¬ең°з”ЁжҲ·з»„гҖҒжң¬ең°ж–Үд»¶ж“ҚдҪңзӯүпјӣ3. жҢҮең°зҗҶж„Ҹд№үдёҠзҡ„вҖңжң¬ең°вҖқдёҺвҖңеҪ“ең°вҖқзҡ„еҢәеҲ«гҖӮеҶ…е®№иҝҳж¶үеҸҠWin11/Win10зі»з»ҹж“ҚдҪңгҖҒжЁЎжӢҹеҷЁе®үиЈ…гҖҒйҳ…иҜ»иҪҜд»¶жҺЁиҚҗзӯүжҠҖжңҜдҝЎжҒҜпјҢж—¶й—ҙи·ЁеәҰд»Һ2021е№ҙиҮі2025е№ҙгҖӮ', 'notice', 'normal', 'иҜҘеҶ…е®№дёәдҝЎжҒҜиҒҡеҗҲпјҢж— зҙ§жҖҘйЈҺйҷ©гҖӮе»әи®®пјҡ1. еңЁжҠҖжңҜи®Ёи®әдёӯжҳҺзЎ®вҖңжң¬ең°вҖқзҡ„е…·дҪ“иҜӯеўғпјҲеҰӮйғЁзҪІзҺҜеўғгҖҒзі»з»ҹж“ҚдҪңпјүпјӣ2. еҢәеҲҶдјҒдёҡзә§AIйғЁзҪІдёҺдёӘдәәи®ҫеӨҮдҪҝз”Ёзҡ„е·®ејӮпјӣ3. зі»з»ҹж“ҚдҪңзұ»еҶ…е®№йңҖжіЁж„Ҹж—¶ж•ҲжҖ§пјҢйғЁеҲҶ2021-2024е№ҙзҡ„дҝЎжҒҜеҸҜиғҪе·ІиҝҮж—¶гҖӮ', '0', NULL);
INSERT INTO `ai_community_event` VALUES (64, 'е…ідәҺвҖңжң¬ең°вҖқжҰӮеҝөзҡ„еӨҡйҮҚеҗ«д№үдёҺдҪҝз”ЁеңәжҷҜиҜҙжҳҺ', 'еҶ…е®№и®Ёи®әдәҶвҖңжң¬ең°вҖқдёҖиҜҚеңЁдёҚеҗҢиҜӯеўғдёӢзҡ„еӨҡз§Қеҗ«д№үпјҡ1. жҢҮдјҒдёҡз§ҒжңүеҢ–йғЁзҪІзҡ„еӨ§и§„жЁЎAIжЁЎеһӢпјҲеҰӮ700дәҝеҸӮж•°д»ҘдёҠпјүпјҢдёҺдёӘдәәз”өи„‘дёҠзҡ„е°ҸжЁЎеһӢзӣёеҢәеҲ«пјӣ2. жҢҮи®Ўз®—жңәзі»з»ҹдёӯзҡ„жң¬ең°иҙҰжҲ·гҖҒжң¬ең°з”ЁжҲ·з»„гҖҒжң¬ең°зӯ–з•Ҙзӯүз®ЎзҗҶжҰӮеҝөпјӣ3. жҢҮж“ҚдҪңзі»з»ҹжҲ–иҪҜд»¶дёӯзҡ„жң¬ең°и®ҫзҪ®дёҺж“ҚдҪңпјҲеҰӮWin11жҺ§еҲ¶йқўжқҝгҖҒжң¬ең°APKе®үиЈ…пјүпјӣ4. жҢҮең°зҗҶж„Ҹд№үдёҠзҡ„вҖңжң¬ең°вҖқдёҺвҖңеҪ“ең°вҖқзҡ„еҢәеҲ«гҖӮеҶ…е®№иҝҳж¶үеҸҠжЁЎеһӢйҮҸеҢ–зүҲжң¬дёҺе®ҳж–№зүҲжң¬зҡ„жҖ§иғҪе·®и·қгҖҒжң¬ең°йҳ…иҜ»иҪҜд»¶жҺЁиҚҗзӯүжҠҖжңҜиҜқйўҳгҖӮ', 'notice', 'normal', 'иҜҘеҶ…е®№дёәдҝЎжҒҜжҖ§иҜҙжҳҺпјҢж— йңҖзҙ§жҖҘеӨ„зҗҶгҖӮе»әи®®пјҡ1. иӢҘз”ЁдәҺзҹҘиҜҶеә“пјҢеҸҜеҲҶзұ»еҪ’жЎЈпјӣ2. иӢҘз”ЁжҲ·е’ЁиҜўе…·дҪ“жҠҖжңҜй—®йўҳпјҢйңҖж №жҚ®е…¶е…·дҪ“жүҖжҢҮзҡ„вҖңжң¬ең°вҖқиҜӯеўғжҸҗдҫӣй’ҲеҜ№жҖ§и§Јзӯ”пјӣ3. еҸҜжҸҗзӨәз”ЁжҲ·жҳҺзЎ®е…·дҪ“еңәжҷҜд»ҘйҒҝе…Қжӯ§д№үгҖӮ', '0', NULL);
INSERT INTO `ai_community_event` VALUES (65, 'еҶ…е®№ж··жқӮдҝЎжҒҜ', 'еҶ…е®№еҢ…еҗ«еӨҡдёӘдёҚзӣёе…ізҡ„зүҮж®өпјҡ1. е…Ёж°‘KжӯҢеә”з”ЁжҺЁе№ҝпјҲ2026е№ҙ2жңҲ2ж—ҘгҖҒ2025е№ҙ11жңҲ18ж—ҘгҖҒ2024е№ҙ9жңҲ6ж—Ҙпјүпјӣ2. еҝ«йҖ’жҹҘиҜўжңҚеҠЎд»Ӣз»ҚпјҲеӨҡдёӘж—ҘжңҹжҸҗеҸҠEMSгҖҒз”ійҖҡзӯүзү©жөҒжҹҘиҜўпјүпјӣ3. жү“еӯ—иҪҜд»¶д»Ӣз»ҚпјҲ91е°Ҹй”®дәәжү“еӯ—пјүпјӣ4. и®Ўж•°еҚ•дҪҚи§ЈйҮҠпјҲkгҖҒMзӯүеҗ«д№үпјҢ2023е№ҙ5жңҲ7ж—Ҙпјүпјӣ5. ж•°жҚ®еҚ•дҪҚиҜҙжҳҺпјҲKBгҖҒKbеҢәеҲ«пјҢ2022е№ҙ8жңҲ30ж—Ҙпјүпјӣ6. дёӯйҖҡеҝ«иҝҗеўһеҖјжңҚеҠЎпјҲ2026е№ҙ3жңҲ25ж—Ҙпјүпјӣ7. жұүиҜӯжӢјйҹіеҸ‘йҹіж•ҷеӯҰпјҲеӯ—жҜҚkзҡ„еҸ‘йҹіпјҢ2026е№ҙ3жңҲ1ж—ҘпјүгҖӮеҶ…е®№ж— жҳҺзЎ®дәӢд»¶дё»дҪ“пјҢе‘ҲзҺ°е№ҝе‘ҠгҖҒз§‘жҷ®гҖҒж•ҷеӯҰзӯүж··жқӮдҝЎжҒҜгҖӮ', 'notice', 'normal', 'иҜҘеҶ…е®№дёәеӨҡдёӘж— е…ідҝЎжҒҜзҡ„жӢјжҺҘпјҢз–‘дјјеһғеңҫдҝЎжҒҜжҲ–жөӢиҜ•еҶ…е®№гҖӮе»әи®®пјҡ1. иӢҘжқҘиҮӘз”ЁжҲ·жҸҗдәӨпјҢеҸҜжҸҗзӨәз”ЁжҲ·жҸҗдҫӣе…·дҪ“гҖҒиҝһиҙҜзҡ„дәӢд»¶жҸҸиҝ°пјӣ2. иӢҘжқҘиҮӘзі»з»ҹжҠ“еҸ–пјҢйңҖжЈҖжҹҘж•°жҚ®жәҗжҳҜеҗҰејӮеёёпјӣ3. ж— йңҖзҙ§жҖҘеӨ„зҗҶпјҢдҪҶеҸҜж Үи®°дёәдҪҺиҙЁйҮҸеҶ…е®№гҖӮ', '0', NULL);
INSERT INTO `ai_community_event` VALUES (66, 'жң¬ең°зӣҙж’ӯдё“дёҡзүҲжңҚеҠЎејӮеёё', 'жң¬ең°зӣҙж’ӯдё“дёҡзүҲжңҚеҠЎдәҺжҠ–йҹіз”ҹжҙ»жңҚеҠЎе•Ҷе®¶дёҺиҫҫдәәпјҢжҸҗдҫӣдёҖз«ҷејҸзӣҙж’ӯи§ЈеҶіж–№жЎҲпјҢзҺ©иҪ¬жң¬ең°зӣҙж’ӯеёҰиҙ§гҖӮеҪ“еүҚеҮәзҺ°зҪ‘з»ңй”ҷиҜҜпјҢиҜ·йҮҚиҜ•гҖӮ', 'notice', 'normal', 'е»әи®®з”ЁжҲ·жЈҖжҹҘзҪ‘з»ңиҝһжҺҘеҗҺйҮҚиҜ•пјҢиӢҘй—®йўҳжҢҒз»ӯпјҢеҸҜиҒ”зі»жҠҖжңҜж”ҜжҢҒжҲ–жҹҘзңӢжңҚеҠЎзҠ¶жҖҒе…¬е‘ҠгҖӮ', '0', NULL);
INSERT INTO `ai_community_event` VALUES (67, 'жң¬ең°зӣҙж’ӯдё“дёҡзүҲжңҚеҠЎејӮеёё', 'жң¬ең°зӣҙж’ӯдё“дёҡзүҲжңҚеҠЎдәҺжҠ–йҹіз”ҹжҙ»жңҚеҠЎе•Ҷе®¶дёҺиҫҫдәәпјҢжҸҗдҫӣдёҖз«ҷејҸзӣҙж’ӯи§ЈеҶіж–№жЎҲпјҢзҺ©иҪ¬жң¬ең°зӣҙж’ӯеёҰиҙ§гҖӮеҪ“еүҚеҮәзҺ°зҪ‘з»ңй”ҷиҜҜпјҢиҜ·йҮҚиҜ•гҖӮ', 'notice', 'normal', 'е»әи®®з”ЁжҲ·жЈҖжҹҘзҪ‘з»ңиҝһжҺҘеҗҺйҮҚиҜ•пјҢиӢҘй—®йўҳжҢҒз»ӯпјҢеҸҜиҒ”зі»жҠҖжңҜж”ҜжҢҒжҲ–жҹҘзңӢжңҚеҠЎзҠ¶жҖҒе…¬е‘ҠгҖӮ', '0', NULL);
INSERT INTO `ai_community_event` VALUES (68, 'жң¬ең°зӣҙж’ӯдё“дёҡзүҲжңҚеҠЎејӮеёё', 'жң¬ең°зӣҙж’ӯдё“дёҡзүҲжңҚеҠЎдәҺжҠ–йҹіз”ҹжҙ»жңҚеҠЎе•Ҷе®¶дёҺиҫҫдәәпјҢжҸҗдҫӣдёҖз«ҷејҸзӣҙж’ӯи§ЈеҶіж–№жЎҲпјҢзҺ©иҪ¬жң¬ең°зӣҙж’ӯеёҰиҙ§гҖӮеҪ“еүҚеҮәзҺ°зҪ‘з»ңй”ҷиҜҜпјҢиҜ·йҮҚиҜ•гҖӮ', 'notice', 'normal', 'е»әи®®з”ЁжҲ·жЈҖжҹҘзҪ‘з»ңиҝһжҺҘеҗҺйҮҚиҜ•пјҢиӢҘй—®йўҳжҢҒз»ӯпјҢеҸҜиҒ”зі»жҠҖжңҜж”ҜжҢҒжҲ–жҹҘзңӢжңҚеҠЎзҠ¶жҖҒе…¬е‘ҠгҖӮ', '0', NULL);
INSERT INTO `ai_community_event` VALUES (69, 'е…ідәҺвҖңжң¬ең°вҖқжҰӮеҝөзҡ„еӨҡеңәжҷҜи®Ёи®әдёҺжҠҖжңҜдҝЎжҒҜжұҮжҖ»', 'еҶ…е®№еҢ…еҗ«еӨҡдёӘе…ідәҺвҖңжң¬ең°вҖқжҰӮеҝөеңЁдёҚеҗҢеңәжҷҜдёӢзҡ„и®Ёи®әдёҺжҠҖжңҜж“ҚдҪңдҝЎжҒҜпјҡ1. еӨ§жЁЎеһӢйғЁзҪІпјҡи®Ёи®әжң¬ең°йғЁзҪІеӨ§жЁЎеһӢпјҲеҰӮ700дәҝеҸӮж•°д»ҘдёҠпјүдёҺйҮҸеҢ–зүҲжң¬пјҲеҰӮ14b Q4йҮҸеҢ–пјүзҡ„жҖ§иғҪе·®и·қпјҢжҢҮеҮәдјҒдёҡзә§жң¬ең°з®—еҠӣжңҚеҠЎеҷЁйғЁзҪІдёҺдёӘдәәз”өи„‘иҝҗиЎҢе°ҸеҸӮж•°жЁЎеһӢзҡ„еҢәеҲ«гҖӮ2. иҜҚиҜӯиҫЁжһҗпјҡи§ЈйҮҠвҖңжң¬ең°вҖқдёҺвҖңеҪ“ең°вҖқзҡ„иҜӯд№үеҢәеҲ«пјҢеј•з”ЁгҖҠи®әиҜӯгҖӢеҸҠжұүиҜӯиҜҚе…ёйҮҠд№үгҖӮ3. ж“ҚдҪңзі»з»ҹж“ҚдҪңпјҡжҸҗдҫӣWindowsзі»з»ҹдёӯжү“ејҖжҺ§еҲ¶йқўжқҝгҖҒжң¬ең°з»„зӯ–з•Ҙзј–иҫ‘еҷЁгҖҒжң¬ең°з”ЁжҲ·е’Ңз»„гҖҒеҲҮжҚўеҫ®иҪҜиҙҰжҲ·еҲ°жң¬ең°иҙҰжҲ·зҡ„е…·дҪ“жӯҘйӘӨпјҲж¶үеҸҠWin11гҖҒWin10зӯүзүҲжң¬пјүгҖӮ4. иҪҜд»¶жҺЁиҚҗпјҡжҸҗеҸҠiOSе’Ңе®үеҚ“е№іеҸ°зҡ„жң¬ең°йҳ…иҜ»еә”з”ЁпјҲеҰӮеұұдёҳйҳ…иҜ»еҷЁгҖҒPerfect ViewerпјүпјҢејәи°ғзәҜеҮҖйҳ…иҜ»дҪ“йӘҢгҖӮжүҖжңүеҶ…е®№еқҮдёәзӢ¬з«ӢзүҮж®өпјҢж—¶й—ҙи·ЁеәҰд»Һ2018е№ҙиҮі2025е№ҙпјҢж— жҳҺжҳҫз»ҹдёҖдәӢд»¶жҲ–зҙ§жҖҘжғ…еҶөгҖӮ', 'notice', 'normal', 'иҜҘеҶ…е®№дёәдҝЎжҒҜиҒҡеҗҲзүҮж®өпјҢж¶үеҸҠжҠҖжңҜи®Ёи®әгҖҒиҜҚиҜӯи§ЈйҮҠе’Ңж“ҚдҪңжҢҮеҚ—пјҢж— ж—¶ж•ҲжҖ§жҲ–е®үе…ЁйЈҺйҷ©гҖӮе»әи®®пјҡ1. иӢҘйңҖжҠҖжңҜеҸӮиҖғпјҢеҸҜеҲҶзұ»ж•ҙзҗҶпјҲеҰӮAIйғЁзҪІгҖҒзі»з»ҹж“ҚдҪңгҖҒиҪҜд»¶е·Ҙе…·пјүпјӣ2. жіЁж„ҸдҝЎжҒҜж—¶й—ҙе·®ејӮпјҢйғЁеҲҶж“ҚдҪңжӯҘйӘӨеҸҜиғҪйҡҸзі»з»ҹжӣҙж–°еҸҳеҢ–пјӣ3. ж— йңҖзҙ§жҖҘеӨ„зҗҶпјҢеҸҜдҪңдёәзҹҘиҜҶеә“иө„ж–ҷеҪ’жЎЈгҖӮ', '0', NULL);
INSERT INTO `ai_community_event` VALUES (70, 'е…ідәҺвҖңжң¬ең°вҖқжҰӮеҝөзҡ„еӨҡеңәжҷҜи®Ёи®әдёҺжҠҖжңҜдҝЎжҒҜжұҮжҖ»', 'еҶ…е®№еҢ…еҗ«еӨҡдёӘж—¶й—ҙзӮ№зҡ„и®Ёи®әзүҮж®өпјҢж¶үеҸҠпјҡ1. 2025е№ҙ6жңҲ25ж—Ҙе…ідәҺжң¬ең°йғЁзҪІеӨ§жЁЎеһӢпјҲеҰӮ700дәҝеҸӮж•°д»ҘдёҠи§„жЁЎпјүдёҺе®ҳзҪ‘зүҲжң¬жҖ§иғҪе·®ејӮзҡ„и®Ёи®әпјҢжҢҮеҮәйҮҸеҢ–зүҲжң¬дёҺж»ЎиЎҖзүҲзҡ„е·®и·қпјӣ2. 2021е№ҙ9жңҲ6ж—ҘеҜ№вҖңжң¬ең°вҖқдёҺвҖңеҪ“ең°вҖқиҜҚиҜӯеҢәеҲ«зҡ„йҮҠд№үпјӣ3. 2024е№ҙ1жңҲ31ж—ҘгҖҒ2025е№ҙ10жңҲ7ж—ҘгҖҒ2021е№ҙ11жңҲ26ж—ҘгҖҒ2021е№ҙ2жңҲ1ж—ҘзӯүеӨҡдёӘж—¶й—ҙзӮ№е…ідәҺWindowsзі»з»ҹж“ҚдҪңжҢҮеҚ—пјҲеҰӮжү“ејҖжҺ§еҲ¶йқўжқҝгҖҒжң¬ең°з»„зӯ–з•Ҙзј–иҫ‘еҷЁгҖҒжң¬ең°з”ЁжҲ·е’Ңз»„зӯүпјүзҡ„иҜҙжҳҺпјӣ4. 2020е№ҙ6жңҲ24ж—ҘдёҺ2018е№ҙ3жңҲ13ж—Ҙе…ідәҺжүӢжңәжң¬ең°йҳ…иҜ»AppпјҲеҰӮiOSеұұдёҳйҳ…иҜ»еҷЁгҖҒPerfect ViewerзңӢжј«з”»е·Ҙе…·пјүзҡ„жҺЁиҚҗпјӣ5. 2025е№ҙ7жңҲ18ж—ҘWin11д»Һеҫ®иҪҜиҙҰжҲ·еҲҮжҚўеҲ°жң¬ең°иҙҰжҲ·зҡ„ж–№жі•гҖӮеҶ…е®№дёәжҠҖжңҜи®Ёи®әдёҺж“ҚдҪңжҢҮеҚ—зҡ„ж··еҗҲпјҢж— жҳҺжҳҫзҙ§жҖҘдәӢд»¶жҲ–е®үе…ЁйЈҺйҷ©гҖӮ', 'notice', 'normal', 'иҜҘеҶ…е®№дёәдёҚеҗҢж—¶й—ҙжҠҖжңҜи®Ёи®әдёҺж“ҚдҪңжҢҮеҚ—зҡ„ж··еҗҲпјҢдҝЎжҒҜиҫғдёәйӣ¶ж•Јдё”ж— жҳҺзЎ®ж—¶ж•ҲжҖ§жҲ–зҙ§жҖҘйЈҺйҷ©гҖӮе»әи®®пјҡ1. иӢҘйңҖжҸҗеҸ–жҠҖжңҜдҝЎжҒҜпјҢеҸҜжҢүдё»йўҳпјҲеҰӮеӨ§жЁЎеһӢйғЁзҪІгҖҒзі»з»ҹж“ҚдҪңгҖҒиҪҜд»¶жҺЁиҚҗпјүеҲҶзұ»ж•ҙзҗҶпјӣ2. жіЁж„ҸеҶ…е®№дёӯж—¶й—ҙи·ЁеәҰиҫғеӨ§пјҢйғЁеҲҶж“ҚдҪңжҢҮеҚ—еҸҜиғҪйҡҸзі»з»ҹжӣҙж–°иҖҢиҝҮж—¶пјҢйңҖж ёе®һеҪ“еүҚйҖӮз”ЁжҖ§пјӣ3. ж— йңҖиҰҒз«ӢеҚіеӨ„зҗҶзҡ„зӨҫеҢәе®үе…ЁжҲ–зҙ§жҖҘдәӢеҠЎпјҢеҸҜеҪ’жЎЈдёәжҷ®йҖҡдҝЎжҒҜеҸӮиҖғгҖӮ', '0', NULL);
INSERT INTO `ai_community_event` VALUES (71, 'е…ідәҺвҖңжң¬ең°вҖқжҰӮеҝөзҡ„еӨҡйҮҚеҗ«д№үдёҺдҪҝз”ЁеңәжҷҜи®Ёи®ә', 'еҶ…е®№и®Ёи®әдәҶвҖңжң¬ең°вҖқдёҖиҜҚеңЁдёҚеҗҢиҜӯеўғдёӢзҡ„еӨҡз§Қеҗ«д№үпјҡ1. жҢҮдјҒдёҡз§ҒжңүеҢ–йғЁзҪІзҡ„еӨ§и§„жЁЎAIжЁЎеһӢпјҲеҰӮ700дәҝеҸӮж•°д»ҘдёҠпјүпјҢдёҺдёӘдәәз”өи„‘дёҠзҡ„е°ҸжЁЎеһӢеҜ№жҜ”пјӣ2. жҢҮжң¬ең°йғЁзҪІзҡ„йҮҸеҢ–зүҲдёҺе®ҳзҪ‘ж»ЎиЎҖзүҲAIжЁЎеһӢзҡ„жҖ§иғҪе·®и·қпјӣ3. и®Ўз®—жңәж“ҚдҪңдёӯзҡ„вҖңжң¬ең°з”ЁжҲ·е’Ңз»„вҖқгҖҒвҖңжҺ§еҲ¶йқўжқҝвҖқзӯүзі»з»ҹз®ЎзҗҶжҰӮеҝөпјӣ4. ең°зҗҶж„Ҹд№үдёҠзҡ„вҖңжң¬ең°вҖқдёҺвҖңеҪ“ең°вҖқзҡ„еҢәеҲ«пјӣ5. жүӢжңәжң¬ең°йҳ…иҜ»APPжҺЁиҚҗпјӣ6. Windowsзі»з»ҹеҫ®иҪҜиҙҰжҲ·дёҺжң¬ең°иҙҰжҲ·зҡ„еҲҮжҚўж–№жі•пјӣ7. жЁЎжӢҹеҷЁе®үиЈ…жң¬ең°APKж–Үд»¶зҡ„ж–№жі•пјӣ8. еҝҳи®°жң¬ең°иҙҰжҲ·еҜҶз Ғзҡ„и§ЈеҶіж–№жЎҲпјӣ9. жң¬ең°зңӢжј«з”»иҪҜд»¶жҺЁиҚҗгҖӮеҶ…е®№з”ұеӨҡдёӘдёҚеҗҢж—¶й—ҙгҖҒдёҚеҗҢдё»йўҳзҡ„зүҮж®өжӢјжҺҘиҖҢжҲҗпјҢж¶үеҸҠжҠҖжңҜгҖҒең°зҗҶгҖҒи®Ўз®—жңәж“ҚдҪңзӯүеӨҡдёӘйўҶеҹҹгҖӮ', 'notice', 'normal', 'иҜҘеҶ…е®№дёәдҝЎжҒҜжұҮзј–пјҢйқһеҚ•дёҖдәӢд»¶гҖӮе»әи®®пјҡ1. иӢҘз”ЁдәҺзҹҘиҜҶж•ҙзҗҶпјҢеҸҜжҢүдё»йўҳпјҲеҰӮAIйғЁзҪІгҖҒи®Ўз®—жңәж“ҚдҪңгҖҒиҪҜд»¶еә”з”ЁпјүеҜ№дҝЎжҒҜиҝӣиЎҢеҲҶзұ»йҮҚз»„гҖӮ2. иӢҘз”ЁдәҺзӨҫеҢәйҖҡзҹҘпјҢйңҖжҸҗеҸ–ж ёеҝғдё»йўҳе№¶йҮҚж–°з»„з»ҮжҲҗиҝһиҙҜзҡ„иҜҙжҳҺж–Үжң¬пјҢйҒҝе…ҚзүҮж®өе Ҷз ҢгҖӮ3. жіЁж„ҸиҫЁеҲ«дёҚеҗҢзүҮж®өзҡ„ж—¶й—ҙжңүж•ҲжҖ§пјҲеҰӮ2024гҖҒ2025е№ҙзҡ„ж“ҚдҪңжҢҮеҚ—еҸҜиғҪе…·жңүж—¶ж•ҲжҖ§пјүгҖӮ', '0', NULL);
INSERT INTO `ai_community_event` VALUES (72, 'жң¬ең°зӣҙж’ӯдё“дёҡзүҲжңҚеҠЎејӮеёё', 'жң¬ең°зӣҙж’ӯдё“дёҡзүҲжңҚеҠЎдәҺжҠ–йҹіз”ҹжҙ»жңҚеҠЎе•Ҷе®¶дёҺиҫҫдәәпјҢжҸҗдҫӣдёҖз«ҷејҸзӣҙж’ӯи§ЈеҶіж–№жЎҲпјҢзҺ©иҪ¬жң¬ең°зӣҙж’ӯеёҰиҙ§гҖӮеҪ“еүҚеҮәзҺ°зҪ‘з»ңй”ҷиҜҜпјҢиҜ·йҮҚиҜ•гҖӮ', 'notice', 'normal', 'е»әи®®з”ЁжҲ·жЈҖжҹҘзҪ‘з»ңиҝһжҺҘеҗҺйҮҚиҜ•пјҢиӢҘй—®йўҳжҢҒз»ӯпјҢеҸҜиҒ”зі»жҠҖжңҜж”ҜжҢҒжҲ–жҹҘзңӢжңҚеҠЎзҠ¶жҖҒе…¬е‘ҠгҖӮ', '0', NULL);
INSERT INTO `ai_community_event` VALUES (73, 'жң¬ең°зӣҙж’ӯдё“дёҡзүҲжңҚеҠЎејӮеёё', 'жң¬ең°зӣҙж’ӯдё“дёҡзүҲжңҚеҠЎдәҺжҠ–йҹіз”ҹжҙ»жңҚеҠЎе•Ҷе®¶дёҺиҫҫдәәпјҢжҸҗдҫӣдёҖз«ҷејҸзӣҙж’ӯи§ЈеҶіж–№жЎҲпјҢзҺ©иҪ¬жң¬ең°зӣҙж’ӯеёҰиҙ§гҖӮеҪ“еүҚеҮәзҺ°зҪ‘з»ңй”ҷиҜҜпјҢиҜ·йҮҚиҜ•гҖӮ', 'notice', 'normal', 'е»әи®®з”ЁжҲ·жЈҖжҹҘзҪ‘з»ңиҝһжҺҘеҗҺйҮҚиҜ•пјҢиӢҘй—®йўҳжҢҒз»ӯпјҢеҸҜиҒ”зі»жҠҖжңҜж”ҜжҢҒжҲ–жҹҘзңӢжңҚеҠЎзҠ¶жҖҒе…¬е‘ҠгҖӮ', '0', NULL);
INSERT INTO `ai_community_event` VALUES (74, 'жң¬ең°зӣҙж’ӯдё“дёҡзүҲжңҚеҠЎејӮеёё', 'жң¬ең°зӣҙж’ӯдё“дёҡзүҲжңҚеҠЎдәҺжҠ–йҹіз”ҹжҙ»жңҚеҠЎе•Ҷе®¶дёҺиҫҫдәәпјҢжҸҗдҫӣдёҖз«ҷејҸзӣҙж’ӯи§ЈеҶіж–№жЎҲпјҢзҺ©иҪ¬жң¬ең°зӣҙж’ӯеёҰиҙ§гҖӮеҪ“еүҚеҮәзҺ°зҪ‘з»ңй”ҷиҜҜпјҢиҜ·йҮҚиҜ•гҖӮ', 'notice', 'normal', 'е»әи®®з”ЁжҲ·жЈҖжҹҘзҪ‘з»ңиҝһжҺҘеҗҺйҮҚиҜ•пјҢиӢҘй—®йўҳжҢҒз»ӯпјҢеҸҜиҒ”зі»жҠҖжңҜж”ҜжҢҒжҲ–жҹҘзңӢжңҚеҠЎзҠ¶жҖҒе…¬е‘ҠгҖӮ', '0', NULL);
INSERT INTO `ai_community_event` VALUES (75, 'жң¬ең°зӣҙж’ӯдё“дёҡзүҲжңҚеҠЎејӮеёё', 'жң¬ең°зӣҙж’ӯдё“дёҡзүҲжңҚеҠЎдәҺжҠ–йҹіз”ҹжҙ»жңҚеҠЎе•Ҷе®¶дёҺиҫҫдәәпјҢжҸҗдҫӣдёҖз«ҷејҸзӣҙж’ӯи§ЈеҶіж–№жЎҲпјҢзҺ©иҪ¬жң¬ең°зӣҙж’ӯеёҰиҙ§гҖӮеҪ“еүҚеҮәзҺ°зҪ‘з»ңй”ҷиҜҜпјҢиҜ·йҮҚиҜ•гҖӮ', 'notice', 'normal', 'е»әи®®з”ЁжҲ·жЈҖжҹҘзҪ‘з»ңиҝһжҺҘеҗҺйҮҚиҜ•пјҢиӢҘй—®йўҳжҢҒз»ӯпјҢеҸҜиҒ”зі»жҠҖжңҜж”ҜжҢҒжҲ–жҹҘзңӢжңҚеҠЎзҠ¶жҖҒе…¬е‘ҠгҖӮ', '0', NULL);
INSERT INTO `ai_community_event` VALUES (76, 'жң¬ең°зӣҙж’ӯдё“дёҡзүҲжңҚеҠЎејӮеёё', 'жң¬ең°зӣҙж’ӯдё“дёҡзүҲжңҚеҠЎдәҺжҠ–йҹіз”ҹжҙ»жңҚеҠЎе•Ҷе®¶дёҺиҫҫдәәпјҢжҸҗдҫӣдёҖз«ҷејҸзӣҙж’ӯи§ЈеҶіж–№жЎҲпјҢзҺ©иҪ¬жң¬ең°зӣҙж’ӯеёҰиҙ§гҖӮеҪ“еүҚеҮәзҺ°зҪ‘з»ңй”ҷиҜҜпјҢиҜ·йҮҚиҜ•гҖӮ', 'notice', 'normal', 'е»әи®®з”ЁжҲ·жЈҖжҹҘзҪ‘з»ңиҝһжҺҘеҗҺйҮҚиҜ•пјҢиӢҘй—®йўҳжҢҒз»ӯпјҢеҸҜиҒ”зі»жҠҖжңҜж”ҜжҢҒжҲ–жҹҘзңӢжңҚеҠЎзҠ¶жҖҒе…¬е‘ҠгҖӮ', '0', NULL);
INSERT INTO `ai_community_event` VALUES (77, 'жң¬ең°зӣҙж’ӯдё“дёҡзүҲжңҚеҠЎејӮеёё', 'жң¬ең°зӣҙж’ӯдё“дёҡзүҲжңҚеҠЎдәҺжҠ–йҹіз”ҹжҙ»жңҚеҠЎе•Ҷе®¶дёҺиҫҫдәәпјҢжҸҗдҫӣдёҖз«ҷејҸзӣҙж’ӯи§ЈеҶіж–№жЎҲпјҢзҺ©иҪ¬жң¬ең°зӣҙж’ӯеёҰиҙ§гҖӮеҪ“еүҚеҮәзҺ°зҪ‘з»ңй”ҷиҜҜпјҢиҜ·йҮҚиҜ•гҖӮ', 'notice', 'normal', 'е»әи®®з”ЁжҲ·жЈҖжҹҘзҪ‘з»ңиҝһжҺҘеҗҺйҮҚиҜ•пјҢиӢҘй—®йўҳжҢҒз»ӯпјҢеҸҜиҒ”зі»жҠҖжңҜж”ҜжҢҒжҲ–жҹҘзңӢжңҚеҠЎзҠ¶жҖҒе…¬е‘ҠгҖӮ', '0', NULL);
INSERT INTO `ai_community_event` VALUES (78, 'жң¬ең°зӣҙж’ӯдё“дёҡзүҲжңҚеҠЎејӮеёё', 'жң¬ең°зӣҙж’ӯдё“дёҡзүҲжңҚеҠЎдәҺжҠ–йҹіз”ҹжҙ»жңҚеҠЎе•Ҷе®¶дёҺиҫҫдәәпјҢжҸҗдҫӣдёҖз«ҷејҸзӣҙж’ӯи§ЈеҶіж–№жЎҲпјҢзҺ©иҪ¬жң¬ең°зӣҙж’ӯеёҰиҙ§гҖӮеҪ“еүҚеҮәзҺ°зҪ‘з»ңй”ҷиҜҜпјҢиҜ·йҮҚиҜ•гҖӮ', 'notice', 'normal', 'е»әи®®з”ЁжҲ·жЈҖжҹҘзҪ‘з»ңиҝһжҺҘеҗҺйҮҚиҜ•пјҢиӢҘй—®йўҳжҢҒз»ӯпјҢеҸҜиҒ”зі»жҠҖжңҜж”ҜжҢҒжҲ–жҹҘзңӢжңҚеҠЎзҠ¶жҖҒе…¬е‘ҠгҖӮ', '0', NULL);
INSERT INTO `ai_community_event` VALUES (79, 'жң¬ең°зӣҙж’ӯдё“дёҡзүҲжңҚеҠЎејӮеёё', 'жң¬ең°зӣҙж’ӯдё“дёҡзүҲжңҚеҠЎдәҺжҠ–йҹіз”ҹжҙ»жңҚеҠЎе•Ҷе®¶дёҺиҫҫдәәпјҢжҸҗдҫӣдёҖз«ҷејҸзӣҙж’ӯи§ЈеҶіж–№жЎҲпјҢзҺ©иҪ¬жң¬ең°зӣҙж’ӯеёҰиҙ§гҖӮеҪ“еүҚеҮәзҺ°зҪ‘з»ңй”ҷиҜҜпјҢиҜ·йҮҚиҜ•гҖӮ', 'notice', 'normal', 'е»әи®®з”ЁжҲ·жЈҖжҹҘзҪ‘з»ңиҝһжҺҘеҗҺйҮҚиҜ•пјҢиӢҘй—®йўҳжҢҒз»ӯпјҢеҸҜиҒ”зі»жҠҖжңҜж”ҜжҢҒжҲ–жҹҘзңӢжңҚеҠЎзҠ¶жҖҒе…¬е‘ҠгҖӮ', '0', NULL);
INSERT INTO `ai_community_event` VALUES (80, 'жң¬ең°зӣҙж’ӯдё“дёҡзүҲжңҚеҠЎејӮеёё', 'жң¬ең°зӣҙж’ӯдё“дёҡзүҲжңҚеҠЎдәҺжҠ–йҹіз”ҹжҙ»жңҚеҠЎе•Ҷе®¶дёҺиҫҫдәәпјҢжҸҗдҫӣдёҖз«ҷејҸзӣҙж’ӯи§ЈеҶіж–№жЎҲпјҢзҺ©иҪ¬жң¬ең°зӣҙж’ӯеёҰиҙ§гҖӮеҪ“еүҚеҮәзҺ°зҪ‘з»ңй”ҷиҜҜпјҢиҜ·йҮҚиҜ•гҖӮ', 'notice', 'normal', 'е»әи®®з”ЁжҲ·жЈҖжҹҘзҪ‘з»ңиҝһжҺҘеҗҺйҮҚиҜ•пјҢиӢҘй—®йўҳжҢҒз»ӯпјҢеҸҜиҒ”зі»жҠҖжңҜж”ҜжҢҒжҲ–жҹҘзңӢжңҚеҠЎзҠ¶жҖҒе…¬е‘ҠгҖӮ', '0', NULL);
INSERT INTO `ai_community_event` VALUES (81, 'жң¬ең°зӣҙж’ӯдё“дёҡзүҲжңҚеҠЎејӮеёё', 'жң¬ең°зӣҙж’ӯдё“дёҡзүҲжңҚеҠЎдәҺжҠ–йҹіз”ҹжҙ»жңҚеҠЎе•Ҷе®¶дёҺиҫҫдәәпјҢжҸҗдҫӣдёҖз«ҷејҸзӣҙж’ӯи§ЈеҶіж–№жЎҲпјҢзҺ©иҪ¬жң¬ең°зӣҙж’ӯеёҰиҙ§гҖӮеҪ“еүҚеҮәзҺ°зҪ‘з»ңй”ҷиҜҜпјҢиҜ·йҮҚиҜ•гҖӮ', 'notice', 'normal', 'е»әи®®з”ЁжҲ·жЈҖжҹҘзҪ‘з»ңиҝһжҺҘеҗҺйҮҚиҜ•пјҢиӢҘй—®йўҳжҢҒз»ӯпјҢеҸҜиҒ”зі»жҠҖжңҜж”ҜжҢҒжҲ–жҹҘзңӢжңҚеҠЎзҠ¶жҖҒе…¬е‘ҠгҖӮ', '0', NULL);
INSERT INTO `ai_community_event` VALUES (82, 'жң¬ең°зӣҙж’ӯдё“дёҡзүҲжңҚеҠЎејӮеёё', 'жң¬ең°зӣҙж’ӯдё“дёҡзүҲжңҚеҠЎдәҺжҠ–йҹіз”ҹжҙ»жңҚеҠЎе•Ҷе®¶дёҺиҫҫдәәпјҢжҸҗдҫӣдёҖз«ҷејҸзӣҙж’ӯи§ЈеҶіж–№жЎҲпјҢзҺ©иҪ¬жң¬ең°зӣҙж’ӯеёҰиҙ§гҖӮеҪ“еүҚеҮәзҺ°зҪ‘з»ңй”ҷиҜҜпјҢиҜ·йҮҚиҜ•гҖӮ', 'notice', 'normal', 'е»әи®®з”ЁжҲ·жЈҖжҹҘзҪ‘з»ңиҝһжҺҘеҗҺйҮҚиҜ•пјҢиӢҘй—®йўҳжҢҒз»ӯпјҢеҸҜиҒ”зі»жҠҖжңҜж”ҜжҢҒжҲ–жҹҘзңӢжңҚеҠЎзҠ¶жҖҒе…¬е‘ҠгҖӮ', '0', NULL);
INSERT INTO `ai_community_event` VALUES (83, 'жң¬ең°зӣҙж’ӯдё“дёҡзүҲжңҚеҠЎејӮеёё', 'жң¬ең°зӣҙж’ӯдё“дёҡзүҲжңҚеҠЎдәҺжҠ–йҹіз”ҹжҙ»жңҚеҠЎе•Ҷе®¶дёҺиҫҫдәәпјҢжҸҗдҫӣдёҖз«ҷејҸзӣҙж’ӯи§ЈеҶіж–№жЎҲпјҢзҺ©иҪ¬жң¬ең°зӣҙж’ӯеёҰиҙ§гҖӮеҪ“еүҚеҮәзҺ°зҪ‘з»ңй”ҷиҜҜпјҢиҜ·йҮҚиҜ•гҖӮ', 'notice', 'normal', 'е»әи®®з”ЁжҲ·жЈҖжҹҘзҪ‘з»ңиҝһжҺҘеҗҺйҮҚиҜ•пјҢиӢҘй—®йўҳжҢҒз»ӯпјҢеҸҜиҒ”зі»жҠҖжңҜж”ҜжҢҒжҲ–жҹҘзңӢжңҚеҠЎзҠ¶жҖҒе…¬е‘ҠгҖӮ', '0', NULL);
INSERT INTO `ai_community_event` VALUES (84, 'жҠҖжңҜж•ҷзЁӢдёҺиҪҜд»¶еҲҶдә«еҶ…е®№жұҮжҖ»', 'еҶ…е®№еҢ…еҗ«еӨҡдёӘж—¶й—ҙзӮ№зҡ„жҠҖжңҜзӣёе…іеё–еӯҗпјҡ1. 2019е№ҙ9жңҲ11ж—Ҙе…ідәҺдҪҝз”ЁиҠұз”ҹеЈіе’Ңwampserverжҗӯе»әжң¬ең°жңҚеҠЎзҡ„ж•ҷзЁӢпјӣ2. 2025е№ҙ11жңҲ21ж—Ҙе…ідәҺжҗӯе»әз®Җжҳ“HTTPжңҚеҠЎзҡ„жғіжі•пјӣ3. 1еӨ©еүҚе…ідәҺеҗҫзҲұз ҙи§Ји®әеқӣзҡ„д»Ӣз»Қпјӣ4. 2023е№ҙ12жңҲ27ж—ҘжӨ’зӣҗйҹід№җж’ӯж”ҫеҷЁжӣҙж–°дҝЎжҒҜпјӣ5. 2024е№ҙ4жңҲ7ж—ҘMPC-BEж’ӯж”ҫеҷЁд»Ӣз»Қпјӣ6. 2024е№ҙ1жңҲ19ж—ҘAndroidжң¬ең°ж’ӯж”ҫеҷЁеҠҹиғҪиҜҙжҳҺпјӣ7. з®ҖеҚ•йҳ…иҜ»иҪҜд»¶д»Ӣз»ҚдёҺдёӢиҪҪең°еқҖпјӣ8. 2020е№ҙ7жңҲ5ж—ҘiReaderжң¬ең°зүҲд»Ӣз»Қпјӣ9. 2024е№ҙ12жңҲ13ж—ҘйӘҢиҜҒжңәеҲ¶жәҗз ҒеҲҶдә«пјӣ10. 2021е№ҙ8жңҲ12ж—ҘSundyж°ўз¬”и®°иҪҜд»¶д»Ӣз»ҚгҖӮ', 'notice', 'normal', 'иҜҘеҶ…е®№дёәеӨҡдёӘж—¶й—ҙзӮ№зҡ„жҠҖжңҜж•ҷзЁӢдёҺиҪҜд»¶еҲҶдә«жұҮжҖ»пјҢеұһдәҺеёёи§„зӨҫеҢәдҝЎжҒҜеҲҶдә«гҖӮе»әи®®пјҡ1. жҢүдё»йўҳеҲҶзұ»ж•ҙзҗҶпјӣ2. жЈҖжҹҘеӨ–йғЁй“ҫжҺҘе®үе…ЁжҖ§пјӣ3. ж ҮжіЁиҪҜд»¶зүҲжң¬ж—¶ж•ҲжҖ§жҸҗзӨәпјӣ4. еҸҜиҖғиҷ‘жӢҶеҲҶдёәзӢ¬з«Ӣдё»йўҳеё–д»Ҙдҫҝз”ЁжҲ·жҹҘйҳ…гҖӮ', '0', NULL);
INSERT INTO `ai_community_event` VALUES (85, 'жҠҖжңҜж•ҷзЁӢдёҺиҪҜд»¶еҲҶдә«еҶ…е®№жұҮжҖ»', 'еҶ…е®№еҢ…еҗ«еӨҡдёӘж—¶й—ҙзӮ№зҡ„жҠҖжңҜзӣёе…іеё–еӯҗпјҡ1. 2019е№ҙ9жңҲ11ж—Ҙе…ідәҺдҪҝз”ЁиҠұз”ҹеЈіе’Ңwampserverжҗӯе»әжң¬ең°жңҚеҠЎзҡ„ж•ҷзЁӢпјӣ2. 2025е№ҙ11жңҲ21ж—Ҙе…ідәҺжҗӯе»әз®Җжҳ“HTTPжңҚеҠЎзҡ„жғіжі•пјӣ3. 1еӨ©еүҚе…ідәҺеҗҫзҲұз ҙи§Ји®әеқӣзҡ„д»Ӣз»Қпјӣ4. 2023е№ҙ12жңҲ27ж—ҘжӨ’зӣҗйҹід№җж’ӯж”ҫеҷЁжӣҙж–°пјӣ5. 2024е№ҙ4жңҲ7ж—ҘMPC-BEж’ӯж”ҫеҷЁд»Ӣз»Қпјӣ6. 2024е№ҙ1жңҲ19ж—ҘAndroidжң¬ең°ж’ӯж”ҫеҷЁеҠҹиғҪиҜҙжҳҺпјӣ7. з®ҖеҚ•йҳ…иҜ»иҪҜд»¶д»Ӣз»ҚдёҺдёӢиҪҪпјӣ8. 2020е№ҙ7жңҲ5ж—ҘiReaderжң¬ең°зүҲд»Ӣз»Қпјӣ9. 2024е№ҙ12жңҲ13ж—ҘйӘҢиҜҒжңәеҲ¶жәҗз ҒеҲҶдә«пјӣ10. 2021е№ҙ8жңҲ12ж—ҘSundyж°ўз¬”и®°иҪҜд»¶д»Ӣз»ҚгҖӮ', 'notice', 'normal', 'иҜҘеҶ…е®№дёәеӨҡдёӘж—¶й—ҙзӮ№зҡ„жҠҖжңҜж•ҷзЁӢгҖҒиҪҜд»¶еҲҶдә«е’Ңи®әеқӣд»Ӣз»ҚжұҮжҖ»пјҢеұһдәҺеёёи§„дҝЎжҒҜеҲҶдә«пјҢж— зҙ§жҖҘжҲ–е®үе…ЁйЈҺйҷ©гҖӮе»әи®®жҢүжҷ®йҖҡйҖҡзҹҘеҪ’жЎЈпјҢж— йңҖзү№ж®ҠеӨ„зҗҶгҖӮ', '0', NULL);
INSERT INTO `ai_community_event` VALUES (86, 'жҠҖжңҜж•ҷзЁӢдёҺиҪҜд»¶еҲҶдә«еҶ…е®№жұҮжҖ»', 'еҶ…е®№еҢ…еҗ«еӨҡдёӘж—¶й—ҙзӮ№зҡ„жҠҖжңҜзӣёе…іеё–еӯҗпјҡ1. 2019е№ҙ9жңҲ11ж—Ҙе…ідәҺдҪҝз”ЁиҠұз”ҹеЈіе’Ңwampserverжҗӯе»әжң¬ең°жңҚеҠЎзҡ„ж•ҷзЁӢпјӣ2. 2025е№ҙ11жңҲ21ж—Ҙе…ідәҺжҗӯе»әз®Җжҳ“HTTPжңҚеҠЎзҡ„жғіжі•пјӣ3. 1еӨ©еүҚе…ідәҺеҗҫзҲұз ҙи§Ји®әеқӣзҡ„д»Ӣз»Қпјӣ4. 2023е№ҙ12жңҲ27ж—ҘжӨ’зӣҗйҹід№җж’ӯж”ҫеҷЁжӣҙж–°дҝЎжҒҜпјӣ5. 2024е№ҙ4жңҲ7ж—ҘMPC-BEж’ӯж”ҫеҷЁд»Ӣз»Қпјӣ6. 2024е№ҙ1жңҲ19ж—ҘAndroidжң¬ең°ж’ӯж”ҫеҷЁеҠҹиғҪиҜҙжҳҺпјӣ7. з®ҖеҚ•йҳ…иҜ»иҪҜд»¶д»Ӣз»ҚдёҺдёӢиҪҪең°еқҖпјӣ8. 2020е№ҙ7жңҲ5ж—ҘiReaderжң¬ең°зүҲд»Ӣз»Қпјӣ9. 2024е№ҙ12жңҲ13ж—Ҙе…ідәҺжң¬ең°йӘҢиҜҒз Ғе·Ҙе…·зҡ„иҜҙжҳҺпјӣ10. 2021е№ҙ8жңҲ12ж—ҘSundyж°ўз¬”и®°иҪҜд»¶д»Ӣз»ҚгҖӮ', 'notice', 'normal', 'иҜҘеҶ…е®№дёәеӨҡдёӘж—¶й—ҙзӮ№зҡ„жҠҖжңҜж•ҷзЁӢдёҺиҪҜд»¶еҲҶдә«жұҮжҖ»пјҢеұһдәҺеёёи§„зӨҫеҢәдҝЎжҒҜеҲҶдә«гҖӮе»әи®®пјҡ1. жҢүж—¶й—ҙйЎәеәҸжҲ–дё»йўҳеҲҶзұ»ж•ҙзҗҶеҶ…е®№пјӣ2. еҸҜж ҮжіЁжқҘжәҗи®әеқӣжҲ–е№іеҸ°пјӣ3. жіЁж„ҸиҪҜд»¶дёӢиҪҪй“ҫжҺҘзҡ„е®үе…ЁжҖ§жҸҗзӨәпјӣ4. иӢҘдҪңдёәе…¬е‘ҠеҸ‘еёғпјҢе»әи®®иЎҘе……еҲҶзұ»ж ҮзӯҫдҫҝдәҺз”ЁжҲ·жЈҖзҙўгҖӮ', '0', NULL);
INSERT INTO `ai_community_event` VALUES (87, 'жҠҖжңҜж•ҷзЁӢдёҺиҪҜд»¶еҲҶдә«еҶ…е®№жұҮжҖ»', 'еҶ…е®№еҢ…еҗ«еӨҡдёӘж—¶й—ҙзӮ№зҡ„жҠҖжңҜзӣёе…іеё–еӯҗпјҡ1. 2019е№ҙ9жңҲ11ж—Ҙе…ідәҺдҪҝз”ЁиҠұз”ҹеЈіе’Ңwampserverжҗӯе»әжң¬ең°жңҚеҠЎзҡ„ж•ҷзЁӢпјӣ2. 2025е№ҙ11жңҲ21ж—Ҙе…ідәҺжң¬ең°жҗӯе»әз®Җжҳ“HTTPжңҚеҠЎзҡ„жғіжі•пјӣ3. 1еӨ©еүҚе…ідәҺеҗҫзҲұз ҙи§Ји®әеқӣзҡ„д»Ӣз»Қпјӣ4. 2023е№ҙ12жңҲ27ж—ҘжӨ’зӣҗйҹід№җж’ӯж”ҫеҷЁжӣҙж–°дҝЎжҒҜпјӣ5. 2024е№ҙ4жңҲ7ж—ҘMPC-BEж’ӯж”ҫеҷЁд»Ӣз»Қпјӣ6. 2024е№ҙ1жңҲ19ж—ҘAndroidжң¬ең°ж’ӯж”ҫеҷЁеҠҹиғҪиҜҙжҳҺпјӣ7. з®ҖеҚ•йҳ…иҜ»иҪҜд»¶д»Ӣз»ҚдёҺдёӢиҪҪең°еқҖпјӣ8. 2020е№ҙ7жңҲ5ж—ҘiReaderжң¬ең°зүҲд»Ӣз»Қпјӣ9. 2024е№ҙ12жңҲ13ж—Ҙжң¬ең°йӘҢиҜҒе·Ҙе…·жәҗз ҒеҲҶдә«пјӣ10. 2021е№ҙ8жңҲ12ж—ҘSundyж°ўз¬”и®°иҪҜд»¶д»Ӣз»ҚгҖӮ', 'notice', 'normal', 'иҜҘеҶ…е®№дёәеӨҡдёӘж—¶й—ҙзӮ№зҡ„жҠҖжңҜж•ҷзЁӢдёҺиҪҜд»¶еҲҶдә«жұҮжҖ»пјҢеұһдәҺжҷ®йҖҡзӨҫеҢәдҝЎжҒҜе…¬е‘ҠгҖӮе»әи®®пјҡ1. жҢүдё»йўҳеҲҶзұ»ж•ҙзҗҶпјӣ2. жЈҖжҹҘй“ҫжҺҘе®үе…ЁжҖ§пјӣ3. ж ҮжіЁеҸ‘еёғж—¶й—ҙйҒҝе…Қж··ж·Ҷпјӣ4. еҸҜдҪңдёәжҠҖжңҜиө„жәҗеә“еҪ’жЎЈгҖӮ', '0', NULL);
INSERT INTO `ai_community_event` VALUES (88, 'жҠҖжңҜж•ҷзЁӢдёҺиҪҜд»¶еҲҶдә«еҶ…е®№жұҮжҖ»', 'еҶ…е®№еҢ…еҗ«еӨҡдёӘж—¶й—ҙзӮ№зҡ„жҠҖжңҜзӣёе…іеё–еӯҗпјҡ1. 2019е№ҙ9жңҲ11ж—Ҙе…ідәҺдҪҝз”ЁиҠұз”ҹеЈіе’Ңwampserverжҗӯе»әжң¬ең°жңҚеҠЎзҡ„ж•ҷзЁӢпјӣ2. 2025е№ҙ11жңҲ21ж—Ҙе…ідәҺжң¬ең°жҗӯе»әз®Җжҳ“HTTPжңҚеҠЎзҡ„жғіжі•пјӣ3. 1еӨ©еүҚе…ідәҺеҗҫзҲұз ҙи§Ји®әеқӣзҡ„д»Ӣз»Қпјӣ4. 2023е№ҙ12жңҲ27ж—ҘжӨ’зӣҗйҹід№җж’ӯж”ҫеҷЁжӣҙж–°дҝЎжҒҜпјӣ5. 2024е№ҙ4жңҲ7ж—ҘMPC-BEж’ӯж”ҫеҷЁд»Ӣз»Қпјӣ6. 2024е№ҙ1жңҲ19ж—ҘAndroidжң¬ең°ж’ӯж”ҫеҷЁеҠҹиғҪиҜҙжҳҺпјӣ7. з®ҖеҚ•йҳ…иҜ»иҪҜд»¶д»Ӣз»Қпјӣ8. 2020е№ҙ7жңҲ5ж—ҘiReaderжң¬ең°зүҲд»Ӣз»Қпјӣ9. 2024е№ҙ12жңҲ13ж—ҘйӘҢиҜҒжңәеҲ¶жәҗз ҒеҲҶдә«пјӣ10. 2021е№ҙ8жңҲ12ж—ҘSundyж°ўз¬”и®°иҪҜд»¶д»Ӣз»ҚгҖӮ', 'notice', 'normal', 'иҜҘеҶ…е®№дёәеӨҡдёӘж—¶й—ҙзӮ№зҡ„жҠҖжңҜж•ҷзЁӢе’ҢиҪҜд»¶еҲҶдә«жұҮжҖ»пјҢеұһдәҺеёёи§„зӨҫеҢәдҝЎжҒҜеҲҶдә«гҖӮе»әи®®пјҡ1. жҢүдё»йўҳеҲҶзұ»ж•ҙзҗҶпјӣ2. жЈҖжҹҘй“ҫжҺҘе®үе…ЁжҖ§пјӣ3. ж ҮжіЁеҸ‘еёғж—¶й—ҙйҒҝе…Қж—¶ж•ҲжҖ§иҜҜеҜјпјӣ4. еҸҜдҪңдёәжҠҖжңҜиө„жәҗеә“еҪ’жЎЈгҖӮ', '0', NULL);
INSERT INTO `ai_community_event` VALUES (89, 'жҠҖжңҜж•ҷзЁӢдёҺиҪҜд»¶еҲҶдә«еҶ…е®№жұҮжҖ»', 'еҶ…е®№еҢ…еҗ«еӨҡдёӘж—¶й—ҙзӮ№зҡ„жҠҖжңҜзӣёе…іеё–еӯҗпјҡ1. 2019е№ҙ9жңҲ11ж—Ҙе…ідәҺдҪҝз”ЁиҠұз”ҹеЈіе’Ңwampserverжҗӯе»әжң¬ең°жңҚеҠЎзҡ„ж•ҷзЁӢпјӣ2. 2025е№ҙ11жңҲ21ж—Ҙе…ідәҺжҗӯе»әз®Җжҳ“HTTPд»ЈзҗҶжңҚеҠЎзҡ„жғіжі•пјӣ3. 1еӨ©еүҚе…ідәҺеҗҫзҲұз ҙи§Ји®әеқӣзҡ„д»Ӣз»Қпјӣ4. 2023е№ҙ12жңҲ27ж—ҘжӨ’зӣҗйҹід№җж’ӯж”ҫеҷЁжӣҙж–°дҝЎжҒҜпјӣ5. 2024е№ҙ4жңҲ7ж—ҘMPC-BEж’ӯж”ҫеҷЁд»Ӣз»Қпјӣ6. 2024е№ҙ1жңҲ19ж—ҘAndroidжң¬ең°ж’ӯж”ҫеҷЁеҠҹиғҪиҜҙжҳҺпјӣ7. з®ҖеҚ•йҳ…иҜ»иҪҜд»¶д»Ӣз»ҚдёҺдёӢиҪҪең°еқҖпјӣ8. 2020е№ҙ7жңҲ5ж—ҘiReaderжң¬ең°зүҲд»Ӣз»Қпјӣ9. 2024е№ҙ12жңҲ13ж—ҘйӘҢиҜҒжңәеҲ¶жәҗз ҒеҲҶдә«пјӣ10. 2021е№ҙ8жңҲ12ж—ҘSundyж°ўз¬”и®°иҪҜд»¶д»Ӣз»ҚгҖӮ', 'notice', 'normal', 'иҜҘеҶ…е®№дёәеӨҡдёӘж—¶й—ҙзӮ№зҡ„жҠҖжңҜж•ҷзЁӢдёҺиҪҜд»¶еҲҶдә«жұҮжҖ»пјҢеұһдәҺеёёи§„зӨҫеҢәдҝЎжҒҜеҲҶдә«гҖӮе»әи®®пјҡ1. жҢүдё»йўҳеҲҶзұ»ж•ҙзҗҶпјӣ2. жЈҖжҹҘй“ҫжҺҘе®үе…ЁжҖ§пјӣ3. ж ҮжіЁиҪҜд»¶зүҲжң¬ж—¶ж•ҲжҖ§пјӣ4. жҸҗйҶ’з”ЁжҲ·жіЁж„ҸиҪҜд»¶жқҘжәҗеҸҜдҝЎеәҰгҖӮ', '0', NULL);
INSERT INTO `ai_community_event` VALUES (90, 'жҠҖжңҜж•ҷзЁӢдёҺиҪҜд»¶еҲҶдә«еҶ…е®№жұҮжҖ»', 'еҶ…е®№еҢ…еҗ«еӨҡдёӘж—¶й—ҙзӮ№зҡ„жҠҖжңҜзӣёе…іеё–еӯҗпјҡ1. 2019е№ҙ9жңҲ11ж—Ҙе…ідәҺдҪҝз”ЁиҠұз”ҹеЈіе’Ңwampserverжҗӯе»әжң¬ең°жңҚеҠЎзҡ„ж•ҷзЁӢпјӣ2. 2025е№ҙ11жңҲ21ж—Ҙе…ідәҺжҗӯе»әз®Җжҳ“HTTPжңҚеҠЎзҡ„жғіжі•пјӣ3. 1еӨ©еүҚе…ідәҺеҗҫзҲұз ҙи§Ји®әеқӣзҡ„д»Ӣз»Қпјӣ4. 2023е№ҙ12жңҲ27ж—ҘжӨ’зӣҗйҹід№җж’ӯж”ҫеҷЁжӣҙж–°дҝЎжҒҜпјӣ5. 2024е№ҙ4жңҲ7ж—ҘMPC-BEж’ӯж”ҫеҷЁд»Ӣз»Қпјӣ6. 2024е№ҙ1жңҲ19ж—ҘAndroidжң¬ең°ж’ӯж”ҫеҷЁеҠҹиғҪиҜҙжҳҺпјӣ7. з®ҖеҚ•йҳ…иҜ»иҪҜд»¶д»Ӣз»ҚдёҺдёӢиҪҪең°еқҖпјӣ8. 2020е№ҙ7жңҲ5ж—ҘiReaderжң¬ең°зүҲд»Ӣз»Қпјӣ9. 2024е№ҙ12жңҲ13ж—ҘйӘҢиҜҒжңәеҲ¶жәҗз ҒеҲҶдә«пјӣ10. 2021е№ҙ8жңҲ12ж—ҘSundyж°ўз¬”и®°иҪҜд»¶д»Ӣз»ҚгҖӮ', 'notice', 'normal', 'иҜҘеҶ…е®№дёәеӨҡдёӘж—¶й—ҙзӮ№зҡ„жҠҖжңҜж•ҷзЁӢдёҺиҪҜд»¶еҲҶдә«жұҮжҖ»пјҢеұһдәҺеёёи§„зӨҫеҢәдҝЎжҒҜеҲҶдә«гҖӮе»әи®®пјҡ1. жҢүж—¶й—ҙжҲ–дё»йўҳеҲҶзұ»ж•ҙзҗҶпјӣ2. еҸҜж ҮжіЁжқҘжәҗи®әеқӣжҲ–е№іеҸ°пјӣ3. жіЁж„ҸиҪҜд»¶дёӢиҪҪй“ҫжҺҘзҡ„е®үе…ЁжҖ§жҸҗзӨәпјӣ4. еҜ№дәҺиҝҮж—¶дҝЎжҒҜпјҲеҰӮ2019е№ҙж•ҷзЁӢпјүеҸҜж·»еҠ ж—¶ж•ҲжҖ§иҜҙжҳҺгҖӮ', '0', NULL);
INSERT INTO `ai_community_event` VALUES (91, 'жҠҖжңҜж•ҷзЁӢдёҺиҪҜд»¶еҲҶдә«еҶ…е®№жұҮжҖ»', 'еҶ…е®№еҢ…еҗ«еӨҡдёӘж—¶й—ҙзӮ№зҡ„жҠҖжңҜзӣёе…іеё–еӯҗпјҡ1. 2019е№ҙ9жңҲ11ж—Ҙе…ідәҺдҪҝз”ЁиҠұз”ҹеЈіе’Ңwampserverжҗӯе»әжң¬ең°жңҚеҠЎзҡ„ж•ҷзЁӢпјӣ2. 2025е№ҙ11жңҲ21ж—Ҙе…ідәҺжң¬ең°жҗӯе»әз®Җжҳ“HTTPжңҚеҠЎзҡ„жғіжі•пјӣ3. 1еӨ©еүҚе…ідәҺеҗҫзҲұз ҙи§Ји®әеқӣзҡ„д»Ӣз»Қпјӣ4. 2023е№ҙ12жңҲ27ж—ҘжӨ’зӣҗйҹід№җж’ӯж”ҫеҷЁжӣҙж–°дҝЎжҒҜпјӣ5. 2024е№ҙ4жңҲ7ж—ҘMPC-BEж’ӯж”ҫеҷЁд»Ӣз»Қпјӣ6. 2024е№ҙ1жңҲ19ж—ҘAndroidжң¬ең°ж’ӯж”ҫеҷЁеҠҹиғҪиҜҙжҳҺпјӣ7. з®ҖеҚ•йҳ…иҜ»иҪҜд»¶д»Ӣз»Қпјӣ8. 2020е№ҙ7жңҲ5ж—ҘiReaderжң¬ең°зүҲдҝЎжҒҜпјӣ9. 2024е№ҙ12жңҲ13ж—ҘйӘҢиҜҒжңәеҲ¶жәҗз ҒеҲҶдә«пјӣ10. 2021е№ҙ8жңҲ12ж—ҘSundyж°ўз¬”и®°иҪҜд»¶д»Ӣз»ҚгҖӮ', 'notice', 'normal', 'иҜҘеҶ…е®№дёәеӨҡдёӘж—¶й—ҙзӮ№зҡ„жҠҖжңҜж•ҷзЁӢе’ҢиҪҜд»¶еҲҶдә«жұҮжҖ»пјҢеұһдәҺеёёи§„зӨҫеҢәдҝЎжҒҜеҲҶдә«гҖӮе»әи®®пјҡ1. жҢүдё»йўҳеҲҶзұ»ж•ҙзҗҶпјӣ2. жЈҖжҹҘй“ҫжҺҘе®үе…ЁжҖ§пјӣ3. ж ҮжіЁиҪҜд»¶зүҲжң¬ж—¶ж•ҲжҖ§пјӣ4. еҸҜдҪңдёәжҠҖжңҜиө„жәҗеә“еҪ’жЎЈгҖӮ', '0', NULL);
INSERT INTO `ai_community_event` VALUES (92, 'жҠҖжңҜж•ҷзЁӢдёҺиҪҜд»¶еҲҶдә«еҶ…е®№жұҮжҖ»', 'еҶ…е®№еҢ…еҗ«еӨҡдёӘж—¶й—ҙзӮ№зҡ„жҠҖжңҜзӣёе…іеё–еӯҗпјҡ1. 2019е№ҙ9жңҲ11ж—Ҙе…ідәҺдҪҝз”ЁиҠұз”ҹеЈіе’Ңwampserverжҗӯе»әжң¬ең°жңҚеҠЎзҡ„ж•ҷзЁӢпјӣ2. 2025е№ҙ11жңҲ21ж—Ҙе…ідәҺжҗӯе»әз®Җжҳ“HTTPжңҚеҠЎзҡ„жғіжі•пјӣ3. 1еӨ©еүҚе…ідәҺеҗҫзҲұз ҙи§Ји®әеқӣзҡ„д»Ӣз»Қпјӣ4. 2023е№ҙ12жңҲ27ж—ҘжӨ’зӣҗйҹід№җж’ӯж”ҫеҷЁжӣҙж–°дҝЎжҒҜпјӣ5. 2024е№ҙ4жңҲ7ж—ҘMPC-BEж’ӯж”ҫеҷЁд»Ӣз»Қпјӣ6. 2024е№ҙ1жңҲ19ж—ҘAndroidжң¬ең°ж’ӯж”ҫеҷЁеҠҹиғҪиҜҙжҳҺпјӣ7. з®ҖеҚ•йҳ…иҜ»иҪҜд»¶д»Ӣз»ҚдёҺдёӢиҪҪең°еқҖпјӣ8. 2020е№ҙ7жңҲ5ж—ҘiReaderжң¬ең°зүҲд»Ӣз»Қпјӣ9. 2024е№ҙ12жңҲ13ж—ҘйӘҢиҜҒжңәеҲ¶жәҗз ҒеҲҶдә«пјӣ10. 2021е№ҙ8жңҲ12ж—ҘSundyж°ўз¬”и®°иҪҜд»¶д»Ӣз»ҚгҖӮ', 'notice', 'normal', 'иҜҘеҶ…е®№дёәеӨҡдёӘж—¶й—ҙзӮ№зҡ„жҠҖжңҜж•ҷзЁӢдёҺиҪҜд»¶еҲҶдә«жұҮжҖ»пјҢеұһдәҺеёёи§„зӨҫеҢәдҝЎжҒҜеҲҶдә«гҖӮе»әи®®пјҡ1. жҢүдё»йўҳеҲҶзұ»ж•ҙзҗҶпјӣ2. жЈҖжҹҘй“ҫжҺҘе®үе…ЁжҖ§пјӣ3. ж ҮжіЁеҸ‘еёғж—¶й—ҙйҒҝе…Қж—¶ж•ҲжҖ§иҜҜеҜјпјӣ4. еҸҜдҪңдёәжҠҖжңҜиө„жәҗеә“еҪ’жЎЈгҖӮ', '0', NULL);
INSERT INTO `ai_community_event` VALUES (93, 'жҠҖжңҜж•ҷзЁӢдёҺиҪҜд»¶еҲҶдә«еҶ…е®№жұҮжҖ»', 'еҶ…е®№еҢ…еҗ«еӨҡдёӘж—¶й—ҙзӮ№зҡ„жҠҖжңҜзӣёе…іеё–еӯҗпјҡиҠұз”ҹеЈідёҺwampserverе®үиЈ…ж•ҷзЁӢгҖҒжң¬ең°HTTPжңҚеҠЎжҗӯе»әжғіжі•гҖҒеҗҫзҲұз ҙи§Ји®әеқӣд»Ӣз»ҚгҖҒжӨ’зӣҗйҹід№җж’ӯж”ҫеҷЁжӣҙж–°гҖҒMPC-BEж’ӯж”ҫеҷЁд»Ӣз»ҚгҖҒAndroidжң¬ең°ж’ӯж”ҫеҷЁеҠҹиғҪиҜҙжҳҺгҖҒз®ҖеҚ•йҳ…иҜ»иҪҜд»¶д»Ӣз»ҚгҖҒiReaderжң¬ең°зүҲеҲҶдә«гҖҒйӘҢиҜҒз ҒжңәеҲ¶жәҗз ҒеҸӮиҖғгҖҒд»ҘеҸҠSundyж°ўз¬”и®°иҪҜд»¶жӣҙж–°гҖӮ', 'notice', 'normal', 'еҶ…е®№дёәжҠҖжңҜж•ҷзЁӢдёҺиҪҜд»¶еҲҶдә«пјҢеұһдәҺеёёи§„зӨҫеҢәдҝЎжҒҜгҖӮе»әи®®еҲҶзұ»еҪ’жЎЈиҮіжҠҖжңҜи®Ёи®әжҲ–иө„жәҗеҲҶдә«жқҝеқ—пјҢж— йңҖзү№ж®ҠеӨ„зҗҶгҖӮ', '0', NULL);
INSERT INTO `ai_community_event` VALUES (94, 'жҠҖжңҜж•ҷзЁӢдёҺиҪҜд»¶еҲҶдә«еҶ…е®№жұҮжҖ»', 'еҶ…е®№еҢ…еҗ«еӨҡдёӘж—¶й—ҙзӮ№зҡ„жҠҖжңҜзӣёе…іеё–еӯҗпјҡ1. 2019е№ҙ9жңҲ11ж—Ҙе…ідәҺдҪҝз”ЁиҠұз”ҹеЈіе’Ңwampserverжҗӯе»әжң¬ең°жңҚеҠЎзҡ„ж•ҷзЁӢпјӣ2. 2025е№ҙ11жңҲ21ж—Ҙе…ідәҺжң¬ең°жҗӯе»әз®Җжҳ“HTTPжңҚеҠЎзҡ„жғіжі•пјӣ3. 1еӨ©еүҚе…ідәҺеҗҫзҲұз ҙи§Ји®әеқӣзҡ„д»Ӣз»Қпјӣ4. 2023е№ҙ12жңҲ27ж—ҘжӨ’зӣҗйҹід№җж’ӯж”ҫеҷЁжӣҙж–°дҝЎжҒҜпјӣ5. 2024е№ҙ4жңҲ7ж—ҘMPC-BEж’ӯж”ҫеҷЁд»Ӣз»Қпјӣ6. 2024е№ҙ1жңҲ19ж—ҘAndroidжң¬ең°ж’ӯж”ҫеҷЁеҠҹиғҪиҜҙжҳҺпјӣ7. з®ҖеҚ•йҳ…иҜ»иҪҜд»¶д»Ӣз»ҚдёҺдёӢиҪҪең°еқҖпјӣ8. 2020е№ҙ7жңҲ5ж—ҘiReaderжң¬ең°зүҲд»Ӣз»Қпјӣ9. 2024е№ҙ12жңҲ13ж—Ҙе…ідәҺжң¬ең°йӘҢиҜҒжңәеҲ¶зҡ„д»Јз ҒеҲҶдә«пјӣ10. 2021е№ҙ8жңҲ12ж—ҘSundyж°ўз¬”и®°иҪҜд»¶д»Ӣз»ҚгҖӮ', 'notice', 'normal', 'иҜҘеҶ…е®№дёәеӨҡдёӘжҠҖжңҜж•ҷзЁӢе’ҢиҪҜд»¶еҲҶдә«зҡ„йӣҶеҗҲпјҢеұһдәҺеёёи§„зӨҫеҢәдҝЎжҒҜеҲҶдә«гҖӮе»әи®®пјҡ1. жҢүдё»йўҳеҲҶзұ»ж•ҙзҗҶпјӣ2. йӘҢиҜҒеӨ–йғЁй“ҫжҺҘе®үе…ЁжҖ§пјӣ3. ж ҮжіЁеҸ‘еёғж—¶й—ҙйҒҝе…ҚдҝЎжҒҜиҝҮж—¶иҜҜеҜјпјӣ4. еҸҜиҖғиҷ‘жӢҶеҲҶдёәзӢ¬з«Ӣдё»йўҳдҫҝдәҺз”ЁжҲ·жҹҘйҳ…гҖӮ', '0', NULL);
INSERT INTO `ai_community_event` VALUES (95, 'жҠҖжңҜж•ҷзЁӢдёҺиҪҜд»¶еҲҶдә«еҶ…е®№жұҮжҖ»', 'еҶ…е®№еҢ…еҗ«еӨҡдёӘж—¶й—ҙзӮ№зҡ„жҠҖжңҜзӣёе…іеё–еӯҗпјҡ1. 2019е№ҙ9жңҲ11ж—Ҙе…ідәҺдҪҝз”ЁиҠұз”ҹеЈіе’Ңwampserverжҗӯе»әжң¬ең°жңҚеҠЎзҡ„ж•ҷзЁӢпјӣ2. 2025е№ҙ11жңҲ21ж—Ҙе…ідәҺжң¬ең°жҗӯе»әз®Җжҳ“HTTPжңҚеҠЎзҡ„жғіжі•пјӣ3. 1еӨ©еүҚе…ідәҺеҗҫзҲұз ҙи§Ји®әеқӣзҡ„д»Ӣз»Қпјӣ4. 2023е№ҙ12жңҲ27ж—ҘжӨ’зӣҗйҹід№җж’ӯж”ҫеҷЁжӣҙж–°дҝЎжҒҜпјӣ5. 2024е№ҙ4жңҲ7ж—ҘMPC-BEж’ӯж”ҫеҷЁд»Ӣз»Қпјӣ6. 2024е№ҙ1жңҲ19ж—ҘAndroidжң¬ең°ж’ӯж”ҫеҷЁеҠҹиғҪиҜҙжҳҺпјӣ7. з®ҖеҚ•йҳ…иҜ»иҪҜд»¶д»Ӣз»ҚдёҺдёӢиҪҪең°еқҖпјӣ8. 2020е№ҙ7жңҲ5ж—ҘiReaderжң¬ең°зүҲд»Ӣз»Қпјӣ9. 2024е№ҙ12жңҲ13ж—Ҙжң¬ең°йӘҢиҜҒжңәеҲ¶зӣёе…ід»Јз ҒеҲҶдә«пјӣ10. 2021е№ҙ8жңҲ12ж—ҘSundyж°ўз¬”и®°иҪҜд»¶д»Ӣз»ҚгҖӮ', 'notice', 'normal', 'иҜҘеҶ…е®№дёәеӨҡдёӘж—¶й—ҙзӮ№зҡ„жҠҖжңҜж•ҷзЁӢдёҺиҪҜд»¶еҲҶдә«жұҮжҖ»пјҢеұһдәҺеёёи§„зӨҫеҢәдҝЎжҒҜеҲҶдә«гҖӮе»әи®®пјҡ1. жҢүдё»йўҳеҲҶзұ»ж•ҙзҗҶпјӣ2. ж ҮжіЁеҸ‘еёғж—¶й—ҙйҒҝе…Қж—¶ж•Ҳж··ж·Ҷпјӣ3. еҜ№ж¶үеҸҠиҪҜд»¶дёӢиҪҪзҡ„еҶ…е®№ж·»еҠ е®үе…ЁжҸҗйҶ’пјӣ4. еҸҜиҖғиҷ‘жӢҶеҲҶдёәеӨҡдёӘзӢ¬з«ӢйҖҡзҹҘд»ҘжҸҗй«ҳеҸҜиҜ»жҖ§гҖӮ', '0', NULL);
INSERT INTO `ai_community_event` VALUES (96, 'жҠҖжңҜж•ҷзЁӢдёҺиҪҜд»¶еҲҶдә«еҶ…е®№жұҮжҖ»', 'еҶ…е®№еҢ…еҗ«еӨҡдёӘж—¶й—ҙзӮ№зҡ„жҠҖжңҜзӣёе…іеё–еӯҗпјҡ1. 2019е№ҙ9жңҲ11ж—Ҙе…ідәҺдҪҝз”ЁиҠұз”ҹеЈіе’Ңwampserverжҗӯе»әжң¬ең°жңҚеҠЎзҡ„ж•ҷзЁӢпјӣ2. 2025е№ҙ11жңҲ21ж—Ҙе…ідәҺжң¬ең°жҗӯе»әз®Җжҳ“HTTPжңҚеҠЎзҡ„жғіжі•пјӣ3. 1еӨ©еүҚе…ідәҺеҗҫзҲұз ҙи§Ји®әеқӣзҡ„д»Ӣз»Қпјӣ4. 2023е№ҙ12жңҲ27ж—ҘжӨ’зӣҗйҹід№җж’ӯж”ҫеҷЁжӣҙж–°дҝЎжҒҜпјӣ5. 2024е№ҙ4жңҲ7ж—ҘMPC-BEж’ӯж”ҫеҷЁд»Ӣз»Қпјӣ6. 2024е№ҙ1жңҲ19ж—ҘAndroidжң¬ең°ж’ӯж”ҫеҷЁеҠҹиғҪиҜҙжҳҺпјӣ7. з®ҖеҚ•йҳ…иҜ»иҪҜд»¶д»Ӣз»ҚдёҺдёӢиҪҪең°еқҖпјӣ8. 2020е№ҙ7жңҲ5ж—ҘiReaderжң¬ең°зүҲд»Ӣз»Қпјӣ9. 2024е№ҙ12жңҲ13ж—Ҙжң¬ең°йӘҢиҜҒжңәеҲ¶зӣёе…ід»Јз ҒеҲҶдә«пјӣ10. 2021е№ҙ8жңҲ12ж—ҘSundyж°ўз¬”и®°иҪҜд»¶д»Ӣз»ҚгҖӮ', 'notice', 'normal', 'иҜҘеҶ…е®№дёәеӨҡдёӘж—¶й—ҙзӮ№зҡ„жҠҖжңҜж•ҷзЁӢгҖҒиҪҜд»¶еҲҶдә«е’Ңи®әеқӣд»Ӣз»ҚжұҮжҖ»пјҢеұһдәҺеёёи§„дҝЎжҒҜеҲҶдә«пјҢж— зҙ§жҖҘжҲ–е®үе…ЁйЈҺйҷ©гҖӮе»әи®®жҢүжҷ®йҖҡйҖҡзҹҘеҪ’жЎЈпјҢж— йңҖзү№ж®ҠеӨ„зҗҶгҖӮ', '0', NULL);
INSERT INTO `ai_community_event` VALUES (97, 'жҠҖжңҜж•ҷзЁӢдёҺиҪҜд»¶еҲҶдә«еҶ…е®№жұҮжҖ»', 'еҶ…е®№еҢ…еҗ«еӨҡдёӘж—¶й—ҙзӮ№зҡ„жҠҖжңҜзӣёе…іеё–еӯҗпјҡ1. 2019е№ҙ9жңҲ11ж—Ҙе…ідәҺдҪҝз”ЁиҠұз”ҹеЈіе’Ңwampserverжҗӯе»әжң¬ең°жңҚеҠЎзҡ„ж•ҷзЁӢпјӣ2. 2025е№ҙ11жңҲ21ж—Ҙе…ідәҺжҗӯе»әз®Җжҳ“HTTPжңҚеҠЎзҡ„жғіжі•пјӣ3. 1еӨ©еүҚе…ідәҺеҗҫзҲұз ҙи§Ји®әеқӣзҡ„д»Ӣз»Қпјӣ4. 2023е№ҙ12жңҲ27ж—ҘжӨ’зӣҗйҹід№җж’ӯж”ҫеҷЁжӣҙж–°дҝЎжҒҜпјӣ5. 2024е№ҙ4жңҲ7ж—ҘMPC-BEж’ӯж”ҫеҷЁд»Ӣз»Қпјӣ6. 2024е№ҙ1жңҲ19ж—ҘAndroidжң¬ең°ж’ӯж”ҫеҷЁеҠҹиғҪиҜҙжҳҺпјӣ7. з®ҖеҚ•йҳ…иҜ»иҪҜд»¶д»Ӣз»ҚдёҺдёӢиҪҪең°еқҖпјӣ8. 2020е№ҙ7жңҲ5ж—ҘiReaderжң¬ең°зүҲд»Ӣз»Қпјӣ9. 2024е№ҙ12жңҲ13ж—Ҙе…ідәҺжң¬ең°йӘҢиҜҒз Ғе·Ҙе…·зҡ„иҜҙжҳҺпјӣ10. 2021е№ҙ8жңҲ12ж—ҘSundyж°ўз¬”и®°иҪҜд»¶д»Ӣз»ҚгҖӮ', 'notice', 'normal', 'иҜҘеҶ…е®№дёәеӨҡдёӘж—¶й—ҙзӮ№зҡ„жҠҖжңҜж•ҷзЁӢдёҺиҪҜд»¶еҲҶдә«жұҮжҖ»пјҢеұһдәҺеёёи§„зӨҫеҢәдҝЎжҒҜеҲҶдә«гҖӮе»әи®®пјҡ1. жҢүдё»йўҳеҲҶзұ»ж•ҙзҗҶпјӣ2. жЈҖжҹҘй“ҫжҺҘе®үе…ЁжҖ§пјӣ3. ж ҮжіЁиҪҜд»¶зүҲжң¬ж—¶ж•ҲжҖ§пјӣ4. еҸҜдҪңдёәжҠҖжңҜиө„жәҗеә“еҪ’жЎЈгҖӮ', '0', NULL);
INSERT INTO `ai_community_event` VALUES (98, 'жҠҖжңҜж•ҷзЁӢдёҺиҪҜд»¶еҲҶдә«еҶ…е®№жұҮжҖ»', 'еҶ…е®№еҢ…еҗ«еӨҡдёӘж—¶й—ҙзӮ№зҡ„жҠҖжңҜзӣёе…іеё–еӯҗпјҡ1. 2019е№ҙ9жңҲ11ж—Ҙе…ідәҺдҪҝз”ЁиҠұз”ҹеЈіе’Ңwampserverжҗӯе»әжң¬ең°жңҚеҠЎзҡ„ж•ҷзЁӢпјӣ2. 2025е№ҙ11жңҲ21ж—Ҙе…ідәҺжҗӯе»әз®Җжҳ“HTTPжңҚеҠЎзҡ„жғіжі•пјӣ3. 1еӨ©еүҚе…ідәҺеҗҫзҲұз ҙи§Ји®әеқӣзҡ„д»Ӣз»Қпјӣ4. 2023е№ҙ12жңҲ27ж—ҘжӨ’зӣҗйҹід№җж’ӯж”ҫеҷЁжӣҙж–°дҝЎжҒҜпјӣ5. 2024е№ҙ4жңҲ7ж—ҘMPC-BEж’ӯж”ҫеҷЁд»Ӣз»Қпјӣ6. 2024е№ҙ1жңҲ19ж—ҘAndroidжң¬ең°ж’ӯж”ҫеҷЁеҠҹиғҪиҜҙжҳҺпјӣ7. з®ҖеҚ•йҳ…иҜ»иҪҜд»¶д»Ӣз»ҚдёҺдёӢиҪҪең°еқҖпјӣ8. 2020е№ҙ7жңҲ5ж—ҘiReaderжң¬ең°зүҲд»Ӣз»Қпјӣ9. 2024е№ҙ12жңҲ13ж—ҘйӘҢиҜҒжңәеҲ¶жәҗз ҒеҲҶдә«пјӣ10. 2021е№ҙ8жңҲ12ж—ҘSundyж°ўз¬”и®°иҪҜд»¶д»Ӣз»ҚгҖӮ', 'notice', 'normal', 'иҜҘеҶ…е®№дёәеӨҡдёӘж—¶й—ҙзӮ№зҡ„жҠҖжңҜж•ҷзЁӢдёҺиҪҜд»¶еҲҶдә«жұҮжҖ»пјҢеұһдәҺеёёи§„зӨҫеҢәдҝЎжҒҜеҲҶдә«гҖӮе»әи®®пјҡ1. жҢүж—¶й—ҙжҲ–дё»йўҳеҲҶзұ»ж•ҙзҗҶпјӣ2. еҸҜж ҮжіЁжқҘжәҗи®әеқӣжҲ–е№іеҸ°пјӣ3. жіЁж„ҸиҪҜд»¶дёӢиҪҪй“ҫжҺҘзҡ„е®үе…ЁжҖ§жҸҗзӨәпјӣ4. еҜ№дәҺиҝҮж—¶дҝЎжҒҜпјҲеҰӮ2019е№ҙж•ҷзЁӢпјүеҸҜж·»еҠ ж—¶ж•ҲжҖ§иҜҙжҳҺгҖӮ', '0', NULL);
INSERT INTO `ai_community_event` VALUES (99, 'жҠҖжңҜж•ҷзЁӢдёҺиҪҜд»¶еҲҶдә«еҶ…е®№жұҮжҖ»', 'еҶ…е®№еҢ…еҗ«еӨҡдёӘж—¶й—ҙзӮ№зҡ„жҠҖжңҜзӣёе…іеё–еӯҗпјҡ1. 2019е№ҙ9жңҲ11ж—Ҙе…ідәҺдҪҝз”ЁиҠұз”ҹеЈіе’Ңwampserverжҗӯе»әжң¬ең°жңҚеҠЎзҡ„ж•ҷзЁӢпјӣ2. 2025е№ҙ11жңҲ21ж—Ҙе…ідәҺжҗӯе»әз®Җжҳ“HTTPжңҚеҠЎзҡ„жғіжі•пјӣ3. 1еӨ©еүҚе…ідәҺеҗҫзҲұз ҙи§Ји®әеқӣзҡ„д»Ӣз»Қпјӣ4. 2023е№ҙ12жңҲ27ж—ҘжӨ’зӣҗйҹід№җж’ӯж”ҫеҷЁжӣҙж–°дҝЎжҒҜпјӣ5. 2024е№ҙ4жңҲ7ж—ҘMPC-BEж’ӯж”ҫеҷЁд»Ӣз»Қпјӣ6. 2024е№ҙ1жңҲ19ж—ҘAndroidжң¬ең°ж’ӯж”ҫеҷЁеҠҹиғҪиҜҙжҳҺпјӣ7. з®ҖеҚ•йҳ…иҜ»иҪҜд»¶д»Ӣз»ҚдёҺдёӢиҪҪең°еқҖпјӣ8. 2020е№ҙ7жңҲ5ж—ҘiReaderжң¬ең°зүҲд»Ӣз»Қпјӣ9. 2024е№ҙ12жңҲ13ж—ҘйӘҢиҜҒжңәеҲ¶жәҗз ҒеҲҶдә«пјӣ10. 2021е№ҙ8жңҲ12ж—ҘSundyж°ўз¬”и®°иҪҜд»¶д»Ӣз»ҚгҖӮ', 'notice', 'normal', 'иҜҘеҶ…е®№дёәеӨҡдёӘж—¶й—ҙзӮ№зҡ„жҠҖжңҜж•ҷзЁӢдёҺиҪҜд»¶еҲҶдә«жұҮжҖ»пјҢеұһдәҺеёёи§„зӨҫеҢәдҝЎжҒҜеҲҶдә«гҖӮе»әи®®пјҡ1. жҢүж—¶й—ҙжҲ–дё»йўҳеҲҶзұ»ж•ҙзҗҶпјӣ2. еҸҜж ҮжіЁжқҘжәҗи®әеқӣжҲ–е№іеҸ°пјӣ3. жіЁж„ҸиҪҜд»¶дёӢиҪҪй“ҫжҺҘзҡ„е®үе…ЁжҖ§жҸҗзӨәпјӣ4. еҜ№дәҺиҝҮж—¶дҝЎжҒҜпјҲеҰӮ2019е№ҙж•ҷзЁӢпјүеҸҜж·»еҠ ж—¶ж•ҲжҖ§иҜҙжҳҺгҖӮ', '0', NULL);
INSERT INTO `ai_community_event` VALUES (100, 'жҠҖжңҜж•ҷзЁӢдёҺиҪҜд»¶еҲҶдә«еҶ…е®№жұҮжҖ»', 'еҶ…е®№еҢ…еҗ«еӨҡдёӘж—¶й—ҙзӮ№зҡ„жҠҖжңҜзӣёе…іеё–еӯҗпјҡ1. 2019е№ҙ9жңҲ11ж—Ҙе…ідәҺдҪҝз”ЁиҠұз”ҹеЈіе’Ңwampserverжҗӯе»әжң¬ең°жңҚеҠЎзҡ„ж•ҷзЁӢпјӣ2. 2025е№ҙ11жңҲ21ж—Ҙе…ідәҺжҗӯе»әз®Җжҳ“HTTPжңҚеҠЎзҡ„жғіжі•пјӣ3. 1еӨ©еүҚе…ідәҺеҗҫзҲұз ҙи§Ји®әеқӣзҡ„д»Ӣз»Қпјӣ4. 2023е№ҙ12жңҲ27ж—ҘжӨ’зӣҗйҹід№җж’ӯж”ҫеҷЁжӣҙж–°пјӣ5. 2024е№ҙ4жңҲ7ж—ҘMPC-BEж’ӯж”ҫеҷЁд»Ӣз»Қпјӣ6. 2024е№ҙ1жңҲ19ж—ҘAndroidжң¬ең°ж’ӯж”ҫеҷЁеҠҹиғҪиҜҙжҳҺпјӣ7. з®ҖеҚ•йҳ…иҜ»иҪҜд»¶д»Ӣз»Қпјӣ8. 2020е№ҙ7жңҲ5ж—ҘiReaderжң¬ең°зүҲд»Ӣз»Қпјӣ9. 2024е№ҙ12жңҲ13ж—ҘйӘҢиҜҒжңәеҲ¶жәҗз ҒеҲҶдә«пјӣ10. 2021е№ҙ8жңҲ12ж—ҘSundyж°ўз¬”и®°иҪҜд»¶д»Ӣз»ҚгҖӮ', 'notice', 'normal', 'иҜҘеҶ…е®№дёәеӨҡдёӘж—¶й—ҙзӮ№зҡ„жҠҖжңҜж•ҷзЁӢе’ҢиҪҜд»¶еҲҶдә«жұҮжҖ»пјҢеұһдәҺжҷ®йҖҡзӨҫеҢәдҝЎжҒҜеҲҶдә«гҖӮе»әи®®пјҡ1. жҢүжҠҖжңҜзұ»еҲ«иҝӣиЎҢеҲҶзұ»ж•ҙзҗҶпјӣ2. еҸҜиҖғиҷ‘жҢүж—¶й—ҙйЎәеәҸжҲ–дё»йўҳзӣёе…іжҖ§йҮҚж–°з»„з»ҮеҶ…е®№пјӣ3. жіЁж„ҸжЈҖжҹҘеӨ–йғЁй“ҫжҺҘзҡ„е®үе…ЁжҖ§пјӣ4. жӯӨзұ»жҠҖжңҜеҲҶдә«еҶ…е®№йҖӮеҗҲеңЁеҜ№еә”зҡ„жҠҖжңҜи®Ёи®әеҢәеҸ‘еёғгҖӮ', '0', NULL);
INSERT INTO `ai_community_event` VALUES (101, 'жҠҖжңҜж•ҷзЁӢдёҺиҪҜд»¶еҲҶдә«еҶ…е®№жұҮжҖ»', 'еҶ…е®№еҢ…еҗ«еӨҡдёӘж—¶й—ҙзӮ№зҡ„жҠҖжңҜзӣёе…іеё–еӯҗпјҡ1. 2019е№ҙ9жңҲ11ж—Ҙе…ідәҺдҪҝз”ЁиҠұз”ҹеЈіе’Ңwampserverжҗӯе»әжң¬ең°жңҚеҠЎзҡ„ж•ҷзЁӢпјӣ2. 2025е№ҙ11жңҲ21ж—Ҙе…ідәҺжҗӯе»әз®Җжҳ“HTTPжңҚеҠЎзҡ„жғіжі•пјӣ3. 1еӨ©еүҚе…ідәҺеҗҫзҲұз ҙи§Ји®әеқӣзҡ„д»Ӣз»Қпјӣ4. 2023е№ҙ12жңҲ27ж—ҘжӨ’зӣҗйҹід№җж’ӯж”ҫеҷЁжӣҙж–°дҝЎжҒҜпјӣ5. 2024е№ҙ4жңҲ7ж—ҘMPC-BEж’ӯж”ҫеҷЁд»Ӣз»Қпјӣ6. 2024е№ҙ1жңҲ19ж—ҘAndroidжң¬ең°ж’ӯж”ҫеҷЁеҠҹиғҪиҜҙжҳҺпјӣ7. з®ҖеҚ•йҳ…иҜ»иҪҜд»¶д»Ӣз»ҚдёҺдёӢиҪҪең°еқҖпјӣ8. 2020е№ҙ7жңҲ5ж—ҘiReaderжң¬ең°зүҲд»Ӣз»Қпјӣ9. 2024е№ҙ12жңҲ13ж—ҘйӘҢиҜҒжңәеҲ¶жәҗз ҒеҲҶдә«пјӣ10. 2021е№ҙ8жңҲ12ж—ҘSundyж°ўз¬”и®°иҪҜд»¶д»Ӣз»ҚгҖӮ', 'notice', 'normal', 'иҜҘеҶ…е®№дёәеӨҡдёӘж—¶й—ҙзӮ№зҡ„жҠҖжңҜж•ҷзЁӢдёҺиҪҜд»¶еҲҶдә«жұҮжҖ»пјҢеұһдәҺеёёи§„зӨҫеҢәдҝЎжҒҜеҲҶдә«гҖӮе»әи®®пјҡ1. жҢүдё»йўҳеҲҶзұ»ж•ҙзҗҶпјӣ2. жЈҖжҹҘй“ҫжҺҘе®үе…ЁжҖ§пјӣ3. ж ҮжіЁеҸ‘еёғж—¶й—ҙйҒҝе…Қж—¶ж•Ҳж··ж·Ҷпјӣ4. еҸҜдҪңдёәжҠҖжңҜиө„жәҗеә“еҪ’жЎЈгҖӮ', '0', NULL);
INSERT INTO `ai_community_event` VALUES (102, 'жҠҖжңҜж•ҷзЁӢдёҺиҪҜд»¶еҲҶдә«еҶ…е®№жұҮжҖ»', 'еҶ…е®№еҢ…еҗ«еӨҡдёӘж—¶й—ҙзӮ№зҡ„жҠҖжңҜзӣёе…іеё–еӯҗпјҡ1. 2019е№ҙ9жңҲ11ж—Ҙе…ідәҺдҪҝз”ЁиҠұз”ҹеЈіе’Ңwampserverжҗӯе»әжң¬ең°жңҚеҠЎзҡ„ж•ҷзЁӢпјӣ2. 2025е№ҙ11жңҲ21ж—Ҙе…ідәҺжҗӯе»әз®Җжҳ“HTTPжңҚеҠЎзҡ„жғіжі•пјӣ3. 1еӨ©еүҚе…ідәҺеҗҫзҲұз ҙи§Ји®әеқӣзҡ„д»Ӣз»Қпјӣ4. 2023е№ҙ12жңҲ27ж—ҘжӨ’зӣҗйҹід№җж’ӯж”ҫеҷЁжӣҙж–°дҝЎжҒҜпјӣ5. 2024е№ҙ4жңҲ7ж—ҘMPC-BEж’ӯж”ҫеҷЁд»Ӣз»Қпјӣ6. 2024е№ҙ1жңҲ19ж—ҘAndroidжң¬ең°ж’ӯж”ҫеҷЁеҠҹиғҪиҜҙжҳҺпјӣ7. з®ҖеҚ•йҳ…иҜ»иҪҜд»¶д»Ӣз»ҚдёҺдёӢиҪҪең°еқҖпјӣ8. 2020е№ҙ7жңҲ5ж—ҘiReaderжң¬ең°зүҲд»Ӣз»Қпјӣ9. 2024е№ҙ12жңҲ13ж—ҘйӘҢиҜҒжңәеҲ¶жәҗз ҒеҲҶдә«пјӣ10. 2021е№ҙ8жңҲ12ж—ҘSundyж°ўз¬”и®°иҪҜд»¶д»Ӣз»ҚгҖӮ', 'notice', 'normal', 'иҜҘеҶ…е®№дёәеӨҡдёӘж—¶й—ҙзӮ№зҡ„жҠҖжңҜж•ҷзЁӢдёҺиҪҜд»¶еҲҶдә«жұҮжҖ»пјҢеұһдәҺеёёи§„зӨҫеҢәдҝЎжҒҜеҲҶдә«гҖӮе»әи®®пјҡ1. жҢүдё»йўҳеҲҶзұ»ж•ҙзҗҶпјӣ2. ж ҮжіЁеҸ‘еёғж—¶й—ҙйҒҝе…Қж—¶ж•Ҳж··ж·Ҷпјӣ3. еҜ№ж¶үеҸҠиҪҜд»¶дёӢиҪҪзҡ„еҶ…е®№ж·»еҠ е®үе…ЁжҸҗйҶ’пјӣ4. еҸҜиҖғиҷ‘жӢҶеҲҶдёәзӢ¬з«Ӣдё»йўҳдҫҝдәҺжҹҘйҳ…гҖӮ', '0', NULL);
INSERT INTO `ai_community_event` VALUES (103, 'жҠҖжңҜж•ҷзЁӢдёҺиҪҜд»¶еҲҶдә«еҶ…е®№жұҮжҖ»', 'еҶ…е®№еҢ…еҗ«еӨҡдёӘж—¶й—ҙзӮ№зҡ„жҠҖжңҜзӣёе…іеё–еӯҗпјҡ1. 2019е№ҙ9жңҲ11ж—Ҙе…ідәҺдҪҝз”ЁиҠұз”ҹеЈіе’Ңwampserverжҗӯе»әжң¬ең°жңҚеҠЎзҡ„ж•ҷзЁӢпјӣ2. 2025е№ҙ11жңҲ21ж—Ҙе…ідәҺжҗӯе»әз®Җжҳ“HTTPжңҚеҠЎзҡ„жғіжі•пјӣ3. 1еӨ©еүҚе…ідәҺеҗҫзҲұз ҙи§Ји®әеқӣзҡ„д»Ӣз»Қпјӣ4. 2023е№ҙ12жңҲ27ж—ҘжӨ’зӣҗйҹід№җж’ӯж”ҫеҷЁжӣҙж–°дҝЎжҒҜпјӣ5. 2024е№ҙ4жңҲ7ж—ҘMPC-BEж’ӯж”ҫеҷЁд»Ӣз»Қпјӣ6. 2024е№ҙ1жңҲ19ж—ҘAndroidжң¬ең°ж’ӯж”ҫеҷЁеҠҹиғҪиҜҙжҳҺпјӣ7. з®ҖеҚ•йҳ…иҜ»иҪҜд»¶д»Ӣз»ҚдёҺдёӢиҪҪең°еқҖпјӣ8. 2020е№ҙ7жңҲ5ж—ҘiReaderжң¬ең°зүҲд»Ӣз»Қпјӣ9. 2024е№ҙ12жңҲ13ж—Ҙе…ідәҺжң¬ең°йӘҢиҜҒжңәеҲ¶зҡ„д»Јз ҒеҲҶдә«пјӣ10. 2021е№ҙ8жңҲ12ж—ҘSundyж°ўз¬”и®°иҪҜд»¶д»Ӣз»ҚгҖӮ', 'notice', 'normal', 'иҜҘеҶ…е®№дёәеӨҡдёӘж—¶й—ҙзӮ№зҡ„жҠҖжңҜж•ҷзЁӢгҖҒиҪҜд»¶еҲҶдә«е’Ңи®әеқӣд»Ӣз»ҚжұҮжҖ»пјҢеұһдәҺеёёи§„дҝЎжҒҜеҲҶдә«пјҢж— зҙ§жҖҘжҲ–е®үе…ЁйЈҺйҷ©гҖӮе»әи®®жҢүжҷ®йҖҡзӨҫеҢәдҝЎжҒҜиҝӣиЎҢеҪ’жЎЈжҲ–еҲҶзұ»ж•ҙзҗҶпјҢдҫҝдәҺз”ЁжҲ·жҹҘйҳ…гҖӮ', '0', NULL);
INSERT INTO `ai_community_event` VALUES (104, 'жҠҖжңҜж•ҷзЁӢдёҺиҪҜд»¶еҲҶдә«еҶ…е®№жұҮжҖ»', 'еҶ…е®№еҢ…еҗ«еӨҡдёӘж—¶й—ҙзӮ№зҡ„жҠҖжңҜзӣёе…іеё–еӯҗпјҡ1. 2019е№ҙ9жңҲ11ж—Ҙе…ідәҺдҪҝз”ЁиҠұз”ҹеЈіе’Ңwampserverжҗӯе»әжң¬ең°жңҚеҠЎзҡ„ж•ҷзЁӢпјӣ2. 2025е№ҙ11жңҲ21ж—Ҙе…ідәҺжҗӯе»әз®Җжҳ“HTTPжңҚеҠЎзҡ„жғіжі•пјӣ3. 1еӨ©еүҚе…ідәҺеҗҫзҲұз ҙи§Ји®әеқӣзҡ„д»Ӣз»Қпјӣ4. 2023е№ҙ12жңҲ27ж—ҘжӨ’зӣҗйҹід№җж’ӯж”ҫеҷЁжӣҙж–°дҝЎжҒҜпјӣ5. 2024е№ҙ4жңҲ7ж—ҘMPC-BEж’ӯж”ҫеҷЁд»Ӣз»Қпјӣ6. 2024е№ҙ1жңҲ19ж—ҘAndroidжң¬ең°ж’ӯж”ҫеҷЁеҠҹиғҪиҜҙжҳҺпјӣ7. з®ҖеҚ•йҳ…иҜ»иҪҜд»¶д»Ӣз»ҚдёҺдёӢиҪҪең°еқҖпјӣ8. 2020е№ҙ7жңҲ5ж—ҘiReaderжң¬ең°зүҲд»Ӣз»Қпјӣ9. 2024е№ҙ12жңҲ13ж—Ҙжң¬ең°йӘҢиҜҒе·Ҙе…·жәҗз ҒеҲҶдә«пјӣ10. 2021е№ҙ8жңҲ12ж—ҘSundyж°ўз¬”и®°иҪҜд»¶д»Ӣз»ҚгҖӮ', 'notice', 'normal', 'иҜҘеҶ…е®№дёәеӨҡдёӘж—¶й—ҙзӮ№зҡ„жҠҖжңҜж•ҷзЁӢгҖҒиҪҜд»¶еҲҶдә«е’Ңи®әеқӣд»Ӣз»ҚеҗҲйӣҶпјҢеұһдәҺеёёи§„дҝЎжҒҜеҲҶдә«гҖӮе»әи®®пјҡ1. жҢүдё»йўҳеҲҶзұ»ж•ҙзҗҶпјӣ2. ж ёе®һй“ҫжҺҘе®үе…ЁжҖ§пјӣ3. ж ҮжіЁиҪҜд»¶зүҲжң¬ж—¶ж•ҲжҖ§пјӣ4. жҸҗйҶ’з”ЁжҲ·жіЁж„ҸиҪҜд»¶зүҲжқғдёҺдҪҝз”Ёи§„иҢғгҖӮ', '0', NULL);
INSERT INTO `ai_community_event` VALUES (105, 'жҠҖжңҜж•ҷзЁӢдёҺиҪҜд»¶еҲҶдә«еҶ…е®№жұҮжҖ»', 'еҶ…е®№еҢ…еҗ«еӨҡдёӘж—¶й—ҙзӮ№зҡ„жҠҖжңҜзӣёе…іеё–еӯҗпјҡ1. 2019е№ҙ9жңҲ11ж—Ҙе…ідәҺдҪҝз”ЁиҠұз”ҹеЈіе’Ңwampserverжҗӯе»әжң¬ең°жңҚеҠЎзҡ„ж•ҷзЁӢпјӣ2. 2025е№ҙ11жңҲ21ж—Ҙе…ідәҺжҗӯе»әз®Җжҳ“HTTPжңҚеҠЎзҡ„жғіжі•пјӣ3. 1еӨ©еүҚе…ідәҺеҗҫзҲұз ҙи§Ји®әеқӣзҡ„д»Ӣз»Қпјӣ4. 2023е№ҙ12жңҲ27ж—ҘжӨ’зӣҗйҹід№җж’ӯж”ҫеҷЁжӣҙж–°пјӣ5. 2024е№ҙ4жңҲ7ж—ҘMPC-BEж’ӯж”ҫеҷЁд»Ӣз»Қпјӣ6. 2024е№ҙ1жңҲ19ж—ҘAndroidжң¬ең°ж’ӯж”ҫеҷЁеҠҹиғҪиҜҙжҳҺпјӣ7. з®ҖеҚ•йҳ…иҜ»иҪҜд»¶д»Ӣз»ҚдёҺдёӢиҪҪпјӣ8. 2020е№ҙ7жңҲ5ж—ҘiReaderжң¬ең°зүҲд»Ӣз»Қпјӣ9. 2024е№ҙ12жңҲ13ж—ҘйӘҢиҜҒжңәеҲ¶жәҗз ҒеҲҶдә«пјӣ10. 2021е№ҙ8жңҲ12ж—ҘSundyж°ўз¬”и®°иҪҜд»¶д»Ӣз»ҚгҖӮ', 'notice', 'normal', 'иҜҘеҶ…е®№дёәеӨҡдёӘж—¶й—ҙзӮ№зҡ„жҠҖжңҜж•ҷзЁӢдёҺиҪҜд»¶еҲҶдә«жұҮжҖ»пјҢеұһдәҺеёёи§„зӨҫеҢәдҝЎжҒҜеҲҶдә«гҖӮе»әи®®пјҡ1. жҢүдё»йўҳеҲҶзұ»ж•ҙзҗҶпјӣ2. жЈҖжҹҘй“ҫжҺҘе®үе…ЁжҖ§пјӣ3. ж ҮжіЁеҸ‘еёғж—¶й—ҙйҒҝе…Қж—¶ж•Ҳж··ж·Ҷпјӣ4. еҸҜиҖғиҷ‘жӢҶеҲҶдёәзӢ¬з«ӢйҖҡзҹҘд»ҘжҸҗй«ҳеҸҜиҜ»жҖ§гҖӮ', '0', NULL);
INSERT INTO `ai_community_event` VALUES (106, 'жҠҖжңҜж•ҷзЁӢдёҺиҪҜд»¶еҲҶдә«еҶ…е®№жұҮжҖ»', 'еҶ…е®№еҢ…еҗ«еӨҡдёӘж—¶й—ҙзӮ№зҡ„жҠҖжңҜзӣёе…іеё–еӯҗпјҡ1. 2019е№ҙ9жңҲ11ж—Ҙе…ідәҺдҪҝз”ЁиҠұз”ҹеЈіе’Ңwampserverжҗӯе»әжң¬ең°жңҚеҠЎзҡ„ж•ҷзЁӢпјӣ2. 2025е№ҙ11жңҲ21ж—Ҙе…ідәҺжҗӯе»әз®Җжҳ“HTTPжңҚеҠЎзҡ„жғіжі•пјӣ3. 1еӨ©еүҚе…ідәҺеҗҫзҲұз ҙи§Ји®әеқӣзҡ„д»Ӣз»Қпјӣ4. 2023е№ҙ12жңҲ27ж—ҘжӨ’зӣҗйҹід№җж’ӯж”ҫеҷЁжӣҙж–°дҝЎжҒҜпјӣ5. 2024е№ҙ4жңҲ7ж—ҘMPC-BEж’ӯж”ҫеҷЁд»Ӣз»Қпјӣ6. 2024е№ҙ1жңҲ19ж—ҘAndroidжң¬ең°ж’ӯж”ҫеҷЁеҠҹиғҪиҜҙжҳҺпјӣ7. з®ҖеҚ•йҳ…иҜ»иҪҜд»¶д»Ӣз»ҚдёҺдёӢиҪҪең°еқҖпјӣ8. 2020е№ҙ7жңҲ5ж—ҘiReaderжң¬ең°зүҲд»Ӣз»Қпјӣ9. 2024е№ҙ12жңҲ13ж—ҘйӘҢиҜҒжңәеҲ¶жәҗз ҒеҲҶдә«пјӣ10. 2021е№ҙ8жңҲ12ж—ҘSundyж°ўз¬”и®°иҪҜд»¶д»Ӣз»ҚгҖӮ', 'notice', 'normal', 'иҜҘеҶ…е®№дёәеӨҡдёӘж—¶й—ҙзӮ№зҡ„жҠҖжңҜж•ҷзЁӢдёҺиҪҜд»¶еҲҶдә«жұҮжҖ»пјҢеұһдәҺеёёи§„зӨҫеҢәдҝЎжҒҜеҲҶдә«гҖӮе»әи®®пјҡ1. жҢүдё»йўҳеҲҶзұ»ж•ҙзҗҶпјӣ2. жЈҖжҹҘй“ҫжҺҘе®үе…ЁжҖ§пјӣ3. ж ҮжіЁеҸ‘еёғж—¶й—ҙйҒҝе…Қж—¶ж•ҲжҖ§иҜҜеҜјпјӣ4. еҸҜиҖғиҷ‘жӢҶеҲҶдёәзӢ¬з«Ӣдё»йўҳеё–д»Ҙдҫҝи®Ёи®әгҖӮ', '0', NULL);
INSERT INTO `ai_community_event` VALUES (107, 'жҠҖжңҜж•ҷзЁӢдёҺиҪҜд»¶еҲҶдә«еҶ…е®№жұҮжҖ»', 'еҶ…е®№еҢ…еҗ«еӨҡдёӘж—¶й—ҙзӮ№зҡ„жҠҖжңҜзӣёе…іеё–еӯҗпјҡ1. 2019е№ҙ9жңҲ11ж—Ҙе…ідәҺдҪҝз”ЁиҠұз”ҹеЈіе’Ңwampserverжҗӯе»әжң¬ең°жңҚеҠЎзҡ„ж•ҷзЁӢпјӣ2. 2025е№ҙ11жңҲ21ж—Ҙе…ідәҺжҗӯе»әз®Җжҳ“HTTPжңҚеҠЎзҡ„жғіжі•пјӣ3. 1еӨ©еүҚе…ідәҺеҗҫзҲұз ҙи§Ји®әеқӣзҡ„д»Ӣз»Қпјӣ4. 2023е№ҙ12жңҲ27ж—ҘжӨ’зӣҗйҹід№җж’ӯж”ҫеҷЁжӣҙж–°дҝЎжҒҜпјӣ5. 2024е№ҙ4жңҲ7ж—ҘMPC-BEж’ӯж”ҫеҷЁд»Ӣз»Қпјӣ6. 2024е№ҙ1жңҲ19ж—ҘAndroidжң¬ең°ж’ӯж”ҫеҷЁеҠҹиғҪиҜҙжҳҺпјӣ7. з®ҖеҚ•йҳ…иҜ»иҪҜд»¶д»Ӣз»ҚдёҺдёӢиҪҪең°еқҖпјӣ8. 2020е№ҙ7жңҲ5ж—ҘiReaderжң¬ең°зүҲд»Ӣз»Қпјӣ9. 2024е№ҙ12жңҲ13ж—ҘйӘҢиҜҒжңәеҲ¶жәҗз ҒеҲҶдә«пјӣ10. 2021е№ҙ8жңҲ12ж—ҘSundyж°ўз¬”и®°иҪҜд»¶д»Ӣз»ҚгҖӮ', 'notice', 'normal', 'иҜҘеҶ…е®№дёәеӨҡдёӘж—¶й—ҙзӮ№зҡ„жҠҖжңҜж•ҷзЁӢдёҺиҪҜд»¶еҲҶдә«жұҮжҖ»пјҢеұһдәҺеёёи§„зӨҫеҢәдҝЎжҒҜеҲҶдә«гҖӮе»әи®®пјҡ1. жҢүж—¶й—ҙжҲ–дё»йўҳеҲҶзұ»ж•ҙзҗҶпјӣ2. еҸҜж ҮжіЁжқҘжәҗи®әеқӣжҲ–е№іеҸ°пјӣ3. жіЁж„ҸиҪҜд»¶дёӢиҪҪй“ҫжҺҘзҡ„е®үе…ЁжҖ§жҸҗзӨәпјӣ4. еҜ№дәҺиҝҮж—¶дҝЎжҒҜпјҲеҰӮ2019е№ҙж•ҷзЁӢпјүеҸҜж·»еҠ ж—¶ж•ҲжҖ§иҜҙжҳҺгҖӮ', '0', NULL);
INSERT INTO `ai_community_event` VALUES (108, 'жҠҖжңҜж•ҷзЁӢдёҺиҪҜд»¶еҲҶдә«еҶ…е®№жұҮжҖ»', 'еҶ…е®№еҢ…еҗ«еӨҡдёӘж—¶й—ҙзӮ№зҡ„жҠҖжңҜзӣёе…іеё–еӯҗпјҡ1. 2019е№ҙ9жңҲ11ж—Ҙе…ідәҺдҪҝз”ЁиҠұз”ҹеЈіе’Ңwampserverжҗӯе»әжң¬ең°жңҚеҠЎзҡ„ж•ҷзЁӢпјӣ2. 2025е№ҙ11жңҲ21ж—Ҙе…ідәҺжҗӯе»әз®Җжҳ“HTTPжңҚеҠЎзҡ„жғіжі•пјӣ3. 1еӨ©еүҚе…ідәҺеҗҫзҲұз ҙи§Ји®әеқӣзҡ„д»Ӣз»Қпјӣ4. 2023е№ҙ12жңҲ27ж—ҘжӨ’зӣҗйҹід№җж’ӯж”ҫеҷЁжӣҙж–°дҝЎжҒҜпјӣ5. 2024е№ҙ4жңҲ7ж—ҘMPC-BEж’ӯж”ҫеҷЁд»Ӣз»Қпјӣ6. 2024е№ҙ1жңҲ19ж—ҘAndroidжң¬ең°ж’ӯж”ҫеҷЁеҠҹиғҪиҜҙжҳҺпјӣ7. з®ҖеҚ•йҳ…иҜ»иҪҜд»¶д»Ӣз»ҚдёҺдёӢиҪҪең°еқҖпјӣ8. 2020е№ҙ7жңҲ5ж—ҘiReaderжң¬ең°зүҲд»Ӣз»Қпјӣ9. 2024е№ҙ12жңҲ13ж—ҘйӘҢиҜҒжңәеҲ¶жәҗз ҒеҲҶдә«пјӣ10. 2021е№ҙ8жңҲ12ж—ҘSundyж°ўз¬”и®°иҪҜд»¶д»Ӣз»ҚгҖӮ', 'notice', 'normal', 'иҜҘеҶ…е®№дёәеӨҡдёӘж—¶й—ҙзӮ№зҡ„жҠҖжңҜж•ҷзЁӢдёҺиҪҜд»¶еҲҶдә«жұҮжҖ»пјҢеұһдәҺеёёи§„зӨҫеҢәдҝЎжҒҜеҲҶдә«гҖӮе»әи®®пјҡ1. жҢүдё»йўҳеҲҶзұ»ж•ҙзҗҶпјӣ2. жЈҖжҹҘй“ҫжҺҘе®үе…ЁжҖ§пјӣ3. ж ҮжіЁеҸ‘еёғж—¶й—ҙйҒҝе…ҚиҜҜеҜјпјӣ4. еҸҜеҗҲе№¶еҗҢзұ»иҪҜд»¶жҺЁиҚҗеҶ…е®№гҖӮ', '0', NULL);
INSERT INTO `ai_community_event` VALUES (109, 'жҠҖжңҜж•ҷзЁӢдёҺиҪҜд»¶еҲҶдә«еҶ…е®№жұҮжҖ»', 'еҶ…е®№еҢ…еҗ«еӨҡдёӘж—¶й—ҙзӮ№зҡ„жҠҖжңҜзӣёе…іеё–еӯҗпјҡ1. 2019е№ҙ9жңҲ11ж—Ҙе…ідәҺдҪҝз”ЁиҠұз”ҹеЈіе’Ңwampserverжҗӯе»әжң¬ең°жңҚеҠЎзҡ„ж•ҷзЁӢпјӣ2. 2025е№ҙ11жңҲ21ж—Ҙе…ідәҺжҗӯе»әз®Җжҳ“HTTPжңҚеҠЎзҡ„жғіжі•пјӣ3. 1еӨ©еүҚе…ідәҺеҗҫзҲұз ҙи§Ји®әеқӣзҡ„д»Ӣз»Қпјӣ4. 2023е№ҙ12жңҲ27ж—ҘжӨ’зӣҗйҹід№җж’ӯж”ҫеҷЁжӣҙж–°пјӣ5. 2024е№ҙ4жңҲ7ж—ҘMPC-BEж’ӯж”ҫеҷЁд»Ӣз»Қпјӣ6. 2024е№ҙ1жңҲ19ж—ҘAndroidжң¬ең°ж’ӯж”ҫеҷЁеҠҹиғҪиҜҙжҳҺпјӣ7. з®ҖеҚ•йҳ…иҜ»иҪҜд»¶д»Ӣз»Қпјӣ8. 2020е№ҙ7жңҲ5ж—ҘiReaderжң¬ең°зүҲд»Ӣз»Қпјӣ9. 2024е№ҙ12жңҲ13ж—ҘйӘҢиҜҒжңәеҲ¶жәҗз ҒеҲҶдә«пјӣ10. 2021е№ҙ8жңҲ12ж—ҘSundyж°ўз¬”и®°иҪҜд»¶д»Ӣз»ҚгҖӮ', 'notice', 'normal', 'иҜҘеҶ…е®№дёәеӨҡдёӘж—¶й—ҙзӮ№зҡ„жҠҖжңҜж•ҷзЁӢе’ҢиҪҜд»¶еҲҶдә«жұҮжҖ»пјҢеұһдәҺеёёи§„зӨҫеҢәдҝЎжҒҜеҲҶдә«гҖӮе»әи®®пјҡ1. жҢүдё»йўҳеҲҶзұ»ж•ҙзҗҶпјӣ2. жЈҖжҹҘй“ҫжҺҘе®үе…ЁжҖ§пјӣ3. ж ҮжіЁеҸ‘еёғж—¶й—ҙйҒҝе…Қж—¶ж•ҲжҖ§иҜҜеҜјпјӣ4. еҸҜдҪңдёәжҠҖжңҜиө„жәҗеә“еҪ’жЎЈгҖӮ', '0', NULL);
INSERT INTO `ai_community_event` VALUES (110, 'жҠҖжңҜж•ҷзЁӢдёҺиҪҜд»¶еҲҶдә«еҶ…е®№жұҮжҖ»', 'еҶ…е®№еҢ…еҗ«еӨҡдёӘж—¶й—ҙзӮ№зҡ„жҠҖжңҜзӣёе…іеё–еӯҗпјҡ1. 2019е№ҙ9жңҲ11ж—Ҙе…ідәҺдҪҝз”ЁиҠұз”ҹеЈіе’Ңwampserverжҗӯе»әжң¬ең°жңҚеҠЎзҡ„ж•ҷзЁӢпјӣ2. 2025е№ҙ11жңҲ21ж—Ҙе…ідәҺжҗӯе»әз®Җжҳ“HTTPжңҚеҠЎзҡ„жғіжі•пјӣ3. 1еӨ©еүҚе…ідәҺеҗҫзҲұз ҙи§Ји®әеқӣзҡ„д»Ӣз»Қпјӣ4. 2023е№ҙ12жңҲ27ж—ҘжӨ’зӣҗйҹід№җж’ӯж”ҫеҷЁжӣҙж–°дҝЎжҒҜпјӣ5. 2024е№ҙ4жңҲ7ж—ҘMPC-BEж’ӯж”ҫеҷЁд»Ӣз»Қпјӣ6. 2024е№ҙ1жңҲ19ж—ҘAndroidжң¬ең°ж’ӯж”ҫеҷЁеҠҹиғҪиҜҙжҳҺпјӣ7. з®ҖеҚ•йҳ…иҜ»иҪҜд»¶д»Ӣз»ҚдёҺдёӢиҪҪең°еқҖпјӣ8. 2020е№ҙ7жңҲ5ж—ҘiReaderжң¬ең°зүҲд»Ӣз»Қпјӣ9. 2024е№ҙ12жңҲ13ж—ҘйӘҢиҜҒжңәеҲ¶жәҗз ҒеҲҶдә«пјӣ10. 2021е№ҙ8жңҲ12ж—ҘSundyж°ўз¬”и®°иҪҜд»¶д»Ӣз»ҚгҖӮ', 'notice', 'normal', 'иҜҘеҶ…е®№дёәеӨҡдёӘж—¶й—ҙзӮ№зҡ„жҠҖжңҜж•ҷзЁӢдёҺиҪҜд»¶еҲҶдә«жұҮжҖ»пјҢеұһдәҺеёёи§„зӨҫеҢәдҝЎжҒҜеҲҶдә«гҖӮе»әи®®пјҡ1. жҢүдё»йўҳеҲҶзұ»ж•ҙзҗҶпјӣ2. жЈҖжҹҘй“ҫжҺҘе®үе…ЁжҖ§пјӣ3. ж ҮжіЁеҸ‘еёғж—¶й—ҙйҒҝе…Қж—¶ж•ҲжҖ§иҜҜеҜјпјӣ4. еҸҜиҖғиҷ‘жӢҶеҲҶдёәзӢ¬з«Ӣеё–еӯҗдҫҝдәҺз”ЁжҲ·жҹҘжүҫгҖӮ', '0', NULL);
INSERT INTO `ai_community_event` VALUES (111, 'жҠҖжңҜж•ҷзЁӢдёҺиҪҜд»¶еҲҶдә«еҶ…е®№жұҮжҖ»', 'еҶ…е®№еҢ…еҗ«еӨҡдёӘж—¶й—ҙзӮ№зҡ„жҠҖжңҜзӣёе…іеё–еӯҗпјҡ1. 2019е№ҙ9жңҲ11ж—Ҙе…ідәҺдҪҝз”ЁиҠұз”ҹеЈіе’Ңwampserverжҗӯе»әжң¬ең°жңҚеҠЎзҡ„ж•ҷзЁӢпјӣ2. 2025е№ҙ11жңҲ21ж—Ҙе…ідәҺжң¬ең°жҗӯе»әз®Җжҳ“HTTPжңҚеҠЎзҡ„жғіжі•пјӣ3. 1еӨ©еүҚе…ідәҺеҗҫзҲұз ҙи§Ји®әеқӣзҡ„д»Ӣз»Қпјӣ4. 2023е№ҙ12жңҲ27ж—ҘжӨ’зӣҗйҹід№җж’ӯж”ҫеҷЁжӣҙж–°дҝЎжҒҜпјӣ5. 2024е№ҙ4жңҲ7ж—ҘMPC-BEж’ӯж”ҫеҷЁд»Ӣз»Қпјӣ6. 2024е№ҙ1жңҲ19ж—ҘAndroidжң¬ең°ж’ӯж”ҫеҷЁеҠҹиғҪиҜҙжҳҺпјӣ7. з®ҖеҚ•йҳ…иҜ»иҪҜд»¶д»Ӣз»Қпјӣ8. 2020е№ҙ7жңҲ5ж—ҘiReaderжң¬ең°зүҲд»Ӣз»Қпјӣ9. 2024е№ҙ12жңҲ13ж—ҘйӘҢиҜҒжңәеҲ¶зӣёе…ід»Јз ҒеҲҶдә«пјӣ10. 2021е№ҙ8жңҲ12ж—ҘSundyж°ўз¬”и®°иҪҜд»¶д»Ӣз»ҚгҖӮ', 'notice', 'normal', 'иҜҘеҶ…е®№дёәеӨҡдёӘж—¶й—ҙзӮ№зҡ„жҠҖжңҜж•ҷзЁӢе’ҢиҪҜд»¶еҲҶдә«жұҮжҖ»пјҢеұһдәҺеёёи§„зӨҫеҢәдҝЎжҒҜеҲҶдә«гҖӮе»әи®®пјҡ1. жҢүдё»йўҳеҲҶзұ»ж•ҙзҗҶпјӣ2. жЈҖжҹҘй“ҫжҺҘе®үе…ЁжҖ§пјӣ3. ж ҮжіЁеҸ‘еёғж—¶й—ҙйҒҝе…Қж—¶ж•ҲжҖ§иҜҜеҜјпјӣ4. еҸҜдҪңдёәжҠҖжңҜиө„жәҗеә“еҸӮиҖғеҶ…е®№гҖӮ', '0', NULL);
INSERT INTO `ai_community_event` VALUES (112, 'жҠҖжңҜж•ҷзЁӢдёҺиҪҜд»¶еҲҶдә«еҶ…е®№жұҮжҖ»', 'еҶ…е®№еҢ…еҗ«еӨҡдёӘж—¶й—ҙзӮ№зҡ„жҠҖжңҜзӣёе…іеё–еӯҗпјҡ1. 2019е№ҙ9жңҲ11ж—Ҙе…ідәҺдҪҝз”ЁиҠұз”ҹеЈіе’Ңwampserverжҗӯе»әжң¬ең°жңҚеҠЎзҡ„ж•ҷзЁӢпјӣ2. 2025е№ҙ11жңҲ21ж—Ҙе…ідәҺжҗӯе»әз®Җжҳ“HTTPжңҚеҠЎзҡ„жғіжі•пјӣ3. 1еӨ©еүҚе…ідәҺеҗҫзҲұз ҙи§Ји®әеқӣзҡ„д»Ӣз»Қпјӣ4. 2023е№ҙ12жңҲ27ж—ҘжӨ’зӣҗйҹід№җж’ӯж”ҫеҷЁжӣҙж–°дҝЎжҒҜпјӣ5. 2024е№ҙ4жңҲ7ж—ҘMPC-BEж’ӯж”ҫеҷЁд»Ӣз»Қпјӣ6. 2024е№ҙ1жңҲ19ж—ҘAndroidжң¬ең°ж’ӯж”ҫеҷЁеҠҹиғҪиҜҙжҳҺпјӣ7. з®ҖеҚ•йҳ…иҜ»иҪҜд»¶д»Ӣз»ҚдёҺдёӢиҪҪең°еқҖпјӣ8. 2020е№ҙ7жңҲ5ж—ҘiReaderжң¬ең°зүҲд»Ӣз»Қпјӣ9. 2024е№ҙ12жңҲ13ж—ҘйӘҢиҜҒжңәеҲ¶жәҗз ҒеҲҶдә«пјӣ10. 2021е№ҙ8жңҲ12ж—ҘSundyж°ўз¬”и®°иҪҜд»¶д»Ӣз»ҚгҖӮ', 'notice', 'normal', 'иҜҘеҶ…е®№дёәеӨҡдёӘж—¶й—ҙзӮ№зҡ„жҠҖжңҜж•ҷзЁӢдёҺиҪҜд»¶еҲҶдә«жұҮжҖ»пјҢеұһдәҺеёёи§„зӨҫеҢәдҝЎжҒҜеҲҶдә«гҖӮе»әи®®пјҡ1. жҢүж—¶й—ҙжҲ–дё»йўҳеҲҶзұ»ж•ҙзҗҶпјӣ2. еҸҜж ҮжіЁжқҘжәҗи®әеқӣжҲ–е№іеҸ°пјӣ3. жіЁж„ҸиҪҜд»¶дёӢиҪҪй“ҫжҺҘзҡ„е®үе…ЁжҖ§жҸҗзӨәпјӣ4. еҜ№дәҺиҝҮж—¶дҝЎжҒҜпјҲеҰӮ2019е№ҙж•ҷзЁӢпјүеҸҜж·»еҠ ж—¶ж•ҲжҖ§иҜҙжҳҺгҖӮ', '0', NULL);
INSERT INTO `ai_community_event` VALUES (113, 'жҠҖжңҜж•ҷзЁӢдёҺиҪҜд»¶еҲҶдә«еҶ…е®№жұҮжҖ»', 'еҶ…е®№еҢ…еҗ«еӨҡдёӘж—¶й—ҙзӮ№зҡ„жҠҖжңҜзӣёе…іеё–еӯҗпјҡ1. 2019е№ҙ9жңҲ11ж—Ҙе…ідәҺдҪҝз”ЁиҠұз”ҹеЈіе’Ңwampserverжҗӯе»әжң¬ең°жңҚеҠЎзҡ„ж•ҷзЁӢпјӣ2. 2025е№ҙ11жңҲ21ж—Ҙе…ідәҺжҗӯе»әз®Җжҳ“HTTPжңҚеҠЎзҡ„жғіжі•пјӣ3. 1еӨ©еүҚе…ідәҺеҗҫзҲұз ҙи§Ји®әеқӣзҡ„д»Ӣз»Қпјӣ4. 2023е№ҙ12жңҲ27ж—ҘжӨ’зӣҗйҹід№җж’ӯж”ҫеҷЁжӣҙж–°дҝЎжҒҜпјӣ5. 2024е№ҙ4жңҲ7ж—ҘMPC-BEж’ӯж”ҫеҷЁд»Ӣз»Қпјӣ6. 2024е№ҙ1жңҲ19ж—ҘAndroidжң¬ең°ж’ӯж”ҫеҷЁеҠҹиғҪиҜҙжҳҺпјӣ7. з®ҖеҚ•йҳ…иҜ»иҪҜд»¶д»Ӣз»ҚдёҺдёӢиҪҪең°еқҖпјӣ8. 2020е№ҙ7жңҲ5ж—ҘiReaderжң¬ең°зүҲд»Ӣз»Қпјӣ9. 2024е№ҙ12жңҲ13ж—ҘйӘҢиҜҒжңәеҲ¶жәҗз ҒеҲҶдә«пјӣ10. 2021е№ҙ8жңҲ12ж—ҘSundyж°ўз¬”и®°иҪҜд»¶д»Ӣз»ҚгҖӮ', 'notice', 'normal', 'иҜҘеҶ…е®№дёәеӨҡдёӘж—¶й—ҙзӮ№зҡ„жҠҖжңҜж•ҷзЁӢдёҺиҪҜд»¶еҲҶдә«жұҮжҖ»пјҢеұһдәҺеёёи§„зӨҫеҢәдҝЎжҒҜеҲҶдә«гҖӮе»әи®®пјҡ1. жҢүж—¶й—ҙжҲ–дё»йўҳеҲҶзұ»ж•ҙзҗҶпјӣ2. еҸҜж ҮжіЁжқҘжәҗи®әеқӣжҲ–е№іеҸ°пјӣ3. жіЁж„ҸиҪҜд»¶дёӢиҪҪй“ҫжҺҘзҡ„е®үе…ЁжҖ§жҸҗзӨәпјӣ4. еҜ№дәҺиҝҮж—¶дҝЎжҒҜпјҲеҰӮ2019е№ҙж•ҷзЁӢпјүеҸҜж·»еҠ ж—¶ж•ҲжҖ§иҜҙжҳҺгҖӮ', '0', NULL);
INSERT INTO `ai_community_event` VALUES (114, 'жҠҖжңҜж•ҷзЁӢдёҺиҪҜд»¶еҲҶдә«еҶ…е®№жұҮжҖ»', 'еҶ…е®№еҢ…еҗ«еӨҡдёӘж—¶й—ҙзӮ№зҡ„жҠҖжңҜзӣёе…іеё–еӯҗпјҡ1. 2019е№ҙ9жңҲ11ж—Ҙе…ідәҺдҪҝз”ЁиҠұз”ҹеЈіе’Ңwampserverжҗӯе»әжң¬ең°жңҚеҠЎзҡ„ж•ҷзЁӢпјӣ2. 2025е№ҙ11жңҲ21ж—Ҙе…ідәҺжҗӯе»әз®Җжҳ“HTTPжңҚеҠЎзҡ„жғіжі•пјӣ3. 1еӨ©еүҚе…ідәҺеҗҫзҲұз ҙи§Ји®әеқӣзҡ„д»Ӣз»Қпјӣ4. 2023е№ҙ12жңҲ27ж—ҘжӨ’зӣҗйҹід№җж’ӯж”ҫеҷЁжӣҙж–°дҝЎжҒҜпјӣ5. 2024е№ҙ4жңҲ7ж—ҘMPC-BEж’ӯж”ҫеҷЁд»Ӣз»Қпјӣ6. 2024е№ҙ1жңҲ19ж—ҘAndroidжң¬ең°ж’ӯж”ҫеҷЁеҠҹиғҪиҜҙжҳҺпјӣ7. з®ҖеҚ•йҳ…иҜ»иҪҜд»¶д»Ӣз»ҚдёҺдёӢиҪҪең°еқҖпјӣ8. 2020е№ҙ7жңҲ5ж—ҘiReaderжң¬ең°зүҲд»Ӣз»Қпјӣ9. 2024е№ҙ12жңҲ13ж—ҘйӘҢиҜҒжңәеҲ¶жәҗз ҒеҲҶдә«пјӣ10. 2021е№ҙ8жңҲ12ж—ҘSundyж°ўз¬”и®°иҪҜд»¶д»Ӣз»ҚгҖӮ', 'notice', 'normal', 'иҜҘеҶ…е®№дёәеӨҡдёӘж—¶й—ҙзӮ№зҡ„жҠҖжңҜж•ҷзЁӢдёҺиҪҜд»¶еҲҶдә«жұҮжҖ»пјҢеұһдәҺеёёи§„зӨҫеҢәдҝЎжҒҜеҲҶдә«гҖӮе»әи®®пјҡ1. жҢүж—¶й—ҙжҲ–дё»йўҳеҲҶзұ»ж•ҙзҗҶпјӣ2. еҸҜж ҮжіЁжқҘжәҗи®әеқӣжҲ–е№іеҸ°пјӣ3. жіЁж„ҸиҪҜд»¶дёӢиҪҪй“ҫжҺҘзҡ„е®үе…ЁжҖ§жҸҗзӨәпјӣ4. еҜ№дәҺиҝҮж—¶дҝЎжҒҜпјҲеҰӮ2019е№ҙж•ҷзЁӢпјүеҸҜж·»еҠ ж—¶ж•ҲжҖ§иҜҙжҳҺгҖӮ', '0', NULL);
INSERT INTO `ai_community_event` VALUES (115, 'жҠҖжңҜж•ҷзЁӢдёҺиҪҜд»¶еҲҶдә«еҶ…е®№жұҮжҖ»', 'еҶ…е®№еҢ…еҗ«еӨҡдёӘж—¶й—ҙзӮ№зҡ„жҠҖжңҜзӣёе…іеё–еӯҗпјҡ1. 2019е№ҙ9жңҲ11ж—Ҙе…ідәҺдҪҝз”ЁиҠұз”ҹеЈіе’Ңwampserverжҗӯе»әжң¬ең°жңҚеҠЎзҡ„ж•ҷзЁӢпјӣ2. 2025е№ҙ11жңҲ21ж—Ҙе…ідәҺжҗӯе»әз®Җжҳ“HTTPжңҚеҠЎзҡ„жғіжі•пјӣ3. 1еӨ©еүҚе…ідәҺеҗҫзҲұз ҙи§Ји®әеқӣзҡ„д»Ӣз»Қпјӣ4. 2023е№ҙ12жңҲ27ж—ҘжӨ’зӣҗйҹід№җж’ӯж”ҫеҷЁжӣҙж–°дҝЎжҒҜпјӣ5. 2024е№ҙ4жңҲ7ж—ҘMPC-BEж’ӯж”ҫеҷЁд»Ӣз»Қпјӣ6. 2024е№ҙ1жңҲ19ж—ҘAndroidжң¬ең°ж’ӯж”ҫеҷЁеҠҹиғҪиҜҙжҳҺпјӣ7. з®ҖеҚ•йҳ…иҜ»иҪҜд»¶д»Ӣз»ҚдёҺдёӢиҪҪең°еқҖпјӣ8. 2020е№ҙ7жңҲ5ж—ҘiReaderжң¬ең°зүҲд»Ӣз»Қпјӣ9. 2024е№ҙ12жңҲ13ж—Ҙе…ідәҺжң¬ең°йӘҢиҜҒжңәеҲ¶зҡ„д»Јз ҒеҲҶдә«пјӣ10. 2021е№ҙ8жңҲ12ж—ҘSundyж°ўз¬”и®°иҪҜд»¶д»Ӣз»ҚгҖӮ', 'notice', 'normal', 'иҜҘеҶ…е®№дёәеӨҡдёӘж—¶й—ҙзӮ№зҡ„жҠҖжңҜж•ҷзЁӢгҖҒиҪҜд»¶еҲҶдә«е’Ңи®әеқӣд»Ӣз»ҚжұҮжҖ»пјҢеұһдәҺеёёи§„дҝЎжҒҜеҲҶдә«гҖӮе»әи®®пјҡ1. жҢүдё»йўҳеҲҶзұ»ж•ҙзҗҶпјӣ2. ж ёе®һй“ҫжҺҘе®үе…ЁжҖ§пјӣ3. ж ҮжіЁиҪҜд»¶зүҲжң¬ж—¶ж•ҲжҖ§пјӣ4. жҸҗйҶ’з”ЁжҲ·жіЁж„ҸиҪҜд»¶жқҘжәҗе®үе…ЁжҖ§гҖӮ', '0', NULL);
INSERT INTO `ai_community_event` VALUES (116, 'жҠҖжңҜж•ҷзЁӢдёҺиҪҜд»¶еҲҶдә«еҶ…е®№жұҮжҖ»', 'еҶ…е®№еҢ…еҗ«еӨҡдёӘж—¶й—ҙзӮ№зҡ„жҠҖжңҜзӣёе…іеё–еӯҗпјҡ1. 2019е№ҙ9жңҲ11ж—Ҙе…ідәҺдҪҝз”ЁиҠұз”ҹеЈіе’Ңwampserverжҗӯе»әжң¬ең°жңҚеҠЎзҡ„ж•ҷзЁӢпјӣ2. 2025е№ҙ11жңҲ21ж—Ҙе…ідәҺжҗӯе»әз®Җжҳ“HTTPжңҚеҠЎзҡ„жғіжі•пјӣ3. 1еӨ©еүҚе…ідәҺеҗҫзҲұз ҙи§Ји®әеқӣзҡ„д»Ӣз»Қпјӣ4. 2023е№ҙ12жңҲ27ж—ҘжӨ’зӣҗйҹід№җж’ӯж”ҫеҷЁжӣҙж–°пјӣ5. 2024е№ҙ4жңҲ7ж—ҘMPC-BEж’ӯж”ҫеҷЁд»Ӣз»Қпјӣ6. 2024е№ҙ1жңҲ19ж—ҘAndroidжң¬ең°ж’ӯж”ҫеҷЁеҠҹиғҪиҜҙжҳҺпјӣ7. з®ҖеҚ•йҳ…иҜ»иҪҜд»¶д»Ӣз»Қпјӣ8. 2020е№ҙ7жңҲ5ж—ҘiReaderжң¬ең°зүҲд»Ӣз»Қпјӣ9. 2024е№ҙ12жңҲ13ж—ҘйӘҢиҜҒзі»з»ҹжәҗз ҒеҲҶдә«пјӣ10. 2021е№ҙ8жңҲ12ж—ҘSundyж°ўз¬”и®°иҪҜд»¶д»Ӣз»ҚгҖӮ', 'notice', 'normal', 'иҜҘеҶ…е®№дёәеӨҡдёӘж—¶й—ҙзӮ№зҡ„жҠҖжңҜж•ҷзЁӢе’ҢиҪҜд»¶еҲҶдә«жұҮжҖ»пјҢеұһдәҺеёёи§„зӨҫеҢәдҝЎжҒҜеҲҶдә«гҖӮе»әи®®пјҡ1. жҢүдё»йўҳеҲҶзұ»ж•ҙзҗҶпјӣ2. жЈҖжҹҘй“ҫжҺҘе®үе…ЁжҖ§пјӣ3. ж ҮжіЁеҸ‘еёғж—¶й—ҙйҒҝе…Қж··ж·Ҷпјӣ4. еҸҜдҪңдёәжҠҖжңҜиө„жәҗеә“еҪ’жЎЈгҖӮ', '0', NULL);
INSERT INTO `ai_community_event` VALUES (117, 'жҠҖжңҜж•ҷзЁӢдёҺиҪҜд»¶еҲҶдә«еҶ…е®№жұҮжҖ»', 'еҶ…е®№еҢ…еҗ«еӨҡдёӘж—¶й—ҙзӮ№зҡ„жҠҖжңҜзӣёе…іеё–еӯҗпјҡ1. 2019е№ҙ9жңҲ11ж—Ҙе…ідәҺдҪҝз”ЁиҠұз”ҹеЈіе’Ңwampserverжҗӯе»әжң¬ең°жңҚеҠЎзҡ„ж•ҷзЁӢпјӣ2. 2025е№ҙ11жңҲ21ж—Ҙе…ідәҺжҗӯе»әз®Җжҳ“HTTPжңҚеҠЎзҡ„жғіжі•пјӣ3. 1еӨ©еүҚе…ідәҺеҗҫзҲұз ҙи§Ји®әеқӣзҡ„д»Ӣз»Қпјӣ4. 2023е№ҙ12жңҲ27ж—ҘжӨ’зӣҗйҹід№җж’ӯж”ҫеҷЁжӣҙж–°дҝЎжҒҜпјӣ5. 2024е№ҙ4жңҲ7ж—ҘMPC-BEж’ӯж”ҫеҷЁд»Ӣз»Қпјӣ6. 2024е№ҙ1жңҲ19ж—ҘAndroidжң¬ең°ж’ӯж”ҫеҷЁеҠҹиғҪиҜҙжҳҺпјӣ7. з®ҖеҚ•йҳ…иҜ»иҪҜд»¶д»Ӣз»ҚдёҺдёӢиҪҪең°еқҖпјӣ8. 2020е№ҙ7жңҲ5ж—ҘiReaderжң¬ең°зүҲд»Ӣз»Қпјӣ9. 2024е№ҙ12жңҲ13ж—ҘйӘҢиҜҒжңәеҲ¶жәҗз ҒеҲҶдә«пјӣ10. 2021е№ҙ8жңҲ12ж—ҘSundyж°ўз¬”и®°иҪҜд»¶д»Ӣз»ҚгҖӮ', 'notice', 'normal', 'иҜҘеҶ…е®№дёәеӨҡдёӘж—¶й—ҙзӮ№зҡ„жҠҖжңҜж•ҷзЁӢдёҺиҪҜд»¶еҲҶдә«жұҮжҖ»пјҢеұһдәҺеёёи§„зӨҫеҢәдҝЎжҒҜеҲҶдә«гҖӮе»әи®®пјҡ1. жҢүж—¶й—ҙжҲ–дё»йўҳеҲҶзұ»ж•ҙзҗҶпјӣ2. еҸҜж ҮжіЁжқҘжәҗи®әеқӣжҲ–е№іеҸ°пјӣ3. жіЁж„ҸиҪҜд»¶дёӢиҪҪй“ҫжҺҘзҡ„е®үе…ЁжҖ§жҸҗзӨәпјӣ4. еҜ№дәҺиҝҮж—¶дҝЎжҒҜпјҲеҰӮ2019е№ҙж•ҷзЁӢпјүеҸҜж·»еҠ ж—¶ж•ҲжҖ§иҜҙжҳҺгҖӮ', '0', NULL);
INSERT INTO `ai_community_event` VALUES (118, 'жҠҖжңҜж•ҷзЁӢдёҺиҪҜд»¶еҲҶдә«еҶ…е®№жұҮжҖ»', 'еҶ…е®№еҢ…еҗ«еӨҡдёӘж—¶й—ҙзӮ№зҡ„жҠҖжңҜзӣёе…іеё–еӯҗпјҡ1. 2019е№ҙ9жңҲ11ж—Ҙе…ідәҺдҪҝз”ЁиҠұз”ҹеЈіе’Ңwampserverжҗӯе»әжң¬ең°жңҚеҠЎзҡ„ж•ҷзЁӢпјӣ2. 2025е№ҙ11жңҲ21ж—Ҙе…ідәҺжҗӯе»әз®Җжҳ“HTTPжңҚеҠЎзҡ„жғіжі•пјӣ3. 1еӨ©еүҚе…ідәҺеҗҫзҲұз ҙи§Ји®әеқӣзҡ„д»Ӣз»Қпјӣ4. 2023е№ҙ12жңҲ27ж—ҘжӨ’зӣҗйҹід№җж’ӯж”ҫеҷЁжӣҙж–°дҝЎжҒҜпјӣ5. 2024е№ҙ4жңҲ7ж—ҘMPC-BEж’ӯж”ҫеҷЁд»Ӣз»Қпјӣ6. 2024е№ҙ1жңҲ19ж—ҘAndroidжң¬ең°ж’ӯж”ҫеҷЁеҠҹиғҪиҜҙжҳҺпјӣ7. з®ҖеҚ•йҳ…иҜ»иҪҜд»¶д»Ӣз»ҚдёҺдёӢиҪҪең°еқҖпјӣ8. 2020е№ҙ7жңҲ5ж—ҘiReaderжң¬ең°зүҲд»Ӣз»Қпјӣ9. 2024е№ҙ12жңҲ13ж—Ҙжң¬ең°йӘҢиҜҒе·Ҙе…·жәҗз ҒеҲҶдә«пјӣ10. 2021е№ҙ8жңҲ12ж—ҘSundyж°ўз¬”и®°иҪҜд»¶д»Ӣз»ҚгҖӮ', 'notice', 'normal', 'иҜҘеҶ…е®№дёәеӨҡдёӘж—¶й—ҙзӮ№зҡ„жҠҖжңҜж•ҷзЁӢдёҺиҪҜд»¶еҲҶдә«жұҮжҖ»пјҢеұһдәҺеёёи§„зӨҫеҢәдҝЎжҒҜеҲҶдә«гҖӮе»әи®®пјҡ1. жҢүж—¶й—ҙйЎәеәҸж•ҙзҗҶеҶ…е®№пјҢжҸҗй«ҳеҸҜиҜ»жҖ§пјӣ2. еҸҜеҲҶзұ»дёәвҖңиҪҜд»¶еҲҶдә«вҖқе’ҢвҖңжҠҖжңҜж•ҷзЁӢвҖқдёӨзұ»пјӣ3. жҸҗйҶ’з”ЁжҲ·жіЁж„ҸиҪҜд»¶дёӢиҪҪе®үе…ЁпјҢе»әи®®д»Һе®ҳж–№жё йҒ“иҺ·еҸ–пјӣ4. йғЁеҲҶеҶ…е®№ж—¶й—ҙиҫғд№…пјҢеҸҜж ҮжіЁж—¶ж•ҲжҖ§жҸҗйҶ’гҖӮ', '0', NULL);
INSERT INTO `ai_community_event` VALUES (119, 'жҠҖжңҜж•ҷзЁӢдёҺиҪҜд»¶еҲҶдә«еҶ…е®№жұҮжҖ»', 'еҶ…е®№еҢ…еҗ«еӨҡдёӘж—¶й—ҙзӮ№зҡ„жҠҖжңҜзӣёе…іеё–еӯҗпјҡ1. 2019е№ҙ9жңҲ11ж—Ҙе…ідәҺдҪҝз”ЁиҠұз”ҹеЈіе’Ңwampserverжҗӯе»әжң¬ең°жңҚеҠЎзҡ„ж•ҷзЁӢпјӣ2. 2025е№ҙ11жңҲ21ж—Ҙе…ідәҺжҗӯе»әз®Җжҳ“HTTPжңҚеҠЎзҡ„жғіжі•пјӣ3. 1еӨ©еүҚе…ідәҺеҗҫзҲұз ҙи§Ји®әеқӣзҡ„д»Ӣз»Қпјӣ4. 2023е№ҙ12жңҲ27ж—ҘжӨ’зӣҗйҹід№җж’ӯж”ҫеҷЁжӣҙж–°дҝЎжҒҜпјӣ5. 2024е№ҙ4жңҲ7ж—ҘMPC-BEж’ӯж”ҫеҷЁд»Ӣз»Қпјӣ6. 2024е№ҙ1жңҲ19ж—ҘAndroidжң¬ең°ж’ӯж”ҫеҷЁеҠҹиғҪиҜҙжҳҺпјӣ7. з®ҖеҚ•йҳ…иҜ»иҪҜд»¶д»Ӣз»ҚдёҺдёӢиҪҪең°еқҖпјӣ8. 2020е№ҙ7жңҲ5ж—ҘiReaderжң¬ең°зүҲд»Ӣз»Қпјӣ9. 2024е№ҙ12жңҲ13ж—ҘйӘҢиҜҒжңәеҲ¶жәҗз ҒеҲҶдә«пјӣ10. 2021е№ҙ8жңҲ12ж—ҘSundyж°ўз¬”и®°иҪҜд»¶д»Ӣз»ҚгҖӮ', 'notice', 'normal', 'иҜҘеҶ…е®№дёәеӨҡдёӘж—¶й—ҙзӮ№зҡ„жҠҖжңҜж•ҷзЁӢдёҺиҪҜд»¶еҲҶдә«жұҮжҖ»пјҢеұһдәҺеёёи§„зӨҫеҢәдҝЎжҒҜеҲҶдә«гҖӮе»әи®®пјҡ1. жҢүдё»йўҳеҲҶзұ»ж•ҙзҗҶпјӣ2. ж ҮжіЁеҸ‘еёғж—¶й—ҙдҫҝдәҺз”ЁжҲ·иҜҶеҲ«ж–°ж—§дҝЎжҒҜпјӣ3. еҸҜжҸҗйҶ’з”ЁжҲ·жіЁж„ҸиҪҜд»¶е®үе…ЁжҖ§дёҺзүҲжқғеҗҲи§„жҖ§гҖӮ', '0', NULL);
INSERT INTO `ai_community_event` VALUES (120, 'жң¬ең°зӣҙж’ӯдё“дёҡзүҲжңҚеҠЎејӮеёё', 'жң¬ең°зӣҙж’ӯдё“дёҡзүҲжңҚеҠЎдәҺжҠ–йҹіз”ҹжҙ»жңҚеҠЎе•Ҷе®¶дёҺиҫҫдәәпјҢжҸҗдҫӣдёҖз«ҷејҸзӣҙж’ӯи§ЈеҶіж–№жЎҲпјҢзҺ©иҪ¬жң¬ең°зӣҙж’ӯеёҰиҙ§гҖӮеҪ“еүҚеҮәзҺ°зҪ‘з»ңй”ҷиҜҜпјҢиҜ·йҮҚиҜ•гҖӮ', 'notice', 'normal', 'е»әи®®з”ЁжҲ·жЈҖжҹҘзҪ‘з»ңиҝһжҺҘеҗҺйҮҚиҜ•пјҢиӢҘй—®йўҳжҢҒз»ӯпјҢеҸҜиҒ”зі»жҠҖжңҜж”ҜжҢҒжҲ–жҹҘзңӢжңҚеҠЎзҠ¶жҖҒе…¬е‘ҠгҖӮ', '0', NULL);

-- ----------------------------
-- Table structure for community_activity
-- ----------------------------
DROP TABLE IF EXISTS `community_activity`;
CREATE TABLE `community_activity`  (
  `activity_id` bigint NOT NULL AUTO_INCREMENT COMMENT 'жҙ»еҠЁIDпјҲдё»й”®пјү',
  `activity_title` varchar(100) CHARACTER SET utf8mb4 COLLATE utf8mb4_0900_ai_ci NOT NULL COMMENT 'жҙ»еҠЁж Үйўҳ',
  `activity_type` varchar(20) CHARACTER SET utf8mb4 COLLATE utf8mb4_0900_ai_ci NOT NULL COMMENT 'жҙ»еҠЁеҲҶзұ»пјҲvolunteer:еҝ—ж„ҝжңҚеҠЎ, good_deed:еҘҪдәәеҘҪдәӢ, daily_share:ж—ҘеёёеҲҶдә«пјү',
  `activity_content` text CHARACTER SET utf8mb4 COLLATE utf8mb4_0900_ai_ci NOT NULL COMMENT 'жҙ»еҠЁеҶ…е®№',
  `activity_time` datetime NOT NULL COMMENT 'жҙ»еҠЁж—¶й—ҙ',
  `activity_location` varchar(200) CHARACTER SET utf8mb4 COLLATE utf8mb4_0900_ai_ci NOT NULL COMMENT 'жҙ»еҠЁең°зӮ№',
  `publisher_id` bigint NOT NULL COMMENT 'еҸ‘еёғдәәIDпјҲе…іиҒ”community_userиЎЁidпјү',
  `publisher_name` varchar(50) CHARACTER SET utf8mb4 COLLATE utf8mb4_0900_ai_ci NOT NULL COMMENT 'еҸ‘еёғдәәе§“еҗҚпјҲеҶ—дҪҷпјү',
  `signup_start_time` datetime NOT NULL COMMENT 'жҠҘеҗҚејҖе§Ӣж—¶й—ҙ',
  `signup_end_time` datetime NOT NULL COMMENT 'жҠҘеҗҚз»“жқҹж—¶й—ҙ',
  `max_participants` int NULL DEFAULT 0 COMMENT 'жңҖеӨ§еҸӮдёҺдәәж•°пјҲ0иЎЁзӨәж— йҷҗеҲ¶пјү',
  `current_participants` int NULL DEFAULT 0 COMMENT 'еҪ“еүҚжҠҘеҗҚдәәж•°',
  `status` varchar(20) CHARACTER SET utf8mb4 COLLATE utf8mb4_0900_ai_ci NOT NULL COMMENT 'жҙ»еҠЁзҠ¶жҖҒпјҲdraft:иҚүзЁҝ, published:е·ІеҸ‘еёғ, ongoing:иҝӣиЎҢдёӯ, completed:е·Із»“жқҹ, cancelled:е·ІеҸ–ж¶Ҳпјү',
  `create_time` datetime NULL DEFAULT CURRENT_TIMESTAMP COMMENT 'еҲӣе»әж—¶й—ҙ',
  `update_time` datetime NULL DEFAULT CURRENT_TIMESTAMP ON UPDATE CURRENT_TIMESTAMP COMMENT 'жӣҙж–°ж—¶й—ҙ',
  `remark` varchar(500) CHARACTER SET utf8mb4 COLLATE utf8mb4_0900_ai_ci NULL DEFAULT '' COMMENT 'еӨҮжіЁ',
  PRIMARY KEY (`activity_id`) USING BTREE,
  INDEX `idx_activity_type`(`activity_type` ASC) USING BTREE COMMENT 'жҙ»еҠЁеҲҶзұ»зҙўеј•',
  INDEX `idx_publisher_id`(`publisher_id` ASC) USING BTREE COMMENT 'еҸ‘еёғдәәIDзҙўеј•',
  INDEX `idx_activity_status`(`status` ASC) USING BTREE COMMENT 'жҙ»еҠЁзҠ¶жҖҒзҙўеј•'
) ENGINE = InnoDB AUTO_INCREMENT = 8 CHARACTER SET = utf8mb4 COLLATE = utf8mb4_0900_ai_ci COMMENT = 'зӨҫеҢәжҙ»еҠЁиЎЁ' ROW_FORMAT = DYNAMIC;

-- ----------------------------
-- Records of community_activity
-- ----------------------------
INSERT INTO `community_activity` VALUES (1, 'е°ҸеҢәд№үеҠЎжӨҚж ‘жҙ»еҠЁ', 'volunteer', 'з»„з»Үдёҡдё»еҸӮдёҺе°ҸеҢәз»ҝеҢ–жӨҚж ‘', '2025-03-12 09:00:00', 'е°ҸеҢәдёӯеӨ®иҠұеӣӯ', 1, 'з®ЎзҗҶе‘ҳ', '2025-03-01 00:00:00', '2025-03-10 23:59:59', 50, 15, 'published', '2026-03-22 10:55:20', '2026-04-06 16:08:54', '');
INSERT INTO `community_activity` VALUES (2, 'е…ізҲұиҖҒдәәйҖҒжё©жҡ–', 'good_deed', 'дёәе°ҸеҢәиҖҒдәәжҸҗдҫӣе…Қиҙ№зҗҶеҸ‘гҖҒеҒҘеә·жЈҖжҹҘ', '2025-03-15 14:00:00', 'е°ҸеҢәжҙ»еҠЁдёӯеҝғ', 1, 'з®ЎзҗҶе‘ҳ', '2025-03-01 00:00:00', '2025-03-14 23:59:59', 30, 8, 'published', '2026-03-22 10:55:20', '2026-03-22 10:55:20', '');
INSERT INTO `community_activity` VALUES (3, 'е‘Ёжң«дәІеӯҗжүӢе·ҘеҲҶдә«', 'daily_share', 'жүӢе·ҘеҲ¶дҪңгҖҒдәІеӯҗдә’еҠЁгҖҒдҪңе“Ғеұ•зӨә', '2025-03-22 10:00:00', 'е°ҸеҢәе„ҝз«Ҙд№җеӣӯ', 1, 'з®ЎзҗҶе‘ҳ', '2025-03-10 00:00:00', '2025-03-20 23:59:59', 40, 20, 'ongoing', '2026-03-22 10:55:20', '2026-03-31 21:02:33', '');
INSERT INTO `community_activity` VALUES (4, 'ж¶ҲйҳІе®үе…ЁзҹҘиҜҶи®Іеә§', 'volunteer', 'жҷ®еҸҠе®¶еәӯйҳІзҒ«гҖҒйҖғз”ҹзҹҘиҜҶ', '2025-03-28 15:00:00', 'зӨҫеҢәдјҡи®®е®Ө', 2, 'з®ЎзҗҶе‘ҳ', '2025-03-15 00:00:00', '2025-03-27 23:59:59', 60, 0, 'published', '2026-03-22 10:55:20', '2026-04-06 21:14:08', '');
INSERT INTO `community_activity` VALUES (5, 'йӮ»йҮҢзҫҺйЈҹиҠӮ', 'daily_share', 'дёҡдё»еҺЁиүәеұ•зӨәгҖҒзҫҺйЈҹеҲҶдә«', '2025-04-05 11:00:00', 'е°ҸеҢәе№ҝеңә', 2, 'з®ЎзҗҶе‘ҳ', '2025-03-20 00:00:00', '2025-04-04 23:59:59', 80, 30, 'published', '2026-03-22 10:55:20', '2026-03-22 10:55:20', '');
INSERT INTO `community_activity` VALUES (6, 'е‘Ёжң«зӨҫеҢәзҺҜдҝқд№үжј”жӢӣеӢҹ', 'volunteer', 'дёҫеҠһзӨҫеҢәзҺҜдҝқдё»йўҳд№үжј”пјҢе‘јеҗҒеұ…ж°‘зҲұжҠӨзҺҜеўғпјҢжӢӣеӢҹзҺ°еңәиЎЁжј”гҖҒеј•еҜјгҖҒзү©иө„ж•ҙзҗҶеҝ—ж„ҝиҖ…', '2026-04-20 19:00:00', 'зӨҫеҢәе№ҝеңә', 1, 'з®ЎзҗҶе‘ҳ', '2026-03-20 00:00:00', '2026-04-19 23:59:59', 50, 19, 'published', '2026-03-28 19:28:27', '2026-04-06 23:25:58', 'зҺҜдҝқе…¬зӣҠзұ»еҝ—ж„ҝжҙ»еҠЁ');
INSERT INTO `community_activity` VALUES (7, 'жҳҘеӯЈе°ҸеҢәз§Қж ‘е…¬зӣҠжҙ»еҠЁ', 'good_deed', 'жҳҘеӯЈе°ҸеҢәз»ҝеҢ–жӨҚж ‘жҙ»еҠЁпјҢжӢӣеӢҹеұ…ж°‘еҸӮдёҺж ‘иӢ—з§ҚжӨҚгҖҒи®ӨйўҶгҖҒе…»жҠӨзӯүеҝ—ж„ҝе·ҘдҪң', '2026-04-10 09:00:00', 'е°ҸеҢәдёӯеӨ®иҠұеӣӯ', 1, 'з®ЎзҗҶе‘ҳ', '2026-03-15 00:00:00', '2026-04-09 23:59:59', 60, 23, 'published', '2026-03-28 19:28:27', '2026-04-02 01:18:57', 'зӨҫеҢәз»ҝеҢ–зұ»еҘҪдәәеҘҪдәӢжҙ»еҠЁ');

-- ----------------------------
-- Table structure for community_bill
-- ----------------------------
DROP TABLE IF EXISTS `community_bill`;
CREATE TABLE `community_bill`  (
  `id` bigint NOT NULL AUTO_INCREMENT COMMENT 'дё»й”®ID',
  `owner_id` bigint NULL DEFAULT NULL COMMENT 'дёҡдё»ID',
  `owner_name` varchar(50) CHARACTER SET utf8mb4 COLLATE utf8mb4_0900_ai_ci NULL DEFAULT NULL COMMENT 'дёҡдё»е§“еҗҚ',
  `bill_type` char(1) CHARACTER SET utf8mb4 COLLATE utf8mb4_0900_ai_ci NULL DEFAULT NULL COMMENT 'иҙҰеҚ•зұ»еһӢпјҲ1:зү©дёҡиҙ№,2:ж°ҙиҙ№,3:з”өиҙ№,4:зҮғж°”иҙ№,5:еҒңиҪҰиҙ№,6:е…¶д»–пјү',
  `bill_no` varchar(50) CHARACTER SET utf8mb4 COLLATE utf8mb4_0900_ai_ci NULL DEFAULT NULL COMMENT 'иҙҰеҚ•зј–еҸ·',
  `bill_amount` decimal(10, 2) NULL DEFAULT NULL COMMENT 'иҙҰеҚ•йҮ‘йўқ',
  `paid_amount` decimal(10, 2) NULL DEFAULT 0.00 COMMENT 'е·Ід»ҳйҮ‘йўқ',
  `arrears_amount` decimal(10, 2) NULL DEFAULT NULL COMMENT 'ж¬ иҙ№йҮ‘йўқ',
  `bill_date` date NULL DEFAULT NULL COMMENT 'иҙҰеҚ•ж—Ҙжңҹ',
  `due_date` date NULL DEFAULT NULL COMMENT 'зјҙиҙ№жҲӘжӯўж—Ҙжңҹ',
  `status` char(1) CHARACTER SET utf8mb4 COLLATE utf8mb4_0900_ai_ci NULL DEFAULT '0' COMMENT 'зҠ¶жҖҒпјҲ0:жңӘж”Ҝд»ҳ,1:йғЁеҲҶж”Ҝд»ҳ,2:е·Іж”Ҝд»ҳпјү',
  `community_id` bigint NULL DEFAULT NULL COMMENT 'е°ҸеҢәID',
  `building` varchar(50) CHARACTER SET utf8mb4 COLLATE utf8mb4_0900_ai_ci NULL DEFAULT NULL COMMENT 'жҘјж Ӣ',
  `unit` varchar(50) CHARACTER SET utf8mb4 COLLATE utf8mb4_0900_ai_ci NULL DEFAULT NULL COMMENT 'еҚ•е…ғ',
  `room` varchar(50) CHARACTER SET utf8mb4 COLLATE utf8mb4_0900_ai_ci NULL DEFAULT NULL COMMENT 'жҲҝй—ҙеҸ·',
  `usage_amount` decimal(10, 2) NULL DEFAULT NULL COMMENT 'з”ЁйҮҸпјҲж°ҙз”өж°”зӯүпјү',
  `unit_price` decimal(10, 4) NULL DEFAULT NULL COMMENT 'еҚ•д»·',
  `last_reading` decimal(10, 2) NULL DEFAULT NULL COMMENT 'дёҠжңҹиҜ»ж•°',
  `current_reading` decimal(10, 2) NULL DEFAULT NULL COMMENT 'жң¬жңҹиҜ»ж•°',
  `create_by` varchar(64) CHARACTER SET utf8mb4 COLLATE utf8mb4_0900_ai_ci NULL DEFAULT '' COMMENT 'еҲӣе»әиҖ…',
  `create_time` datetime NULL DEFAULT NULL COMMENT 'еҲӣе»әж—¶й—ҙ',
  `update_by` varchar(64) CHARACTER SET utf8mb4 COLLATE utf8mb4_0900_ai_ci NULL DEFAULT '' COMMENT 'жӣҙж–°иҖ…',
  `update_time` datetime NULL DEFAULT NULL COMMENT 'жӣҙж–°ж—¶й—ҙ',
  `remark` varchar(500) CHARACTER SET utf8mb4 COLLATE utf8mb4_0900_ai_ci NULL DEFAULT NULL COMMENT 'еӨҮжіЁ',
  PRIMARY KEY (`id`) USING BTREE,
  INDEX `idx_owner_id`(`owner_id` ASC) USING BTREE,
  INDEX `idx_bill_no`(`bill_no` ASC) USING BTREE,
  INDEX `idx_status`(`status` ASC) USING BTREE,
  INDEX `idx_bill_type`(`bill_type` ASC) USING BTREE,
  INDEX `idx_bill_type_new`(`bill_type` ASC) USING BTREE,
  INDEX `idx_bill_due_date_new`(`due_date` ASC) USING BTREE,
  INDEX `idx_bill_owner_id_new_v2`(`owner_id` ASC) USING BTREE
) ENGINE = InnoDB AUTO_INCREMENT = 1 CHARACTER SET = utf8mb4 COLLATE = utf8mb4_0900_ai_ci COMMENT = 'з”ҹжҙ»зјҙиҙ№иҙҰеҚ•иЎЁ' ROW_FORMAT = DYNAMIC;

-- ----------------------------
-- Records of community_bill
-- ----------------------------

-- ----------------------------
-- Table structure for community_bill_backup
-- ----------------------------
DROP TABLE IF EXISTS `community_bill_backup`;
CREATE TABLE `community_bill_backup`  (
  `id` bigint NOT NULL DEFAULT 0 COMMENT 'дё»й”®ID',
  `owner_id` bigint NULL DEFAULT NULL COMMENT 'дёҡдё»ID',
  `owner_name` varchar(50) CHARACTER SET utf8mb4 COLLATE utf8mb4_0900_ai_ci NULL DEFAULT NULL COMMENT 'дёҡдё»е§“еҗҚ',
  `bill_type` char(1) CHARACTER SET utf8mb4 COLLATE utf8mb4_0900_ai_ci NULL DEFAULT NULL COMMENT 'иҙҰеҚ•зұ»еһӢпјҲ1:зү©дёҡиҙ№,2:ж°ҙиҙ№,3:з”өиҙ№,4:зҮғж°”иҙ№,5:еҒңиҪҰиҙ№,6:е…¶д»–пјү',
  `bill_no` varchar(50) CHARACTER SET utf8mb4 COLLATE utf8mb4_0900_ai_ci NULL DEFAULT NULL COMMENT 'иҙҰеҚ•зј–еҸ·',
  `bill_amount` decimal(10, 2) NULL DEFAULT NULL COMMENT 'иҙҰеҚ•йҮ‘йўқ',
  `paid_amount` decimal(10, 2) NULL DEFAULT 0.00 COMMENT 'е·Ід»ҳйҮ‘йўқ',
  `arrears_amount` decimal(10, 2) NULL DEFAULT NULL COMMENT 'ж¬ иҙ№йҮ‘йўқ',
  `bill_date` date NULL DEFAULT NULL COMMENT 'иҙҰеҚ•ж—Ҙжңҹ',
  `due_date` date NULL DEFAULT NULL COMMENT 'зјҙиҙ№жҲӘжӯўж—Ҙжңҹ',
  `status` char(1) CHARACTER SET utf8mb4 COLLATE utf8mb4_0900_ai_ci NULL DEFAULT '0' COMMENT 'зҠ¶жҖҒпјҲ0:жңӘж”Ҝд»ҳ,1:йғЁеҲҶж”Ҝд»ҳ,2:е·Іж”Ҝд»ҳпјү',
  `community_id` bigint NULL DEFAULT NULL COMMENT 'е°ҸеҢәID',
  `building` varchar(50) CHARACTER SET utf8mb4 COLLATE utf8mb4_0900_ai_ci NULL DEFAULT NULL COMMENT 'жҘјж Ӣ',
  `unit` varchar(50) CHARACTER SET utf8mb4 COLLATE utf8mb4_0900_ai_ci NULL DEFAULT NULL COMMENT 'еҚ•е…ғ',
  `room` varchar(50) CHARACTER SET utf8mb4 COLLATE utf8mb4_0900_ai_ci NULL DEFAULT NULL COMMENT 'жҲҝй—ҙеҸ·',
  `usage_amount` decimal(10, 2) NULL DEFAULT NULL COMMENT 'з”ЁйҮҸпјҲж°ҙз”өж°”зӯүпјү',
  `unit_price` decimal(10, 4) NULL DEFAULT NULL COMMENT 'еҚ•д»·',
  `last_reading` decimal(10, 2) NULL DEFAULT NULL COMMENT 'дёҠжңҹиҜ»ж•°',
  `current_reading` decimal(10, 2) NULL DEFAULT NULL COMMENT 'жң¬жңҹиҜ»ж•°',
  `create_by` varchar(64) CHARACTER SET utf8mb4 COLLATE utf8mb4_0900_ai_ci NULL DEFAULT '' COMMENT 'еҲӣе»әиҖ…',
  `create_time` datetime NULL DEFAULT NULL COMMENT 'еҲӣе»әж—¶й—ҙ',
  `update_by` varchar(64) CHARACTER SET utf8mb4 COLLATE utf8mb4_0900_ai_ci NULL DEFAULT '' COMMENT 'жӣҙж–°иҖ…',
  `update_time` datetime NULL DEFAULT NULL COMMENT 'жӣҙж–°ж—¶й—ҙ',
  `remark` varchar(500) CHARACTER SET utf8mb4 COLLATE utf8mb4_0900_ai_ci NULL DEFAULT NULL COMMENT 'еӨҮжіЁ'
) ENGINE = InnoDB CHARACTER SET = utf8mb4 COLLATE = utf8mb4_0900_ai_ci ROW_FORMAT = DYNAMIC;

-- ----------------------------
-- Records of community_bill_backup
-- ----------------------------

-- ----------------------------
-- Table structure for community_comment
-- ----------------------------
DROP TABLE IF EXISTS `community_comment`;
CREATE TABLE `community_comment`  (
  `comment_id` bigint NOT NULL AUTO_INCREMENT COMMENT 'иҜ„и®әID',
  `post_id` bigint NOT NULL COMMENT 'жүҖеұһеҠЁжҖҒID',
  `user_id` bigint NOT NULL COMMENT 'иҜ„и®әз”ЁжҲ·IDпјҲе…іиҒ”sys_userиЎЁпјү',
  `user_name` varchar(50) CHARACTER SET utf8mb4 COLLATE utf8mb4_0900_ai_ci NOT NULL COMMENT 'иҜ„и®әдәәе§“еҗҚпјҲеҶ—дҪҷпјү',
  `content` varchar(500) CHARACTER SET utf8mb4 COLLATE utf8mb4_0900_ai_ci NOT NULL COMMENT 'иҜ„и®әеҶ…е®№',
  `create_time` datetime NULL DEFAULT CURRENT_TIMESTAMP COMMENT 'иҜ„и®әж—¶й—ҙ',
  PRIMARY KEY (`comment_id`) USING BTREE,
  INDEX `idx_post_id`(`post_id` ASC) USING BTREE,
  INDEX `idx_user_id`(`user_id` ASC) USING BTREE
) ENGINE = InnoDB AUTO_INCREMENT = 8 CHARACTER SET = utf8mb4 COLLATE = utf8mb4_0900_ai_ci COMMENT = 'зӨҫеҢәиҜ„и®әиЎЁ' ROW_FORMAT = DYNAMIC;

-- ----------------------------
-- Records of community_comment
-- ----------------------------
INSERT INTO `community_comment` VALUES (1, 1, 1, 'зғӯеҝғйӮ»еұ…', 'зҺӢеӨ§зҲ·зңҹжҳҜеҘҪдәәпјҒ', '2026-03-26 19:38:41');
INSERT INTO `community_comment` VALUES (2, 1, 2, 'е°ҸжқҺ', 'дёәеӨ§зҲ·зӮ№иөһпјҒ', '2026-03-26 19:38:41');
INSERT INTO `community_comment` VALUES (3, 2, 3, 'иҠұз—ҙе°‘еҘі', 'еӨӘзҫҺдәҶпјҢжҲ‘д№ҹиҰҒеҺ»пјҒ', '2026-03-26 19:38:41');
INSERT INTO `community_comment` VALUES (4, 2, 4, 'ж‘„еҪұзҲұеҘҪиҖ…', 'иҜ·й—®е…·дҪ“еңЁе“ӘдёӘдҪҚзҪ®пјҹ', '2026-03-26 19:38:41');
INSERT INTO `community_comment` VALUES (5, 1, 1, 'еҢҝеҗҚз”ЁжҲ·', '6', '2026-04-02 20:57:53');
INSERT INTO `community_comment` VALUES (6, 2, 1, 'еҢҝеҗҚз”ЁжҲ·', 'еҺүе®іеҺүе®і', '2026-04-02 20:58:03');
INSERT INTO `community_comment` VALUES (7, 3, 1, 'еҢҝеҗҚз”ЁжҲ·', '111', '2026-04-06 12:26:50');

-- ----------------------------
-- Table structure for community_complaint
-- ----------------------------
DROP TABLE IF EXISTS `community_complaint`;
CREATE TABLE `community_complaint`  (
  `id` bigint NOT NULL AUTO_INCREMENT COMMENT 'дё»й”®ID',
  `user_id` bigint NULL DEFAULT NULL COMMENT 'жҠ•иҜүдәәIDпјҲе…іиҒ”sys_userиЎЁidпјү',
  `user_name` varchar(50) CHARACTER SET utf8mb4 COLLATE utf8mb4_0900_ai_ci NULL DEFAULT NULL COMMENT 'жҠ•иҜүдәәе§“еҗҚпјҲеҶ—дҪҷпјү',
  `user_phone` varchar(20) CHARACTER SET utf8mb4 COLLATE utf8mb4_0900_ai_ci NULL DEFAULT NULL COMMENT 'жҠ•иҜүдәәжүӢжңәеҸ·пјҲеҶ—дҪҷпјү',
  `complaint_title` varchar(200) CHARACTER SET utf8mb4 COLLATE utf8mb4_0900_ai_ci NULL DEFAULT NULL COMMENT 'жҠ•иҜүж Үйўҳ',
  `complaint_content` text CHARACTER SET utf8mb4 COLLATE utf8mb4_0900_ai_ci NULL COMMENT 'жҠ•иҜүеҶ…е®№',
  `complaint_type` varchar(20) CHARACTER SET utf8mb4 COLLATE utf8mb4_0900_ai_ci NULL DEFAULT NULL COMMENT 'жҠ•иҜүзұ»еһӢпјҲenvironment:зҺҜеўғй—®йўҳ, security:е®үе…Ёй—®йўҳ, service:жңҚеҠЎй—®йўҳ, noise:еҷӘйҹій—®йўҳпјү',
  `complaint_status` varchar(20) CHARACTER SET utf8mb4 COLLATE utf8mb4_0900_ai_ci NULL DEFAULT 'pending' COMMENT 'жҠ•иҜүзҠ¶жҖҒпјҲpending:еҫ…еӨ„зҗҶ, processing:еӨ„зҗҶдёӯ, resolved:е·Іи§ЈеҶі, rejected:е·Ій©іеӣһпјү',
  `handle_user_id` bigint NULL DEFAULT NULL COMMENT 'еӨ„зҗҶдәәIDпјҲе…іиҒ”sys_userиЎЁidпјү',
  `handle_user_name` varchar(50) CHARACTER SET utf8mb4 COLLATE utf8mb4_0900_ai_ci NULL DEFAULT NULL COMMENT 'еӨ„зҗҶдәәе§“еҗҚпјҲеҶ—дҪҷпјү',
  `handle_result` text CHARACTER SET utf8mb4 COLLATE utf8mb4_0900_ai_ci NULL COMMENT 'еӨ„зҗҶз»“жһң',
  `handle_time` datetime NULL DEFAULT NULL COMMENT 'еӨ„зҗҶж—¶й—ҙ',
  `create_by` varchar(64) CHARACTER SET utf8mb4 COLLATE utf8mb4_0900_ai_ci NULL DEFAULT '' COMMENT 'еҲӣе»әиҖ…',
  `create_time` datetime NULL DEFAULT NULL COMMENT 'еҲӣе»әж—¶й—ҙ',
  `update_by` varchar(64) CHARACTER SET utf8mb4 COLLATE utf8mb4_0900_ai_ci NULL DEFAULT '' COMMENT 'жӣҙж–°иҖ…',
  `update_time` datetime NULL DEFAULT NULL COMMENT 'жӣҙж–°ж—¶й—ҙ',
  `remark` varchar(500) CHARACTER SET utf8mb4 COLLATE utf8mb4_0900_ai_ci NULL DEFAULT NULL COMMENT 'еӨҮжіЁ',
  PRIMARY KEY (`id`) USING BTREE,
  INDEX `idx_user_id`(`user_id` ASC) USING BTREE,
  INDEX `idx_complaint_status`(`complaint_status` ASC) USING BTREE,
  INDEX `idx_complaint_type`(`complaint_type` ASC) USING BTREE
) ENGINE = InnoDB AUTO_INCREMENT = 11 CHARACTER SET = utf8mb4 COLLATE = utf8mb4_0900_ai_ci COMMENT = 'е°ҸеҢәжҠ•иҜүиЎЁ' ROW_FORMAT = DYNAMIC;

-- ----------------------------
-- Records of community_complaint
-- ----------------------------
INSERT INTO `community_complaint` VALUES (1, 1001, 'еј дёү', '13800138001', 'жҘјйҒ“еһғеңҫж— дәәжё…зҗҶ', '3еҸ·жҘј2еҚ•е…ғжҘјйҒ“еһғеңҫе Ҷз§Ҝ3еӨ©пјҢејӮе‘ідёҘйҮҚ', 'environment', 'pending', NULL, NULL, NULL, NULL, 'admin', '2026-04-02 17:45:37', '', NULL, 'еҫ…еӨ„зҗҶ');
INSERT INTO `community_complaint` VALUES (2, 1002, 'жқҺеӣӣ', '13800138002', 'е°ҸеҢәеӨңй—ҙеҷӘйҹіжү°ж°‘', 'еӨңй—ҙ11зӮ№еҗҺд»ҚжңүиЈ…дҝ®еҷӘйҹіпјҢеҪұе“Қдј‘жҒҜ', 'noise', 'processing', 101, 'зҺӢз®ЎзҗҶе‘ҳ', 'е·ІдёҠй—ЁеҠқйҳ»', '2026-04-02 17:45:37', 'admin', '2026-04-02 17:45:37', '', NULL, 'еӨ„зҗҶдёӯ');
INSERT INTO `community_complaint` VALUES (3, 1003, 'зҺӢдә”', '13800138003', 'й—ЁзҰҒжҚҹеқҸж— дәәз»ҙдҝ®', 'еҚ•е…ғй—Ёй—ЁзҰҒеӨұзҒөпјҢеӨ–жқҘдәәе‘ҳеҸҜйҡҸж„Ҹиҝӣе…Ҙ', 'security', 'resolved', 102, 'еј з»ҙдҝ®', 'е·ІжӣҙжҚўй—ЁзҰҒжЁЎеқ—', '2026-04-02 17:45:37', 'admin', '2026-04-02 17:45:37', '', NULL, 'е·Іи§ЈеҶі');
INSERT INTO `community_complaint` VALUES (4, 1004, 'иөөе…ӯ', '13800138004', 'зү©дёҡжңҚеҠЎжҖҒеәҰжҒ¶еҠЈ', 'еүҚеҸ°е®ўжңҚдёҚиҖҗзғҰпјҢй—®йўҳдёҚеҸ—зҗҶ', 'service', 'pending', NULL, NULL, NULL, NULL, 'admin', '2026-04-02 17:45:37', '', NULL, 'еҫ…ж ёе®һ');
INSERT INTO `community_complaint` VALUES (5, 1005, 'еӯҷдёғ', '13800138005', 'з»ҝеҢ–еёҰиў«иҪҰиҫҶзўҫеҺӢ', 'жҘјдёӢз»ҝеҢ–иҚүеқӘиў«з§Ғе®¶иҪҰй•ҝжңҹеҚ з”Ё', 'environment', 'resolved', 103, 'еҲҳдҝқе®ү', 'е·ІиҙҙиӯҰзӨәе№¶жҢӘиҪҰ', '2026-04-02 17:45:37', 'admin', '2026-04-02 17:45:37', '', NULL, 'е·ІеӨ„зҗҶ');
INSERT INTO `community_complaint` VALUES (6, 1006, 'е‘Ёе…«', '13800138006', 'е°ҸеҢәи·ҜзҒҜдёҚдә®', 'дё»е№ІйҒ“3зӣҸи·ҜзҒҜжҚҹеқҸпјҢеӨңй—ҙиЎҢиө°еҚұйҷ©', 'security', 'processing', 101, 'зҺӢз®ЎзҗҶе‘ҳ', 'е·Іе®үжҺ’з”өе·Ҙз»ҙдҝ®', '2026-04-02 17:45:37', 'admin', '2026-04-02 17:45:37', '', NULL, 'з»ҙдҝ®дёӯ');
INSERT INTO `community_complaint` VALUES (7, 1007, 'еҗҙд№қ', '13800138007', 'йӮ»еұ…иЈ…дҝ®еҷӘйҹіиҝҮеӨ§', 'зҷҪеӨ©жҢҒз»ӯз”өй’»еҷӘйҹіпјҢдёҘйҮҚеҪұе“Қеұ…е®¶еҠһе…¬', 'noise', 'pending', NULL, NULL, NULL, NULL, 'admin', '2026-04-02 17:45:37', '', NULL, 'еҫ…еҚҸи°ғ');
INSERT INTO `community_complaint` VALUES (8, 1008, 'йғ‘еҚҒ', '13800138008', 'еҝ«йҖ’жҹңж•…йҡңж— жі•еҸ–д»¶', 'дё°е·ўеҝ«йҖ’жҹңй•ҝжңҹжӯ»жңәпјҢж— жі•жү«з ҒејҖз®ұ', 'service', 'resolved', 102, 'еј з»ҙдҝ®', 'е·ІиҒ”зі»еҝ«йҖ’ж–№дҝ®еӨҚ', '2026-04-02 17:45:37', 'admin', '2026-04-02 17:45:37', '', NULL, 'е·Іи§ЈеҶі');
INSERT INTO `community_complaint` VALUES (9, 1009, 'еҶҜеҚҒдёҖ', '13800138009', 'ж¶ҲйҳІйҖҡйҒ“иў«еҚ з”Ё', 'ең°дёӢиҪҰеә“ж¶ҲйҳІйҖҡйҒ“иў«жқӮзү©е өеЎһ', 'security', 'rejected', 101, 'зҺӢз®ЎзҗҶе‘ҳ', 'жғ…еҶөдёҚеұһе®һпјҢе·Іж ёе®һ', '2026-04-02 17:45:37', 'admin', '2026-04-02 17:45:37', '', NULL, 'е·Ій©іеӣһ');

-- ----------------------------
-- Table structure for community_donation
-- ----------------------------
DROP TABLE IF EXISTS `community_donation`;
CREATE TABLE `community_donation`  (
  `id` bigint NOT NULL AUTO_INCREMENT COMMENT 'жҚҗж¬ҫID',
  `title` varchar(100) CHARACTER SET utf8mb4 COLLATE utf8mb4_0900_ai_ci NOT NULL COMMENT 'жҚҗж¬ҫж Үйўҳ',
  `content` text CHARACTER SET utf8mb4 COLLATE utf8mb4_0900_ai_ci NULL COMMENT 'жҚҗж¬ҫиҜҰжғ…д»Ӣз»Қ',
  `target_money` decimal(10, 2) NULL DEFAULT 0.00 COMMENT 'зӣ®ж ҮйҮ‘йўқ',
  `now_money` decimal(10, 2) NULL DEFAULT 0.00 COMMENT 'е·Ізӯ№йҮ‘йўқ',
  `donor_count` int NULL DEFAULT 0 COMMENT 'жҚҗж¬ҫдәәж•°',
  `image` varchar(255) CHARACTER SET utf8mb4 COLLATE utf8mb4_0900_ai_ci NULL DEFAULT NULL COMMENT 'е°ҒйқўеӣҫзүҮ',
  `status` char(1) CHARACTER SET utf8mb4 COLLATE utf8mb4_0900_ai_ci NULL DEFAULT '0' COMMENT 'зҠ¶жҖҒ 0=иҝӣиЎҢдёӯ 1=е·Із»“жқҹ',
  `create_by` varchar(64) CHARACTER SET utf8mb4 COLLATE utf8mb4_0900_ai_ci NULL DEFAULT '' COMMENT 'еҲӣе»әиҖ…',
  `create_time` datetime NULL DEFAULT CURRENT_TIMESTAMP COMMENT 'еҲӣе»әж—¶й—ҙ',
  `update_by` varchar(64) CHARACTER SET utf8mb4 COLLATE utf8mb4_0900_ai_ci NULL DEFAULT '' COMMENT 'жӣҙж–°иҖ…',
  `update_time` datetime NULL DEFAULT CURRENT_TIMESTAMP ON UPDATE CURRENT_TIMESTAMP COMMENT 'жӣҙж–°ж—¶й—ҙ',
  `remark` varchar(500) CHARACTER SET utf8mb4 COLLATE utf8mb4_0900_ai_ci NULL DEFAULT NULL COMMENT 'еӨҮжіЁ',
  PRIMARY KEY (`id`) USING BTREE
) ENGINE = InnoDB AUTO_INCREMENT = 9 CHARACTER SET = utf8mb4 COLLATE = utf8mb4_0900_ai_ci COMMENT = 'зӨҫеҢәзҲұеҝғжҚҗж¬ҫиЎЁ' ROW_FORMAT = DYNAMIC;

-- ----------------------------
-- Records of community_donation
-- ----------------------------
INSERT INTO `community_donation` VALUES (1, 'зӨҫеҢәе„ҝз«Ҙеӣҫд№Ұи§’е»әи®ҫ', 'дёәе°ҸеҢәеӯ©еӯҗд»¬зӯ№е»әе…¬зӣҠеӣҫд№Ұи§’пјҢеӢҹйӣҶз»ҳжң¬гҖҒиҜҫеӨ–д№ҰгҖҒд№Ұжһ¶зӯүзү©иө„пјҢи®©еӯ©еӯҗеңЁе®¶й—ЁеҸЈе°ұиғҪйҳ…иҜ»гҖӮ', 5000.00, 2350.00, 42, '/static/donation/help.jpg', '0', '', '2026-03-27 17:04:03', '', '2026-03-28 10:22:13', NULL);
INSERT INTO `community_donation` VALUES (2, 'еӯӨеҜЎиҖҒдәәе…ізҲұи®ЎеҲ’', 'дёәзӨҫеҢәеҶ…зӢ¬еұ…гҖҒй«ҳйҫ„иҖҒдәәжҸҗдҫӣз”ҹжҙ»зү©иө„гҖҒеҒҘеә·жЈҖжҹҘгҖҒйҷӘдјҙе…іжҖҖзӯүзҲұеҝғеё®еҠ©гҖӮ', 3000.00, 1860.00, 28, '/static/donation/health.jpg', '0', '', '2026-03-27 17:04:03', '', '2026-03-28 10:22:16', NULL);
INSERT INTO `community_donation` VALUES (3, 'е°ҸеҢәзҺҜеўғзҫҺеҢ–е·ҘзЁӢ', 'з”ЁдәҺзӨҫеҢәз»ҝеҢ–еҚҮзә§гҖҒеҒҘиә«еҷЁжқҗз»ҙдҝ®гҖҒе…¬е…ұеҢәеҹҹжё…жҙҒз»ҙжҠӨпјҢи®©е®¶еӣӯжӣҙзҫҺдёҪгҖӮ', 8000.00, 5200.00, 65, '/static/donation/environment.jpg', '0', '', '2026-03-27 17:04:03', '', '2026-03-27 17:04:03', NULL);
INSERT INTO `community_donation` VALUES (4, 'иҙ«еӣ°е®¶еәӯеҠ©еӯҰи®ЎеҲ’', 'её®еҠ©зӨҫеҢәеҶ…еӣ°йҡҫе®¶еәӯеӯҰз”ҹж”Ҝд»ҳеӯҰиҙ№гҖҒиҙӯд№°еӯҰд№ з”Ёе“ҒпјҢзӮ№дә®еӯ©еӯҗжұӮеӯҰжўҰжғігҖӮ', 4000.00, 3120.00, 37, '/static/donation/study.jpg', '0', '', '2026-03-27 17:04:03', '', '2026-03-27 17:04:03', NULL);
INSERT INTO `community_donation` VALUES (5, 'жҠ—з–«зү©иө„зҲұеҝғжҸҙеҠ©', 'дёәзӨҫеҢәеҝ—ж„ҝиҖ…гҖҒзү©дёҡе·ҘдҪңдәәе‘ҳзӯ№йӣҶеҸЈзҪ©гҖҒж¶ҲжҜ’ж¶ІгҖҒйҳІжҠӨз”Ёе“ҒзӯүйҳІз–«зү©иө„гҖӮ', 2000.00, 1950.00, 53, '/static/donation/health.jpg', '0', '', '2026-03-27 17:04:03', '', '2026-03-27 17:04:03', NULL);
INSERT INTO `community_donation` VALUES (6, 'жөҒжөӘеҠЁзү©ж•‘еҠ©иЎҢеҠЁ', 'дёәзӨҫеҢәжөҒжөӘеҠЁзү©жҸҗдҫӣзІ®йЈҹгҖҒз–«иӢ—гҖҒз»қиӮІиҙ№з”ЁпјҢз”ЁзҲұжё©жҡ–жҜҸдёҖдёӘе°Ҹз”ҹе‘ҪгҖӮ', 1500.00, 981.00, 23, '/static/donation/animal.jpg', '0', '', '2026-03-27 17:04:03', '', '2026-04-06 21:20:21', NULL);
INSERT INTO `community_donation` VALUES (7, 'зӨҫеҢәж–ҮеҢ–жҙ»еҠЁеҹәйҮ‘', 'з”ЁдәҺдёҫеҠһиҠӮж—Ҙжҙ»еҠЁгҖҒж–ҮиүәиЎЁжј”гҖҒйӮ»йҮҢж–ҮеҢ–дәӨжөҒпјҢдё°еҜҢеұ…ж°‘зІҫзҘһж–ҮеҢ–з”ҹжҙ»гҖӮ', 6000.00, 2760.00, 39, '/static/donation/culture.webp', '0', '', '2026-03-27 17:04:03', '', '2026-03-28 10:19:42', NULL);
INSERT INTO `community_donation` VALUES (8, 'зҙ§жҖҘж•‘зҒҫдә’еҠ©еӮЁеӨҮ', 'е»әз«ӢзӨҫеҢәеә”жҖҘеӮЁеӨҮйҮ‘пјҢз”ЁдәҺзӘҒеҸ‘зҒҫе®ігҖҒж„ҸеӨ–еӣ°йҡҫж—¶еҝ«йҖҹж•‘еҠ©пјҢе®ҲжҠӨйӮ»йҮҢе®үе…ЁгҖӮ', 10000.00, 4356.00, 77, '/static/donation/help.jpg', '0', '', '2026-03-27 17:04:03', '', '2026-04-06 23:25:42', NULL);

-- ----------------------------
-- Table structure for community_donation_record
-- ----------------------------
DROP TABLE IF EXISTS `community_donation_record`;
CREATE TABLE `community_donation_record`  (
  `id` bigint NOT NULL AUTO_INCREMENT COMMENT 'жҚҗиө и®°еҪ•ID',
  `donation_id` bigint NOT NULL COMMENT 'жҚҗиө йЎ№зӣ®ID',
  `donor_name` varchar(50) CHARACTER SET utf8mb4 COLLATE utf8mb4_0900_ai_ci NULL DEFAULT NULL COMMENT 'жҚҗиө дәәе§“еҗҚ',
  `donor_phone` varchar(20) CHARACTER SET utf8mb4 COLLATE utf8mb4_0900_ai_ci NULL DEFAULT NULL COMMENT 'жҚҗиө дәәз”өиҜқ',
  `amount` decimal(10, 2) NOT NULL COMMENT 'жҚҗиө йҮ‘йўқ',
  `message` varchar(255) CHARACTER SET utf8mb4 COLLATE utf8mb4_0900_ai_ci NULL DEFAULT NULL COMMENT 'жҚҗиө з•ҷиЁҖ',
  `pay_type` varchar(20) CHARACTER SET utf8mb4 COLLATE utf8mb4_0900_ai_ci NULL DEFAULT NULL COMMENT 'ж”Ҝд»ҳж–№ејҸ',
  `status` varchar(20) CHARACTER SET utf8mb4 COLLATE utf8mb4_0900_ai_ci NULL DEFAULT NULL COMMENT 'зҠ¶жҖҒ',
  `create_by` varchar(64) CHARACTER SET utf8mb4 COLLATE utf8mb4_0900_ai_ci NULL DEFAULT '' COMMENT 'еҲӣе»әиҖ…',
  `create_time` datetime NULL DEFAULT CURRENT_TIMESTAMP COMMENT 'еҲӣе»әж—¶й—ҙ',
  `update_by` varchar(64) CHARACTER SET utf8mb4 COLLATE utf8mb4_0900_ai_ci NULL DEFAULT '' COMMENT 'жӣҙж–°иҖ…',
  `update_time` datetime NULL DEFAULT CURRENT_TIMESTAMP ON UPDATE CURRENT_TIMESTAMP COMMENT 'жӣҙж–°ж—¶й—ҙ',
  `remark` varchar(500) CHARACTER SET utf8mb4 COLLATE utf8mb4_0900_ai_ci NULL DEFAULT NULL COMMENT 'еӨҮжіЁ',
  PRIMARY KEY (`id`) USING BTREE,
  INDEX `idx_donation_id`(`donation_id` ASC) USING BTREE
) ENGINE = InnoDB AUTO_INCREMENT = 16 CHARACTER SET = utf8mb4 COLLATE = utf8mb4_0900_ai_ci COMMENT = 'зӨҫеҢәзҲұеҝғжҚҗиө и®°еҪ•иЎЁ' ROW_FORMAT = DYNAMIC;

-- ----------------------------
-- Records of community_donation_record
-- ----------------------------
INSERT INTO `community_donation_record` VALUES (1, 1, 'еҢҝеҗҚ', '', 50.00, '', 'wechat', 'success', '', '2026-04-03 21:26:07', '', '2026-04-03 21:26:07', NULL);
INSERT INTO `community_donation_record` VALUES (2, 1, 'еҢҝеҗҚ', '', 50.00, '', 'wechat', 'success', '', '2026-04-03 21:26:10', '', '2026-04-03 21:26:10', NULL);
INSERT INTO `community_donation_record` VALUES (3, 1, 'еҢҝеҗҚ', '', 50.00, '', 'wechat', 'success', '', '2026-04-03 22:30:30', '', '2026-04-03 22:30:30', NULL);
INSERT INTO `community_donation_record` VALUES (4, 1, 'еҢҝеҗҚ', '', 50.00, '', 'wechat', 'success', '', '2026-04-03 22:31:22', '', '2026-04-03 22:31:22', NULL);
INSERT INTO `community_donation_record` VALUES (5, 1, 'еҢҝеҗҚ', '', 50.00, '', 'wechat', 'success', '', '2026-04-03 22:31:31', '', '2026-04-03 22:31:31', NULL);
INSERT INTO `community_donation_record` VALUES (6, 2, '', '', 1.00, '', 'wechat', 'success', '', '2026-04-06 19:50:18', '', '2026-04-06 19:50:18', NULL);
INSERT INTO `community_donation_record` VALUES (7, 2, '', '', 1.00, '', 'wechat', 'success', '', '2026-04-06 19:59:18', '', '2026-04-06 19:59:18', NULL);
INSERT INTO `community_donation_record` VALUES (8, 2, '', '', 1.00, '', 'wechat', 'success', '', '2026-04-06 20:16:49', '', '2026-04-06 20:16:49', NULL);
INSERT INTO `community_donation_record` VALUES (9, 8, '', '', 1.00, '', 'wechat', 'success', '', '2026-04-06 21:04:34', '', '2026-04-06 21:04:34', NULL);
INSERT INTO `community_donation_record` VALUES (10, 8, '', '', 1.00, '', 'wechat', 'success', '', '2026-04-06 21:07:00', '', '2026-04-06 21:07:00', NULL);
INSERT INTO `community_donation_record` VALUES (11, 8, '', '', 1.00, '', 'wechat', 'success', '', '2026-04-06 21:10:48', '', '2026-04-06 21:10:48', NULL);
INSERT INTO `community_donation_record` VALUES (12, 6, '', '', 1.00, '', 'wechat', 'success', '', '2026-04-06 21:20:21', '', '2026-04-06 21:20:21', NULL);
INSERT INTO `community_donation_record` VALUES (13, 8, '', '', 1.00, '', 'wechat', 'success', '', '2026-04-06 22:23:23', '', '2026-04-06 22:23:23', NULL);
INSERT INTO `community_donation_record` VALUES (14, 8, '', '', 1.00, '', 'alipay', 'success', '', '2026-04-06 22:23:43', '', '2026-04-06 22:23:43', NULL);
INSERT INTO `community_donation_record` VALUES (15, 8, '', '', 1.00, '', 'wechat', 'success', '', '2026-04-06 23:25:42', '', '2026-04-06 23:25:42', NULL);

-- ----------------------------
-- Table structure for community_electricity_fee
-- ----------------------------
DROP TABLE IF EXISTS `community_electricity_fee`;
CREATE TABLE `community_electricity_fee`  (
  `electricity_id` bigint NOT NULL AUTO_INCREMENT COMMENT 'з”өиҙ№IDпјҲдё»й”®пјү',
  `user_id` bigint NOT NULL COMMENT 'дёҡдё»IDпјҲе…іиҒ”community_userиЎЁidпјү',
  `user_name` varchar(50) CHARACTER SET utf8mb4 COLLATE utf8mb4_0900_ai_ci NOT NULL COMMENT 'дёҡдё»е§“еҗҚпјҲеҶ—дҪҷпјү',
  `user_room` varchar(50) CHARACTER SET utf8mb4 COLLATE utf8mb4_0900_ai_ci NOT NULL COMMENT 'дёҡдё»жҲҝеҸ·пјҲеҶ—дҪҷпјү',
  `read_month` varchar(20) CHARACTER SET utf8mb4 COLLATE utf8mb4_0900_ai_ci NOT NULL COMMENT 'и®Ўиҙ№жңҲд»ҪпјҲж јејҸпјҡYYYY-MMпјү',
  `last_reading` decimal(10, 2) NOT NULL COMMENT 'дёҠж¬ЎжҠ„иЎЁж•°пјҲеәҰпјү',
  `current_reading` decimal(10, 2) NOT NULL COMMENT 'жң¬ж¬ЎжҠ„иЎЁж•°пјҲеәҰпјү',
  `used_amount` decimal(10, 2) NOT NULL COMMENT 'е®һйҷ…з”Ёз”өйҮҸпјҲеәҰпјү',
  `unit_price` decimal(10, 2) NOT NULL COMMENT 'з”өиҙ№еҚ•д»·пјҲе…ғ/еәҰпјү',
  `total_fee` decimal(10, 2) NOT NULL COMMENT 'з”өиҙ№жҖ»йўқпјҲе…ғпјү',
  `fee_status` varchar(20) CHARACTER SET utf8mb4 COLLATE utf8mb4_0900_ai_ci NOT NULL COMMENT 'зјҙиҙ№зҠ¶жҖҒпјҲunpaid:жңӘзјҙиҙ№, paid:е·Ізјҙиҙ№, overdue:йҖҫжңҹпјү',
  `due_date` datetime NOT NULL COMMENT 'зјҙиҙ№жҲӘжӯўж—Ҙжңҹ',
  `payment_time` datetime NULL DEFAULT NULL COMMENT 'зјҙиҙ№ж—¶й—ҙ',
  `payment_no` varchar(64) CHARACTER SET utf8mb4 COLLATE utf8mb4_0900_ai_ci NULL DEFAULT '' COMMENT 'зјҙиҙ№и®ўеҚ•еҸ·',
  `overdue_amount` decimal(10, 2) NULL DEFAULT 0.00 COMMENT 'йҖҫжңҹж»һзәійҮ‘пјҲе…ғпјү',
  `reader` varchar(50) CHARACTER SET utf8mb4 COLLATE utf8mb4_0900_ai_ci NULL DEFAULT '' COMMENT 'жҠ„иЎЁе‘ҳ',
  `read_time` datetime NULL DEFAULT NULL COMMENT 'жҠ„иЎЁж—¶й—ҙ',
  `create_time` datetime NULL DEFAULT CURRENT_TIMESTAMP COMMENT 'еҲӣе»әж—¶й—ҙ',
  `update_time` datetime NULL DEFAULT CURRENT_TIMESTAMP ON UPDATE CURRENT_TIMESTAMP COMMENT 'жӣҙж–°ж—¶й—ҙ',
  `remark` varchar(500) CHARACTER SET utf8mb4 COLLATE utf8mb4_0900_ai_ci NULL DEFAULT '' COMMENT 'еӨҮжіЁ',
  `balance` varchar(20) CHARACTER SET utf8mb4 COLLATE utf8mb4_0900_ai_ci NOT NULL COMMENT 'иҙҰжҲ·дҪҷйўқпјҲе…ғпјү',
  `surplus_electricity` double NULL DEFAULT NULL COMMENT 'еү©дҪҷз”өйҮҸпјҲеәҰпјү',
  PRIMARY KEY (`electricity_id`) USING BTREE,
  INDEX `idx_user_id`(`user_id` ASC) USING BTREE COMMENT 'дёҡдё»IDзҙўеј•',
  INDEX `idx_read_month`(`read_month` ASC) USING BTREE COMMENT 'и®Ўиҙ№жңҲд»Ҫзҙўеј•',
  INDEX `idx_fee_status`(`fee_status` ASC) USING BTREE COMMENT 'зјҙиҙ№зҠ¶жҖҒзҙўеј•'
) ENGINE = InnoDB AUTO_INCREMENT = 7 CHARACTER SET = utf8mb4 COLLATE = utf8mb4_0900_ai_ci COMMENT = 'з”өиҙ№иЎЁ' ROW_FORMAT = DYNAMIC;

-- ----------------------------
-- Records of community_electricity_fee
-- ----------------------------
INSERT INTO `community_electricity_fee` VALUES (1, 1, 'иӢҘдҫқ', '1', '2026-04', 0.00, 0.00, 0.00, 1.00, 0.00, 'paid', '2026-04-06 13:03:43', '2026-04-06 13:03:43', 'c18d1c80-69b5-4bf1-9d51-99c77523fc14', 0.00, 'зі»з»ҹ', '2026-04-06 13:03:43', '2026-04-02 15:48:36', '2026-04-06 13:41:07', 'з§ҜеҲҶе…‘жҚўз”өиҙ№', '60.0', 100);
INSERT INTO `community_electricity_fee` VALUES (2, 2, 'жқҺеҘіеЈ«', '2-302', '2025-02', 0.00, 145.00, 145.00, 0.56, 81.20, 'paid', '2025-02-28 00:00:00', '2025-02-26 09:30:44', 'E202502002', 0.00, 'еј жҠ„иЎЁ', '2025-02-20 09:40:00', '2026-04-02 15:48:36', '2026-04-02 15:48:36', '', '', NULL);
INSERT INTO `community_electricity_fee` VALUES (3, 3, 'еј е…Ҳз”ҹ', '3-505', '2025-02', 0.00, 260.00, 260.00, 0.56, 145.60, 'unpaid', '2025-02-28 00:00:00', NULL, 'E202502003', 7.28, 'еј жҠ„иЎЁ', '2025-02-20 10:10:00', '2026-04-02 15:48:36', '2026-04-02 15:48:36', '', '', NULL);
INSERT INTO `community_electricity_fee` VALUES (4, 4, 'йҷҲеҘіеЈ«', '4-201', '2025-02', 0.00, 160.00, 160.00, 0.56, 89.60, 'paid', '2025-02-28 00:00:00', '2025-02-27 10:05:33', 'E202502004', 0.00, 'еј жҠ„иЎЁ', '2025-02-20 10:40:00', '2026-04-02 15:48:36', '2026-04-02 15:48:36', '', '', NULL);
INSERT INTO `community_electricity_fee` VALUES (5, 5, 'еҲҳе…Ҳз”ҹ', '5-403', '2025-02', 0.00, 220.00, 220.00, 0.56, 123.20, 'overdue', '2025-02-28 00:00:00', NULL, 'E202502005', 6.16, 'еј жҠ„иЎЁ', '2025-02-20 11:20:00', '2026-04-02 15:48:36', '2026-04-02 15:48:36', '', '', NULL);
INSERT INTO `community_electricity_fee` VALUES (6, 1, 'иӢҘдҫқ', '1', '2026-04', 0.00, 0.00, 0.00, 1.00, 0.00, 'paid', '2026-04-06 13:03:43', '2026-04-06 13:03:43', 'c18d1c80-69b5-4bf1-9d51-99c77523fc14', 0.00, 'зі»з»ҹ', '2026-04-06 13:03:43', '2026-04-06 13:03:42', '2026-04-06 22:47:20', 'з§ҜеҲҶе…‘жҚўз”өиҙ№', '30', NULL);

-- ----------------------------
-- Table structure for community_electricity_fee_backup
-- ----------------------------
DROP TABLE IF EXISTS `community_electricity_fee_backup`;
CREATE TABLE `community_electricity_fee_backup`  (
  `electricity_id` bigint NOT NULL DEFAULT 0 COMMENT 'з”өиҙ№IDпјҲдё»й”®пјү',
  `user_id` bigint NOT NULL COMMENT 'дёҡдё»IDпјҲе…іиҒ”community_userиЎЁidпјү',
  `user_name` varchar(50) CHARACTER SET utf8mb4 COLLATE utf8mb4_0900_ai_ci NOT NULL COMMENT 'дёҡдё»е§“еҗҚпјҲеҶ—дҪҷпјү',
  `user_room` varchar(50) CHARACTER SET utf8mb4 COLLATE utf8mb4_0900_ai_ci NOT NULL COMMENT 'дёҡдё»жҲҝеҸ·пјҲеҶ—дҪҷпјү',
  `read_month` varchar(20) CHARACTER SET utf8mb4 COLLATE utf8mb4_0900_ai_ci NOT NULL COMMENT 'и®Ўиҙ№жңҲд»ҪпјҲж јејҸпјҡYYYY-MMпјү',
  `last_reading` decimal(10, 2) NOT NULL COMMENT 'дёҠж¬ЎжҠ„иЎЁж•°пјҲеәҰпјү',
  `current_reading` decimal(10, 2) NOT NULL COMMENT 'жң¬ж¬ЎжҠ„иЎЁж•°пјҲеәҰпјү',
  `used_amount` decimal(10, 2) NOT NULL COMMENT 'е®һйҷ…з”Ёз”өйҮҸпјҲеәҰпјү',
  `unit_price` decimal(10, 2) NOT NULL COMMENT 'з”өиҙ№еҚ•д»·пјҲе…ғ/еәҰпјү',
  `total_fee` decimal(10, 2) NOT NULL COMMENT 'з”өиҙ№жҖ»йўқпјҲе…ғпјү',
  `fee_status` varchar(20) CHARACTER SET utf8mb4 COLLATE utf8mb4_0900_ai_ci NOT NULL COMMENT 'зјҙиҙ№зҠ¶жҖҒпјҲunpaid:жңӘзјҙиҙ№, paid:е·Ізјҙиҙ№, overdue:йҖҫжңҹпјү',
  `due_date` datetime NOT NULL COMMENT 'зјҙиҙ№жҲӘжӯўж—Ҙжңҹ',
  `payment_time` datetime NULL DEFAULT NULL COMMENT 'зјҙиҙ№ж—¶й—ҙ',
  `payment_no` varchar(64) CHARACTER SET utf8mb4 COLLATE utf8mb4_0900_ai_ci NULL DEFAULT '' COMMENT 'зјҙиҙ№и®ўеҚ•еҸ·',
  `overdue_amount` decimal(10, 2) NULL DEFAULT 0.00 COMMENT 'йҖҫжңҹж»һзәійҮ‘пјҲе…ғпјү',
  `reader` varchar(50) CHARACTER SET utf8mb4 COLLATE utf8mb4_0900_ai_ci NULL DEFAULT '' COMMENT 'жҠ„иЎЁе‘ҳ',
  `read_time` datetime NULL DEFAULT NULL COMMENT 'жҠ„иЎЁж—¶й—ҙ',
  `create_time` datetime NULL DEFAULT CURRENT_TIMESTAMP COMMENT 'еҲӣе»әж—¶й—ҙ',
  `update_time` datetime NULL DEFAULT CURRENT_TIMESTAMP ON UPDATE CURRENT_TIMESTAMP COMMENT 'жӣҙж–°ж—¶й—ҙ',
  `remark` varchar(500) CHARACTER SET utf8mb4 COLLATE utf8mb4_0900_ai_ci NULL DEFAULT '' COMMENT 'еӨҮжіЁ'
) ENGINE = InnoDB CHARACTER SET = utf8mb4 COLLATE = utf8mb4_0900_ai_ci ROW_FORMAT = DYNAMIC;

-- ----------------------------
-- Records of community_electricity_fee_backup
-- ----------------------------
INSERT INTO `community_electricity_fee_backup` VALUES (1, 1, 'зҺӢе…Ҳз”ҹ', '1-101', '2025-02', 0.00, 180.00, 180.00, 0.56, 100.80, 'paid', '2025-02-28 00:00:00', '2025-02-25 10:25:11', 'E202502001', 0.00, 'еј жҠ„иЎЁ', '2025-02-20 09:10:00', '2026-04-02 15:48:36', '2026-04-02 15:48:36', '');
INSERT INTO `community_electricity_fee_backup` VALUES (2, 2, 'жқҺеҘіеЈ«', '2-302', '2025-02', 0.00, 145.00, 145.00, 0.56, 81.20, 'paid', '2025-02-28 00:00:00', '2025-02-26 09:30:44', 'E202502002', 0.00, 'еј жҠ„иЎЁ', '2025-02-20 09:40:00', '2026-04-02 15:48:36', '2026-04-02 15:48:36', '');
INSERT INTO `community_electricity_fee_backup` VALUES (3, 3, 'еј е…Ҳз”ҹ', '3-505', '2025-02', 0.00, 260.00, 260.00, 0.56, 145.60, 'unpaid', '2025-02-28 00:00:00', NULL, 'E202502003', 7.28, 'еј жҠ„иЎЁ', '2025-02-20 10:10:00', '2026-04-02 15:48:36', '2026-04-02 15:48:36', '');
INSERT INTO `community_electricity_fee_backup` VALUES (4, 4, 'йҷҲеҘіеЈ«', '4-201', '2025-02', 0.00, 160.00, 160.00, 0.56, 89.60, 'paid', '2025-02-28 00:00:00', '2025-02-27 10:05:33', 'E202502004', 0.00, 'еј жҠ„иЎЁ', '2025-02-20 10:40:00', '2026-04-02 15:48:36', '2026-04-02 15:48:36', '');
INSERT INTO `community_electricity_fee_backup` VALUES (5, 5, 'еҲҳе…Ҳз”ҹ', '5-403', '2025-02', 0.00, 220.00, 220.00, 0.56, 123.20, 'overdue', '2025-02-28 00:00:00', NULL, 'E202502005', 6.16, 'еј жҠ„иЎЁ', '2025-02-20 11:20:00', '2026-04-02 15:48:36', '2026-04-02 15:48:36', '');

-- ----------------------------
-- Table structure for community_index_config
-- ----------------------------
DROP TABLE IF EXISTS `community_index_config`;
CREATE TABLE `community_index_config`  (
  `id` bigint NOT NULL AUTO_INCREMENT COMMENT 'дё»й”®ID',
  `config_key` varchar(50) CHARACTER SET utf8mb4 COLLATE utf8mb4_0900_ai_ci NOT NULL COMMENT 'й…ҚзҪ®й”®еҗҚпјҲеҰӮhome_notice_num:йҰ–йЎөеұ•зӨәйҖҡзҹҘж•°пјү',
  `config_value` varchar(200) CHARACTER SET utf8mb4 COLLATE utf8mb4_0900_ai_ci NOT NULL COMMENT 'й…ҚзҪ®еҖј',
  `config_type` varchar(20) CHARACTER SET utf8mb4 COLLATE utf8mb4_0900_ai_ci NOT NULL COMMENT 'й…ҚзҪ®зұ»еһӢпјҲsystem:зі»з»ҹй…ҚзҪ®, custom:иҮӘе®ҡд№үй…ҚзҪ®пјү',
  `create_by` varchar(64) CHARACTER SET utf8mb4 COLLATE utf8mb4_0900_ai_ci NULL DEFAULT '' COMMENT 'еҲӣе»әдәә',
  `create_time` datetime NULL DEFAULT CURRENT_TIMESTAMP COMMENT 'еҲӣе»әж—¶й—ҙ',
  `update_by` varchar(64) CHARACTER SET utf8mb4 COLLATE utf8mb4_0900_ai_ci NULL DEFAULT '' COMMENT 'дҝ®ж”№дәә',
  `update_time` datetime NULL DEFAULT CURRENT_TIMESTAMP ON UPDATE CURRENT_TIMESTAMP COMMENT 'дҝ®ж”№ж—¶й—ҙ',
  `remark` varchar(500) CHARACTER SET utf8mb4 COLLATE utf8mb4_0900_ai_ci NULL DEFAULT '' COMMENT 'еӨҮжіЁдҝЎжҒҜ',
  PRIMARY KEY (`id`) USING BTREE,
  UNIQUE INDEX `idx_config_key`(`config_key` ASC) USING BTREE COMMENT 'е”ҜдёҖзҙўеј•пјҡй…ҚзҪ®й”®еҗҚпјҲжҹҘиҜўйў‘ж¬Ўй«ҳпјү'
) ENGINE = InnoDB AUTO_INCREMENT = 29 CHARACTER SET = utf8mb4 COLLATE = utf8mb4_0900_ai_ci COMMENT = 'е°ҸеҢәйҰ–йЎөй…ҚзҪ®иЎЁ' ROW_FORMAT = DYNAMIC;

-- ----------------------------
-- Records of community_index_config
-- ----------------------------
INSERT INTO `community_index_config` VALUES (24, 'home_notice_num', '8', 'system', 'admin', '2026-03-18 09:35:07', 'admin', '2026-03-18 09:35:07', 'йҰ–йЎөеұ•зӨәйҖҡзҹҘж•°йҮҸпјҢй»ҳи®Ө8жқЎ');
INSERT INTO `community_index_config` VALUES (25, 'home_reservation_num', '6', 'system', 'admin', '2026-03-18 09:35:07', 'admin', '2026-03-18 09:35:07', 'йҰ–йЎөеұ•зӨәйў„зәҰж•°йҮҸпјҢй»ҳи®Ө6жқЎ');
INSERT INTO `community_index_config` VALUES (26, 'home_payment_num', '10', 'system', 'admin', '2026-03-18 09:35:07', 'admin', '2026-03-18 09:35:07', 'йҰ–йЎөеұ•зӨәзјҙиҙ№ж•°йҮҸпјҢй»ҳи®Ө10жқЎ');
INSERT INTO `community_index_config` VALUES (27, 'home_complaint_num', '5', 'system', 'admin', '2026-03-18 09:35:07', 'admin', '2026-03-18 09:35:07', 'йҰ–йЎөеұ•зӨәжҠ•иҜүж•°йҮҸпјҢй»ҳи®Ө5жқЎ');
INSERT INTO `community_index_config` VALUES (28, 'home_station_num', '15', 'system', 'admin', '2026-03-18 09:35:07', 'admin', '2026-03-18 09:35:07', 'йҰ–йЎөеұ•зӨәй©ҝз«ҷеҝ«йҖ’ж•°йҮҸпјҢй»ҳи®Ө15жқЎ');

-- ----------------------------
-- Table structure for community_medal
-- ----------------------------
DROP TABLE IF EXISTS `community_medal`;
CREATE TABLE `community_medal`  (
  `medal_id` bigint NOT NULL AUTO_INCREMENT COMMENT 'еӢӢз« IDпјҲдё»й”®пјү',
  `medal_name` varchar(50) CHARACTER SET utf8mb4 COLLATE utf8mb4_0900_ai_ci NOT NULL COMMENT 'еӢӢз« еҗҚз§°пјҲеҰӮпјҡзҲұеҝғеҝ—ж„ҝиҖ…гҖҒзӨҫеҢәжҰңж ·пјү',
  `medal_desc` varchar(500) CHARACTER SET utf8mb4 COLLATE utf8mb4_0900_ai_ci NULL DEFAULT '' COMMENT 'еӢӢз« жҸҸиҝ°',
  `required_points` int NOT NULL COMMENT 'иҺ·еҸ–жүҖйңҖз§ҜеҲҶ',
  `medal_icon` varchar(200) CHARACTER SET utf8mb4 COLLATE utf8mb4_0900_ai_ci NULL DEFAULT '' COMMENT 'еӢӢз« еӣҫж Үең°еқҖ',
  `medal_level` int NOT NULL DEFAULT 1 COMMENT 'еӢӢз« зӯүзә§пјҲ1-5зә§пјү',
  `status` char(1) CHARACTER SET utf8mb4 COLLATE utf8mb4_0900_ai_ci NULL DEFAULT '1' COMMENT 'еӢӢз« зҠ¶жҖҒпјҲ0пјҡеҒңз”ЁпјҢ1пјҡеҗҜз”Ёпјү',
  `create_time` datetime NULL DEFAULT CURRENT_TIMESTAMP COMMENT 'еҲӣе»әж—¶й—ҙ',
  `update_time` datetime NULL DEFAULT CURRENT_TIMESTAMP ON UPDATE CURRENT_TIMESTAMP COMMENT 'жӣҙж–°ж—¶й—ҙ',
  `remark` varchar(500) CHARACTER SET utf8mb4 COLLATE utf8mb4_0900_ai_ci NULL DEFAULT '' COMMENT 'еӨҮжіЁ',
  `user_name` varchar(255) CHARACTER SET utf8mb4 COLLATE utf8mb4_0900_ai_ci NOT NULL COMMENT 'е…іиҒ”sys_userиЎЁзҡ„user_name',
  PRIMARY KEY (`medal_id`) USING BTREE,
  UNIQUE INDEX `idx_medal_name`(`medal_name` ASC) USING BTREE COMMENT 'еӢӢз« еҗҚз§°е”ҜдёҖзҙўеј•',
  INDEX `user_name`(`user_name` ASC) USING BTREE
) ENGINE = InnoDB AUTO_INCREMENT = 6 CHARACTER SET = utf8mb4 COLLATE = utf8mb4_0900_ai_ci COMMENT = 'еӢӢз« иЎЁ' ROW_FORMAT = DYNAMIC;

-- ----------------------------
-- Records of community_medal
-- ----------------------------
INSERT INTO `community_medal` VALUES (1, 'зҲұеҝғеҝ—ж„ҝиҖ…', 'з§ҜжһҒеҸӮдёҺзӨҫеҢәеҝ—ж„ҝжҙ»еҠЁ', 100, '/icon/volunteer.png', 1, '1', '2026-04-02 15:48:36', '2026-04-02 18:18:45', '', 'admin');
INSERT INTO `community_medal` VALUES (2, 'зӨҫеҢәжҰңж ·', 'з»ҸеёёеҒҡеҘҪдәәеҘҪдәӢгҖҒеё®еҠ©йӮ»еұ…', 200, '/icon/example.png', 2, '1', '2026-04-02 15:48:36', '2026-04-02 18:18:48', '', 'ry');
INSERT INTO `community_medal` VALUES (3, 'ж–ҮжҳҺдёҡдё»', 'йҒөе®Ҳе…¬зәҰгҖҒз§ҜжһҒеҸӮдёҺзӨҫеҢәе»әи®ҫ', 300, '/icon/civil.png', 3, '1', '2026-04-02 15:48:36', '2026-04-02 18:18:58', '', 'еј дёү');
INSERT INTO `community_medal` VALUES (4, 'зҺҜдҝқеҚ«еЈ«', 'дё»еҠЁз»ҙжҠӨзӨҫеҢәзҺҜеўғгҖҒеһғеңҫеҲҶзұ»', 150, '/icon/green.png', 1, '1', '2026-04-02 15:48:36', '2026-04-02 18:19:01', '', 'йҮҢж–Ҝ');
INSERT INTO `community_medal` VALUES (5, 'жҙ»еҠӣиҫҫдәә', 'з§ҜжһҒеҸӮдёҺж–ҮдҪ“жҙ»еҠЁгҖҒеҒҘиә«иҝҗеҠЁ', 250, '/icon/sport.png', 2, '1', '2026-04-02 15:48:36', '2026-04-02 18:19:04', '', 'зҺӢдә”');

-- ----------------------------
-- Table structure for community_notice
-- ----------------------------
DROP TABLE IF EXISTS `community_notice`;
CREATE TABLE `community_notice`  (
  `notice_id` bigint NOT NULL AUTO_INCREMENT COMMENT 'йҖҡзҹҘID',
  `notice_title` varchar(200) CHARACTER SET utf8mb4 COLLATE utf8mb4_0900_ai_ci NOT NULL COMMENT 'йҖҡзҹҘж Үйўҳ',
  `notice_content` text CHARACTER SET utf8mb4 COLLATE utf8mb4_0900_ai_ci NULL COMMENT 'йҖҡзҹҘеҶ…е®№',
  `notice_type` char(1) CHARACTER SET utf8mb4 COLLATE utf8mb4_0900_ai_ci NULL DEFAULT '1' COMMENT 'йҖҡзҹҘзұ»еһӢпјҲ1:е…¬е‘Ҡ,2:йҖҡзҹҘ,3:зҙ§жҖҘпјү',
  `status` char(1) CHARACTER SET utf8mb4 COLLATE utf8mb4_0900_ai_ci NULL DEFAULT '0' COMMENT 'зҠ¶жҖҒпјҲ0:жӯЈеёё,1:е…ій—ӯпјү',
  `is_top` char(1) CHARACTER SET utf8mb4 COLLATE utf8mb4_0900_ai_ci NULL DEFAULT '0' COMMENT 'жҳҜеҗҰзҪ®йЎ¶пјҲ0:еҗҰ,1:жҳҜпјү',
  `publish_time` datetime NULL DEFAULT NULL COMMENT 'еҸ‘еёғж—¶й—ҙ',
  `publisher` varchar(50) CHARACTER SET utf8mb4 COLLATE utf8mb4_0900_ai_ci NULL DEFAULT NULL COMMENT 'еҸ‘еёғдәә',
  `community_id` bigint NULL DEFAULT NULL COMMENT 'е°ҸеҢәID',
  `create_by` varchar(64) CHARACTER SET utf8mb4 COLLATE utf8mb4_0900_ai_ci NULL DEFAULT '' COMMENT 'еҲӣе»әиҖ…',
  `create_time` datetime NULL DEFAULT NULL COMMENT 'еҲӣе»әж—¶й—ҙ',
  `update_by` varchar(64) CHARACTER SET utf8mb4 COLLATE utf8mb4_0900_ai_ci NULL DEFAULT '' COMMENT 'жӣҙж–°иҖ…',
  `update_time` datetime NULL DEFAULT NULL COMMENT 'жӣҙж–°ж—¶й—ҙ',
  `remark` varchar(500) CHARACTER SET utf8mb4 COLLATE utf8mb4_0900_ai_ci NULL DEFAULT NULL COMMENT 'еӨҮжіЁ',
  `read_count` int NULL DEFAULT 0 COMMENT 'йҳ…иҜ»ж¬Ўж•°',
  PRIMARY KEY (`notice_id`) USING BTREE,
  INDEX `idx_notice_type`(`notice_type` ASC) USING BTREE,
  INDEX `idx_status`(`status` ASC) USING BTREE,
  INDEX `idx_is_top`(`is_top` ASC) USING BTREE,
  INDEX `idx_publish_time`(`publish_time` ASC) USING BTREE
) ENGINE = InnoDB AUTO_INCREMENT = 3 CHARACTER SET = utf8mb4 COLLATE = utf8mb4_0900_ai_ci COMMENT = 'зӨҫеҢәйҖҡзҹҘиЎЁ' ROW_FORMAT = DYNAMIC;

-- ----------------------------
-- Records of community_notice
-- ----------------------------
INSERT INTO `community_notice` VALUES (1, 'е…ідәҺе°ҸеҢәз”өжўҜз»ҙжҠӨзҡ„йҖҡзҹҘ', 'е°Ҡж•¬зҡ„дёҡдё»пјҡ\n\nдёәдҝқйҡңз”өжўҜе®үе…ЁиҝҗиЎҢпјҢжҲ‘еҸёи®ЎеҲ’дәҺ2026е№ҙ3жңҲ25ж—ҘеҜ№е°ҸеҢәз”өжўҜиҝӣиЎҢе№ҙеәҰз»ҙжҠӨдҝқе…»пјҢеұҠж—¶е°ҶжҡӮеҒңдҪҝз”ЁгҖӮ', '2', '0', '1', '2026-04-02 19:09:08', 'зү©дёҡжңҚеҠЎдёӯеҝғ', NULL, '', '2026-04-02 19:09:08', '', '2026-04-02 19:09:08', NULL, 0);
INSERT INTO `community_notice` VALUES (2, 'зҙ§жҖҘеҒңж°ҙйҖҡзҹҘ', 'е°Ҡж•¬зҡ„дёҡдё»пјҡ\n\nеӣ еёӮж”ҝдҫӣж°ҙз®ЎйҒ“жҠўдҝ®пјҢе°ҸеҢәе°ҶдәҺ2026е№ҙ3жңҲ24ж—Ҙ18:00-22:00еҒңж°ҙгҖӮ', '3', '0', '1', '2026-04-02 19:09:08', 'зү©дёҡжңҚеҠЎдёӯеҝғ', NULL, '', '2026-04-02 19:09:08', '', '2026-04-02 19:09:08', NULL, 0);

-- ----------------------------
-- Table structure for community_notice_read
-- ----------------------------
DROP TABLE IF EXISTS `community_notice_read`;
CREATE TABLE `community_notice_read`  (
  `id` bigint NOT NULL AUTO_INCREMENT COMMENT 'дё»й”®ID',
  `notice_id` bigint NOT NULL COMMENT 'йҖҡзҹҘIDпјҲе…іиҒ”community_noticeиЎЁidпјү',
  `user_id` bigint NOT NULL COMMENT 'дёҡдё»IDпјҲе…іиҒ”sys_userиЎЁidпјү',
  `read_time` datetime NULL DEFAULT CURRENT_TIMESTAMP COMMENT 'йҳ…иҜ»ж—¶й—ҙ',
  `create_by` varchar(64) CHARACTER SET utf8mb4 COLLATE utf8mb4_0900_ai_ci NULL DEFAULT '' COMMENT 'еҲӣе»әдәә',
  `create_time` datetime NULL DEFAULT CURRENT_TIMESTAMP COMMENT 'еҲӣе»әж—¶й—ҙ',
  `update_by` varchar(64) CHARACTER SET utf8mb4 COLLATE utf8mb4_0900_ai_ci NULL DEFAULT '' COMMENT 'дҝ®ж”№дәә',
  `update_time` datetime NULL DEFAULT CURRENT_TIMESTAMP ON UPDATE CURRENT_TIMESTAMP COMMENT 'дҝ®ж”№ж—¶й—ҙ',
  `remark` varchar(500) CHARACTER SET utf8mb4 COLLATE utf8mb4_0900_ai_ci NULL DEFAULT '' COMMENT 'еӨҮжіЁдҝЎжҒҜ',
  PRIMARY KEY (`id`) USING BTREE,
  UNIQUE INDEX `idx_notice_user`(`notice_id` ASC, `user_id` ASC) USING BTREE COMMENT 'е”ҜдёҖзҙўеј•пјҡйҖҡзҹҘID+з”ЁжҲ·IDпјҲйҒҝе…ҚйҮҚеӨҚи®°еҪ•пјү',
  INDEX `idx_user_id`(`user_id` ASC) USING BTREE COMMENT 'жҷ®йҖҡзҙўеј•пјҡз”ЁжҲ·ID',
  INDEX `idx_notice_id`(`notice_id` ASC) USING BTREE COMMENT 'жҷ®йҖҡзҙўеј•пјҡйҖҡзҹҘID'
) ENGINE = InnoDB AUTO_INCREMENT = 9 CHARACTER SET = utf8mb4 COLLATE = utf8mb4_0900_ai_ci COMMENT = 'йҖҡзҹҘйҳ…иҜ»и®°еҪ•иЎЁ' ROW_FORMAT = DYNAMIC;

-- ----------------------------
-- Records of community_notice_read
-- ----------------------------
INSERT INTO `community_notice_read` VALUES (1, 1, 12, '2026-03-01 00:00:00', 'admin', '2026-03-18 09:27:57', 'admin', '2026-03-19 18:01:49', 'еј дёүйҳ…иҜ»зү©дёҡиҙ№ж”¶зјҙйҖҡзҹҘ');
INSERT INTO `community_notice_read` VALUES (2, 1, 2, '2026-03-02 10:20:00', 'admin', '2026-03-18 09:27:57', 'admin', '2026-03-18 09:27:57', 'жқҺеӣӣйҳ…иҜ»зү©дёҡиҙ№ж”¶зјҙйҖҡзҹҘ');
INSERT INTO `community_notice_read` VALUES (3, 2, 1, '2026-03-15 10:40:00', 'admin', '2026-03-18 09:27:57', 'admin', '2026-03-18 09:27:57', 'еј дёүйҳ…иҜ»й—ЁзҰҒеҚҮзә§йҖҡзҹҘ');
INSERT INTO `community_notice_read` VALUES (4, 3, 3, '2026-03-12 14:10:00', 'admin', '2026-03-18 09:27:57', 'admin', '2026-03-18 09:27:57', 'зҺӢдә”йҳ…иҜ»з»ҝеҢ–з»ҙжҠӨйҖҡзҹҘ');
INSERT INTO `community_notice_read` VALUES (5, 4, 1, '2026-03-08 08:15:00', 'admin', '2026-03-18 09:27:57', 'admin', '2026-03-18 09:27:57', 'еј дёүйҳ…иҜ»ж¶ҲйҳІе®үе…ЁиӯҰзӨәйҖҡзҹҘ');

-- ----------------------------
-- Table structure for community_payment
-- ----------------------------
DROP TABLE IF EXISTS `community_payment`;
CREATE TABLE `community_payment`  (
  `id` bigint NOT NULL AUTO_INCREMENT COMMENT 'дё»й”®ID',
  `user_id` bigint NOT NULL COMMENT 'дёҡдё»IDпјҲе…іиҒ”sys_userиЎЁidпјү',
  `user_name` varchar(50) CHARACTER SET utf8mb4 COLLATE utf8mb4_0900_ai_ci NOT NULL COMMENT 'дёҡдё»е§“еҗҚпјҲеҶ—дҪҷпјү',
  `user_room` varchar(50) CHARACTER SET utf8mb4 COLLATE utf8mb4_0900_ai_ci NOT NULL COMMENT 'дёҡдё»жҲҝеҸ·пјҲеҶ—дҪҷпјҡжҹҘиҜўйў‘ж¬Ўй«ҳпјү',
  `payment_type` varchar(30) CHARACTER SET utf8mb4 COLLATE utf8mb4_0900_ai_ci NOT NULL COMMENT 'зјҙиҙ№зұ»еһӢпјҲproperty:зү©дёҡиҙ№, water:ж°ҙиҙ№, electricity:з”өиҙ№, gas:зҮғж°”иҙ№, parking:иҪҰдҪҚиҙ№пјү',
  `payment_amount` decimal(10, 2) NOT NULL COMMENT 'зјҙиҙ№йҮ‘йўқ',
  `payment_status` varchar(20) CHARACTER SET utf8mb4 COLLATE utf8mb4_0900_ai_ci NOT NULL COMMENT 'зјҙиҙ№зҠ¶жҖҒпјҲunpaid:жңӘзјҙиҙ№, paid:е·Ізјҙиҙ№, overdue:йҖҫжңҹпјү',
  `payment_no` varchar(64) CHARACTER SET utf8mb4 COLLATE utf8mb4_0900_ai_ci NULL DEFAULT '' COMMENT 'зјҙиҙ№и®ўеҚ•еҸ·пјҲе”ҜдёҖпјү',
  `payment_time` datetime NULL DEFAULT NULL COMMENT 'зјҙиҙ№ж—¶й—ҙ',
  `overdue_amount` decimal(10, 2) NULL DEFAULT 0.00 COMMENT 'йҖҫжңҹж»һзәійҮ‘',
  `due_time` datetime NOT NULL COMMENT 'зјҙиҙ№жҲӘжӯўж—¶й—ҙ',
  `create_by` varchar(64) CHARACTER SET utf8mb4 COLLATE utf8mb4_0900_ai_ci NULL DEFAULT '' COMMENT 'еҲӣе»әдәә',
  `create_time` datetime NULL DEFAULT CURRENT_TIMESTAMP COMMENT 'еҲӣе»әж—¶й—ҙ',
  `update_by` varchar(64) CHARACTER SET utf8mb4 COLLATE utf8mb4_0900_ai_ci NULL DEFAULT '' COMMENT 'дҝ®ж”№дәә',
  `update_time` datetime NULL DEFAULT CURRENT_TIMESTAMP ON UPDATE CURRENT_TIMESTAMP COMMENT 'дҝ®ж”№ж—¶й—ҙ',
  `remark` varchar(500) CHARACTER SET utf8mb4 COLLATE utf8mb4_0900_ai_ci NULL DEFAULT '' COMMENT 'еӨҮжіЁдҝЎжҒҜ',
  PRIMARY KEY (`id`) USING BTREE,
  UNIQUE INDEX `idx_payment_no`(`payment_no` ASC) USING BTREE COMMENT 'е”ҜдёҖзҙўеј•пјҡзјҙиҙ№и®ўеҚ•еҸ·',
  INDEX `idx_user_id`(`user_id` ASC) USING BTREE COMMENT 'жҷ®йҖҡзҙўеј•пјҡдёҡдё»ID',
  INDEX `idx_payment_type_status`(`payment_type` ASC, `payment_status` ASC) USING BTREE COMMENT 'еӨҚеҗҲзҙўеј•пјҡзјҙиҙ№зұ»еһӢ+зҠ¶жҖҒ',
  INDEX `idx_due_time`(`due_time` ASC) USING BTREE COMMENT 'жҷ®йҖҡзҙўеј•пјҡжҲӘжӯўж—¶й—ҙ'
) ENGINE = InnoDB AUTO_INCREMENT = 6 CHARACTER SET = utf8mb4 COLLATE = utf8mb4_0900_ai_ci COMMENT = 'е°ҸеҢәзјҙиҙ№з®ЎзҗҶиЎЁ' ROW_FORMAT = DYNAMIC;

-- ----------------------------
-- Records of community_payment
-- ----------------------------
INSERT INTO `community_payment` VALUES (1, 1, 'еј дёү', '1еҸ·жҘј1еҚ•е…ғ101е®Ө', 'property', 1800.00, 'paid', 'PAY202603001', '2026-03-01 09:20:30', 0.00, '2026-03-15 23:59:59', 'admin', '2026-03-18 09:27:57', 'admin', '2026-03-18 09:27:57', '2026е№ҙз¬¬дёҖеӯЈеәҰзү©дёҡиҙ№');
INSERT INTO `community_payment` VALUES (2, 2, 'жқҺеӣӣ', '2еҸ·жҘј3еҚ•е…ғ502е®Ө', 'water', 85.50, 'unpaid', 'PAY202603002', NULL, 0.00, '2026-03-20 23:59:59', 'admin', '2026-03-18 09:27:57', 'admin', '2026-03-18 09:27:57', '2026е№ҙ2жңҲж°ҙиҙ№');
INSERT INTO `community_payment` VALUES (3, 3, 'зҺӢдә”', '3еҸ·жҘј2еҚ•е…ғ301е®Ө', 'electricity', 128.80, 'overdue', 'PAY202603003', NULL, 12.88, '2026-02-28 23:59:59', 'admin', '2026-03-18 09:27:57', 'admin', '2026-03-18 09:27:57', '2026е№ҙ1жңҲз”өиҙ№пјҢе·ІйҖҫжңҹ');
INSERT INTO `community_payment` VALUES (4, 1, 'еј дёү', '1еҸ·жҘј1еҚ•е…ғ101е®Ө', 'gas', 65.30, 'paid', 'PAY202603004', '2026-03-05 14:10:20', 0.00, '2026-03-10 23:59:59', 'admin', '2026-03-18 09:27:57', 'admin', '2026-03-18 09:27:57', '2026е№ҙ2жңҲзҮғж°”иҙ№');
INSERT INTO `community_payment` VALUES (5, 2, 'жқҺеӣӣ', '2еҸ·жҘј3еҚ•е…ғ502е®Ө', 'parking', 300.00, 'paid', 'PAY202603005', '2026-03-08 10:05:15', 0.00, '2026-03-15 23:59:59', 'admin', '2026-03-18 09:27:57', 'admin', '2026-03-18 09:27:57', '2026е№ҙ3жңҲиҪҰдҪҚиҙ№');

-- ----------------------------
-- Table structure for community_payment_record
-- ----------------------------
DROP TABLE IF EXISTS `community_payment_record`;
CREATE TABLE `community_payment_record`  (
  `id` bigint NOT NULL AUTO_INCREMENT COMMENT 'дё»й”®ID',
  `bill_id` bigint NOT NULL COMMENT 'иҙҰеҚ•ID',
  `owner_id` bigint NULL DEFAULT NULL COMMENT 'дёҡдё»ID',
  `owner_name` varchar(50) CHARACTER SET utf8mb4 COLLATE utf8mb4_0900_ai_ci NULL DEFAULT NULL COMMENT 'дёҡдё»е§“еҗҚ',
  `pay_amount` decimal(10, 2) NOT NULL COMMENT 'ж”Ҝд»ҳйҮ‘йўқ',
  `pay_method` char(1) CHARACTER SET utf8mb4 COLLATE utf8mb4_0900_ai_ci NULL DEFAULT NULL COMMENT 'ж”Ҝд»ҳж–№ејҸпјҲ1:еҫ®дҝЎ,2:ж”Ҝд»ҳе®қ,3:й“¶иЎҢеҚЎ,4:зҺ°йҮ‘пјү',
  `transaction_no` varchar(100) CHARACTER SET utf8mb4 COLLATE utf8mb4_0900_ai_ci NULL DEFAULT NULL COMMENT 'ж”Ҝд»ҳжөҒж°ҙеҸ·',
  `pay_time` datetime NULL DEFAULT NULL COMMENT 'ж”Ҝд»ҳж—¶й—ҙ',
  `status` char(1) CHARACTER SET utf8mb4 COLLATE utf8mb4_0900_ai_ci NULL DEFAULT '0' COMMENT 'зҠ¶жҖҒпјҲ0:еҫ…ж”Ҝд»ҳ,1:ж”Ҝд»ҳжҲҗеҠҹ,2:ж”Ҝд»ҳеӨұиҙҘ,3:е·ІйҖҖж¬ҫпјү',
  `community_id` bigint NULL DEFAULT NULL COMMENT 'е°ҸеҢәID',
  `create_by` varchar(64) CHARACTER SET utf8mb4 COLLATE utf8mb4_0900_ai_ci NULL DEFAULT '' COMMENT 'еҲӣе»әиҖ…',
  `create_time` datetime NULL DEFAULT NULL COMMENT 'еҲӣе»әж—¶й—ҙ',
  `update_by` varchar(64) CHARACTER SET utf8mb4 COLLATE utf8mb4_0900_ai_ci NULL DEFAULT '' COMMENT 'жӣҙж–°иҖ…',
  `update_time` datetime NULL DEFAULT NULL COMMENT 'жӣҙж–°ж—¶й—ҙ',
  `remark` varchar(500) CHARACTER SET utf8mb4 COLLATE utf8mb4_0900_ai_ci NULL DEFAULT NULL COMMENT 'еӨҮжіЁ',
  PRIMARY KEY (`id`) USING BTREE,
  INDEX `idx_bill_id`(`bill_id` ASC) USING BTREE,
  INDEX `idx_owner_id`(`owner_id` ASC) USING BTREE,
  INDEX `idx_transaction_no`(`transaction_no` ASC) USING BTREE,
  INDEX `idx_pay_time`(`pay_time` ASC) USING BTREE
) ENGINE = InnoDB AUTO_INCREMENT = 1 CHARACTER SET = utf8mb4 COLLATE = utf8mb4_0900_ai_ci COMMENT = 'ж”Ҝд»ҳи®°еҪ•иЎЁ' ROW_FORMAT = DYNAMIC;

-- ----------------------------
-- Records of community_payment_record
-- ----------------------------

-- ----------------------------
-- Table structure for community_points
-- ----------------------------
DROP TABLE IF EXISTS `community_points`;
CREATE TABLE `community_points`  (
  `points_id` bigint NOT NULL AUTO_INCREMENT COMMENT 'з§ҜеҲҶIDпјҲдё»й”®пјү',
  `user_id` bigint NOT NULL COMMENT 'дёҡдё»IDпјҲе…іиҒ”community_userиЎЁidпјү',
  `total_points` int NOT NULL DEFAULT 0 COMMENT 'жҖ»з§ҜеҲҶ',
  `available_points` int NOT NULL DEFAULT 0 COMMENT 'еҸҜз”Ёз§ҜеҲҶ',
  `frozen_points` int NOT NULL DEFAULT 0 COMMENT 'еҶ»з»“з§ҜеҲҶ',
  `medal_id` bigint NULL DEFAULT NULL COMMENT 'е…іиҒ”еӢӢз« IDпјҲе…іиҒ”community_medalиЎЁmedal_idпјү',
  `last_update_time` datetime NULL DEFAULT CURRENT_TIMESTAMP ON UPDATE CURRENT_TIMESTAMP COMMENT 'жңҖеҗҺжӣҙж–°ж—¶й—ҙ',
  `create_time` datetime NULL DEFAULT CURRENT_TIMESTAMP COMMENT 'еҲӣе»әж—¶й—ҙ',
  `remark` varchar(500) CHARACTER SET utf8mb4 COLLATE utf8mb4_0900_ai_ci NULL DEFAULT '' COMMENT 'еӨҮжіЁ',
  `user_name` varchar(255) CHARACTER SET utf8mb4 COLLATE utf8mb4_0900_ai_ci NOT NULL COMMENT 'е…іиҒ”sys_userиЎЁзҡ„user_name',
  PRIMARY KEY (`points_id`) USING BTREE,
  UNIQUE INDEX `idx_user_id`(`user_id` ASC) USING BTREE COMMENT 'дёҡдё»IDе”ҜдёҖзҙўеј•',
  INDEX `idx_medal_id`(`medal_id` ASC) USING BTREE COMMENT 'е…іиҒ”еӢӢз« IDзҙўеј•',
  INDEX `user_name`(`user_name` ASC) USING BTREE,
  CONSTRAINT `fk_points_medal` FOREIGN KEY (`medal_id`) REFERENCES `community_medal` (`medal_id`) ON DELETE SET NULL ON UPDATE CASCADE
) ENGINE = InnoDB AUTO_INCREMENT = 6 CHARACTER SET = utf8mb4 COLLATE = utf8mb4_0900_ai_ci COMMENT = 'з§ҜеҲҶиЎЁ' ROW_FORMAT = DYNAMIC;

-- ----------------------------
-- Records of community_points
-- ----------------------------
INSERT INTO `community_points` VALUES (1, 1, 264, 264, 0, 1, '2026-04-07 09:18:10', '2026-04-02 15:48:36', '', 'admin');
INSERT INTO `community_points` VALUES (2, 2, 210, 210, 0, 2, '2026-04-02 18:18:12', '2026-04-02 15:48:36', '', 'ry');
INSERT INTO `community_points` VALUES (3, 3, 150, 150, 0, 1, '2026-04-02 18:18:18', '2026-04-02 15:48:36', '', 'еј дёү');
INSERT INTO `community_points` VALUES (4, 4, 260, 260, 0, 4, '2026-04-02 18:18:21', '2026-04-02 15:48:36', '', 'йҮҢж–Ҝ');
INSERT INTO `community_points` VALUES (5, 5, 380, 380, 0, 5, '2026-04-02 18:18:28', '2026-04-02 15:48:36', '', 'зҺӢдә”');

-- ----------------------------
-- Table structure for community_points_exchange
-- ----------------------------
DROP TABLE IF EXISTS `community_points_exchange`;
CREATE TABLE `community_points_exchange`  (
  `id` bigint NOT NULL AUTO_INCREMENT COMMENT 'дё»й”®ID',
  `user_id` bigint NOT NULL COMMENT 'з”ЁжҲ·IDпјҲе…іиҒ”sys_userиЎЁпјү',
  `user_name` varchar(50) CHARACTER SET utf8mb4 COLLATE utf8mb4_0900_ai_ci NOT NULL COMMENT 'з”ЁжҲ·е§“еҗҚ',
  `bill_type` varchar(20) CHARACTER SET utf8mb4 COLLATE utf8mb4_0900_ai_ci NOT NULL COMMENT 'иҙҰеҚ•зұ»еһӢпјҲwater:ж°ҙиҙ№, electricity:з”өиҙ№, property:зү©дёҡиҙ№пјү',
  `bill_id` bigint NOT NULL COMMENT 'еҜ№еә”иҙҰеҚ•иЎЁзҡ„дё»й”®ID',
  `points_used` int NOT NULL COMMENT 'дҪҝз”Ёзҡ„з§ҜеҲҶж•°йҮҸ',
  `amount_offset` decimal(10, 2) NOT NULL COMMENT 'жҠөжүЈйҮ‘йўқпјҲе…ғпјү',
  `exchange_time` datetime NOT NULL DEFAULT CURRENT_TIMESTAMP COMMENT 'е…‘жҚўж—¶й—ҙ',
  `remark` varchar(500) CHARACTER SET utf8mb4 COLLATE utf8mb4_0900_ai_ci NULL DEFAULT NULL COMMENT 'еӨҮжіЁ',
  PRIMARY KEY (`id`) USING BTREE,
  INDEX `idx_user_id`(`user_id` ASC) USING BTREE,
  INDEX `idx_bill_type_id`(`bill_type` ASC, `bill_id` ASC) USING BTREE
) ENGINE = InnoDB AUTO_INCREMENT = 5 CHARACTER SET = utf8mb4 COLLATE = utf8mb4_0900_ai_ci COMMENT = 'з§ҜеҲҶе…‘жҚўи®°еҪ•иЎЁ' ROW_FORMAT = DYNAMIC;

-- ----------------------------
-- Records of community_points_exchange
-- ----------------------------
INSERT INTO `community_points_exchange` VALUES (1, 1, 'иӢҘдҫқ', 'electricity', 6, 100, 10.00, '2026-04-06 13:03:43', 'з§ҜеҲҶе…‘жҚўз”өиҙ№');
INSERT INTO `community_points_exchange` VALUES (2, 1, 'иӢҘдҫқ', 'water', 6, 100, 10.00, '2026-04-06 13:03:46', 'з§ҜеҲҶе…‘жҚўж°ҙиҙ№');
INSERT INTO `community_points_exchange` VALUES (3, 1, 'иӢҘдҫқ', 'electricity', 6, 100, 10.00, '2026-04-06 16:09:09', 'з§ҜеҲҶе…‘жҚўз”өиҙ№');
INSERT INTO `community_points_exchange` VALUES (4, 1, 'иӢҘдҫқ', 'electricity', 6, 100, 10.00, '2026-04-06 22:47:20', 'з§ҜеҲҶе…‘жҚўз”өиҙ№');

-- ----------------------------
-- Table structure for community_points_exchange_backup
-- ----------------------------
DROP TABLE IF EXISTS `community_points_exchange_backup`;
CREATE TABLE `community_points_exchange_backup`  (
  `id` bigint NOT NULL DEFAULT 0 COMMENT 'дё»й”®ID',
  `user_id` bigint NOT NULL COMMENT 'з”ЁжҲ·IDпјҲе…іиҒ”sys_userиЎЁпјү',
  `user_name` varchar(50) CHARACTER SET utf8mb4 COLLATE utf8mb4_0900_ai_ci NOT NULL COMMENT 'з”ЁжҲ·е§“еҗҚ',
  `bill_type` varchar(20) CHARACTER SET utf8mb4 COLLATE utf8mb4_0900_ai_ci NOT NULL COMMENT 'иҙҰеҚ•зұ»еһӢпјҲwater:ж°ҙиҙ№, electricity:з”өиҙ№, property:зү©дёҡиҙ№пјү',
  `bill_id` bigint NOT NULL COMMENT 'еҜ№еә”иҙҰеҚ•иЎЁзҡ„дё»й”®ID',
  `points_used` int NOT NULL COMMENT 'дҪҝз”Ёзҡ„з§ҜеҲҶж•°йҮҸ',
  `amount_offset` decimal(10, 2) NOT NULL COMMENT 'жҠөжүЈйҮ‘йўқпјҲе…ғпјү',
  `exchange_time` datetime NOT NULL DEFAULT CURRENT_TIMESTAMP COMMENT 'е…‘жҚўж—¶й—ҙ',
  `remark` varchar(500) CHARACTER SET utf8mb4 COLLATE utf8mb4_0900_ai_ci NULL DEFAULT NULL COMMENT 'еӨҮжіЁ'
) ENGINE = InnoDB CHARACTER SET = utf8mb4 COLLATE = utf8mb4_0900_ai_ci ROW_FORMAT = DYNAMIC;

-- ----------------------------
-- Records of community_points_exchange_backup
-- ----------------------------

-- ----------------------------
-- Table structure for community_post
-- ----------------------------
DROP TABLE IF EXISTS `community_post`;
CREATE TABLE `community_post`  (
  `post_id` bigint NOT NULL AUTO_INCREMENT COMMENT 'еҠЁжҖҒID',
  `user_id` bigint NOT NULL COMMENT 'еҸ‘еёғз”ЁжҲ·IDпјҲе…іиҒ”sys_userиЎЁпјү',
  `user_name` varchar(50) CHARACTER SET utf8mb4 COLLATE utf8mb4_0900_ai_ci NOT NULL COMMENT 'еҸ‘еёғдәәе§“еҗҚпјҲеҶ—дҪҷпјү',
  `content` text CHARACTER SET utf8mb4 COLLATE utf8mb4_0900_ai_ci NOT NULL COMMENT 'еҠЁжҖҒеҶ…е®№',
  `tag` varchar(30) CHARACTER SET utf8mb4 COLLATE utf8mb4_0900_ai_ci NULL DEFAULT NULL COMMENT 'ж ҮзӯҫпјҲ#еҘҪдәәеҘҪдәӢгҖҒ#ж—ҘеёёеҲҶдә«гҖҒ#зҲұеҝғжҚҗж¬ҫпјү',
  `likes` int NULL DEFAULT 0 COMMENT 'зӮ№иөһж•°',
  `dislikes` int NULL DEFAULT 0 COMMENT 'зӮ№иё©ж•°',
  `points` int NULL DEFAULT 0 COMMENT 'иҺ·еҫ—з§ҜеҲҶ',
  `status` char(1) CHARACTER SET utf8mb4 COLLATE utf8mb4_0900_ai_ci NULL DEFAULT '0' COMMENT 'зҠ¶жҖҒпјҲ0жӯЈеёё 1еҲ йҷӨпјү',
  `create_time` datetime NULL DEFAULT CURRENT_TIMESTAMP COMMENT 'еҲӣе»әж—¶й—ҙ',
  `update_time` datetime NULL DEFAULT CURRENT_TIMESTAMP ON UPDATE CURRENT_TIMESTAMP COMMENT 'жӣҙж–°ж—¶й—ҙ',
  PRIMARY KEY (`post_id`) USING BTREE,
  INDEX `idx_user_id`(`user_id` ASC) USING BTREE,
  INDEX `idx_create_time`(`create_time` ASC) USING BTREE
) ENGINE = InnoDB AUTO_INCREMENT = 5 CHARACTER SET = utf8mb4 COLLATE = utf8mb4_0900_ai_ci COMMENT = 'зӨҫеҢәеҠЁжҖҒиЎЁ' ROW_FORMAT = DYNAMIC;

-- ----------------------------
-- Records of community_post
-- ----------------------------
INSERT INTO `community_post` VALUES (1, 1, 'зҺӢеӨ§зҲ·', 'д»ҠеӨ©еңЁе°ҸеҢәиҪҰеә“еҮәеҸЈжҚЎеҲ°дәҶдёҖдёӘй’ұеҢ…пјҢе·Із»ҸдәӨз»ҷдҝқе®үдәӯе№¶зү©еҪ’еҺҹдё»е•ҰгҖӮеӨ§е®¶еҮәиЎҢиҰҒжіЁж„Ҹе®үе…ЁпјҢзңӢз®ЎеҘҪйҡҸиә«зү©е“ҒгҖӮ', '#еҘҪдәәеҘҪдәӢ', 12, 4, 5, '0', '2026-03-26 19:38:41', '2026-03-26 19:38:41');
INSERT INTO `community_post` VALUES (2, 2, 'жқҺе°ҸзҫҺ', 'жҘјдёӢзҡ„жЁұиҠұејҖеҫ—жӯЈеҘҪпјҢдёӢеҚҲйҳіе…үжҙ’иҝӣжқҘзҡ„ж—¶еҖҷзңҹзҡ„еҘҪзҫҺпјҒжҺЁиҚҗеӨ§е®¶еҺ»еҚ—й—Ёйҷ„иҝ‘жү“еҚЎгҖӮ', '#ж—ҘеёёеҲҶдә«', 18, 1, 2, '0', '2026-03-26 19:38:41', '2026-03-26 19:38:41');
INSERT INTO `community_post` VALUES (3, 3, 'еј е…Ҳз”ҹ', 'еҲҡеҲҡдёәзӨҫеҢәеҫ®еһӢеӣҫд№ҰйҰҶжҚҗиө дәҶ20жң¬зІҫиЈ…з«ҘиҜқд№ҰпјҢеёҢжңӣз»ҷеӯ©еӯҗд»¬еёҰеҺ»дёҚдёҖж ·зҡ„з«Ҙе№ҙгҖӮ', '#зҲұеҝғжҚҗж¬ҫ', 24, 0, 10, '0', '2026-03-26 19:38:41', '2026-03-26 19:38:41');
INSERT INTO `community_post` VALUES (4, 1, 'иӢҘдҫқ', '1', '#ж—ҘеёёеҲҶдә«', 0, 0, 10, '0', '2026-04-06 12:26:58', '2026-04-06 12:26:58');

-- ----------------------------
-- Table structure for community_property
-- ----------------------------
DROP TABLE IF EXISTS `community_property`;
CREATE TABLE `community_property`  (
  `id` bigint NOT NULL AUTO_INCREMENT COMMENT 'дё»й”®ID',
  `property_name` varchar(100) CHARACTER SET utf8mb4 COLLATE utf8mb4_0900_ai_ci NOT NULL COMMENT 'зү©дёҡеҗҚз§°',
  `contact_person` varchar(50) CHARACTER SET utf8mb4 COLLATE utf8mb4_0900_ai_ci NULL DEFAULT NULL COMMENT 'иҒ”зі»дәә',
  `contact_phone` varchar(20) CHARACTER SET utf8mb4 COLLATE utf8mb4_0900_ai_ci NULL DEFAULT NULL COMMENT 'иҒ”зі»з”өиҜқ',
  `address` varchar(200) CHARACTER SET utf8mb4 COLLATE utf8mb4_0900_ai_ci NULL DEFAULT NULL COMMENT 'зү©дёҡең°еқҖ',
  `work_time` varchar(100) CHARACTER SET utf8mb4 COLLATE utf8mb4_0900_ai_ci NULL DEFAULT NULL COMMENT 'е·ҘдҪңж—¶й—ҙ',
  `service_content` text CHARACTER SET utf8mb4 COLLATE utf8mb4_0900_ai_ci NULL COMMENT 'жңҚеҠЎеҶ…е®№',
  `community_id` bigint NULL DEFAULT NULL COMMENT 'е°ҸеҢәID',
  `create_by` varchar(64) CHARACTER SET utf8mb4 COLLATE utf8mb4_0900_ai_ci NULL DEFAULT '' COMMENT 'еҲӣе»әиҖ…',
  `create_time` datetime NULL DEFAULT NULL COMMENT 'еҲӣе»әж—¶й—ҙ',
  `update_by` varchar(64) CHARACTER SET utf8mb4 COLLATE utf8mb4_0900_ai_ci NULL DEFAULT '' COMMENT 'жӣҙж–°иҖ…',
  `update_time` datetime NULL DEFAULT NULL COMMENT 'жӣҙж–°ж—¶й—ҙ',
  `remark` varchar(500) CHARACTER SET utf8mb4 COLLATE utf8mb4_0900_ai_ci NULL DEFAULT NULL COMMENT 'еӨҮжіЁ',
  PRIMARY KEY (`id`) USING BTREE
) ENGINE = InnoDB AUTO_INCREMENT = 2 CHARACTER SET = utf8mb4 COLLATE = utf8mb4_0900_ai_ci COMMENT = 'зү©дёҡдҝЎжҒҜиЎЁ' ROW_FORMAT = DYNAMIC;

-- ----------------------------
-- Records of community_property
-- ----------------------------
INSERT INTO `community_property` VALUES (1, 'йҳіе…үе®¶еӣӯзү©дёҡжңҚеҠЎдёӯеҝғ', 'еј з»ҸзҗҶ', '010-88888888', 'еҢ—дә¬еёӮдёңеҹҺеҢәйҳіе…үе®¶еӣӯзӨҫеҢәзү©дёҡжҘј1еұӮ', 'е‘ЁдёҖиҮіе‘Ёдә” 8:00-18:00пјҢе‘Ёе…ӯж—Ҙ 9:00-17:00', '1. ж—Ҙеёёз»ҙдҝ®жңҚеҠЎ\n2. зҺҜеўғеҚ«з”ҹз»ҙжҠӨ\n3. е®үе…ЁдҝқеҚ«жңҚеҠЎ\n4. еҒңиҪҰеңәз®ЎзҗҶ\n5. з»ҝеҢ–е…»жҠӨ\n6. д»Јж”¶еҝ«йҖ’\n7. зӨҫеҢәжҙ»еҠЁз»„з»Ү', NULL, '', '2026-04-02 15:49:49', '', NULL, NULL);

-- ----------------------------
-- Table structure for community_property_fee
-- ----------------------------
DROP TABLE IF EXISTS `community_property_fee`;
CREATE TABLE `community_property_fee`  (
  `property_fee_id` bigint NOT NULL AUTO_INCREMENT COMMENT 'зү©дёҡиҙ№IDпјҲдё»й”®пјү',
  `user_id` bigint NOT NULL COMMENT 'дёҡдё»IDпјҲе…іиҒ”community_userиЎЁidпјү',
  `user_name` varchar(50) CHARACTER SET utf8mb4 COLLATE utf8mb4_0900_ai_ci NOT NULL COMMENT 'дёҡдё»е§“еҗҚпјҲеҶ—дҪҷпјү',
  `user_room` varchar(50) CHARACTER SET utf8mb4 COLLATE utf8mb4_0900_ai_ci NOT NULL COMMENT 'дёҡдё»жҲҝеҸ·пјҲеҶ—дҪҷпјү',
  `property_month` varchar(20) CHARACTER SET utf8mb4 COLLATE utf8mb4_0900_ai_ci NOT NULL COMMENT 'и®Ўиҙ№жңҲд»ҪпјҲж јејҸпјҡYYYY-MMпјү',
  `house_area` decimal(10, 2) NOT NULL COMMENT 'жҲҝеұӢе»әзӯ‘йқўз§ҜпјҲгҺЎпјү',
  `unit_price` decimal(10, 2) NOT NULL COMMENT 'зү©дёҡиҙ№еҚ•д»·пјҲе…ғ/гҺЎ/жңҲпјү',
  `total_fee` decimal(10, 2) NOT NULL COMMENT 'зү©дёҡиҙ№жҖ»йўқпјҲе…ғпјү',
  `fee_status` varchar(20) CHARACTER SET utf8mb4 COLLATE utf8mb4_0900_ai_ci NOT NULL COMMENT 'зјҙиҙ№зҠ¶жҖҒпјҲunpaid:жңӘзјҙиҙ№, paid:е·Ізјҙиҙ№, overdue:йҖҫжңҹпјү',
  `due_date` datetime NOT NULL COMMENT 'зјҙиҙ№жҲӘжӯўж—Ҙжңҹ',
  `payment_time` datetime NULL DEFAULT NULL COMMENT 'зјҙиҙ№ж—¶й—ҙ',
  `payment_no` varchar(64) CHARACTER SET utf8mb4 COLLATE utf8mb4_0900_ai_ci NULL DEFAULT '' COMMENT 'зјҙиҙ№и®ўеҚ•еҸ·',
  `overdue_amount` decimal(10, 2) NULL DEFAULT 0.00 COMMENT 'йҖҫжңҹж»һзәійҮ‘пјҲе…ғпјү',
  `create_time` datetime NULL DEFAULT CURRENT_TIMESTAMP COMMENT 'еҲӣе»әж—¶й—ҙ',
  `update_time` datetime NULL DEFAULT CURRENT_TIMESTAMP ON UPDATE CURRENT_TIMESTAMP COMMENT 'жӣҙж–°ж—¶й—ҙ',
  `remark` varchar(500) CHARACTER SET utf8mb4 COLLATE utf8mb4_0900_ai_ci NULL DEFAULT '' COMMENT 'еӨҮжіЁ',
  PRIMARY KEY (`property_fee_id`) USING BTREE,
  INDEX `idx_user_id`(`user_id` ASC) USING BTREE COMMENT 'дёҡдё»IDзҙўеј•',
  INDEX `idx_property_month`(`property_month` ASC) USING BTREE COMMENT 'и®Ўиҙ№жңҲд»Ҫзҙўеј•',
  INDEX `idx_fee_status`(`fee_status` ASC) USING BTREE COMMENT 'зјҙиҙ№зҠ¶жҖҒзҙўеј•'
) ENGINE = InnoDB AUTO_INCREMENT = 1 CHARACTER SET = utf8mb4 COLLATE = utf8mb4_0900_ai_ci COMMENT = 'зү©дёҡиҙ№иЎЁ' ROW_FORMAT = DYNAMIC;

-- ----------------------------
-- Records of community_property_fee
-- ----------------------------

-- ----------------------------
-- Table structure for community_property_praise
-- ----------------------------
DROP TABLE IF EXISTS `community_property_praise`;
CREATE TABLE `community_property_praise`  (
  `id` bigint NOT NULL AUTO_INCREMENT COMMENT 'дё»й”®ID',
  `owner_id` bigint NULL DEFAULT NULL COMMENT 'дёҡдё»ID',
  `owner_name` varchar(50) CHARACTER SET utf8mb4 COLLATE utf8mb4_0900_ai_ci NULL DEFAULT NULL COMMENT 'дёҡдё»е§“еҗҚ',
  `praise_type` varchar(50) CHARACTER SET utf8mb4 COLLATE utf8mb4_0900_ai_ci NULL DEFAULT NULL COMMENT 'иЎЁжү¬зұ»еһӢ',
  `praise_content` text CHARACTER SET utf8mb4 COLLATE utf8mb4_0900_ai_ci NOT NULL COMMENT 'иЎЁжү¬еҶ…е®№',
  `praise_target` varchar(100) CHARACTER SET utf8mb4 COLLATE utf8mb4_0900_ai_ci NULL DEFAULT NULL COMMENT 'иЎЁжү¬еҜ№иұЎ',
  `status` char(1) CHARACTER SET utf8mb4 COLLATE utf8mb4_0900_ai_ci NULL DEFAULT '0' COMMENT 'зҠ¶жҖҒпјҲ0:еҫ…еӨ„зҗҶ,1:е·ІеӨ„зҗҶпјү',
  `reply_content` text CHARACTER SET utf8mb4 COLLATE utf8mb4_0900_ai_ci NULL COMMENT 'еӣһеӨҚеҶ…е®№',
  `reply_time` datetime NULL DEFAULT NULL COMMENT 'еӣһеӨҚж—¶й—ҙ',
  `community_id` bigint NULL DEFAULT NULL COMMENT 'е°ҸеҢәID',
  `create_by` varchar(64) CHARACTER SET utf8mb4 COLLATE utf8mb4_0900_ai_ci NULL DEFAULT '' COMMENT 'еҲӣе»әиҖ…',
  `create_time` datetime NULL DEFAULT NULL COMMENT 'еҲӣе»әж—¶й—ҙ',
  `update_by` varchar(64) CHARACTER SET utf8mb4 COLLATE utf8mb4_0900_ai_ci NULL DEFAULT '' COMMENT 'жӣҙж–°иҖ…',
  `update_time` datetime NULL DEFAULT NULL COMMENT 'жӣҙж–°ж—¶й—ҙ',
  `remark` varchar(500) CHARACTER SET utf8mb4 COLLATE utf8mb4_0900_ai_ci NULL DEFAULT NULL COMMENT 'еӨҮжіЁ',
  PRIMARY KEY (`id`) USING BTREE,
  INDEX `idx_owner_id`(`owner_id` ASC) USING BTREE,
  INDEX `idx_status`(`status` ASC) USING BTREE
) ENGINE = InnoDB AUTO_INCREMENT = 1 CHARACTER SET = utf8mb4 COLLATE = utf8mb4_0900_ai_ci COMMENT = 'зү©дёҡиЎЁжү¬иЎЁ' ROW_FORMAT = DYNAMIC;

-- ----------------------------
-- Records of community_property_praise
-- ----------------------------

-- ----------------------------
-- Table structure for community_repair
-- ----------------------------
DROP TABLE IF EXISTS `community_repair`;
CREATE TABLE `community_repair`  (
  `repair_id` bigint NOT NULL AUTO_INCREMENT COMMENT 'з»ҙдҝ®IDпјҲдё»й”®пјү',
  `repairman_id` bigint NULL DEFAULT NULL COMMENT 'з»ҙдҝ®дәәе‘ҳIDпјҲе…іиҒ”sys_userиЎЁidпјү',
  `repairman_name` varchar(50) CHARACTER SET utf8mb4 COLLATE utf8mb4_0900_ai_ci NULL DEFAULT '' COMMENT 'з»ҙдҝ®дәәе‘ҳе§“еҗҚпјҲеҶ—дҪҷпјү',
  `repairman_phone` varchar(20) CHARACTER SET utf8mb4 COLLATE utf8mb4_0900_ai_ci NULL DEFAULT '' COMMENT 'з»ҙдҝ®дәәе‘ҳз”өиҜқпјҲеҶ—дҪҷпјү',
  `assign_time` datetime NULL DEFAULT NULL COMMENT 'жҙҫеҚ•ж—¶й—ҙ',
  `arrive_time` datetime NULL DEFAULT NULL COMMENT 'еҲ°иҫҫзҺ°еңәж—¶й—ҙ',
  `complete_time` datetime NULL DEFAULT NULL COMMENT 'з»ҙдҝ®е®ҢжҲҗж—¶й—ҙ',
  `repair_cost` decimal(10, 2) NULL DEFAULT 0.00 COMMENT 'з»ҙдҝ®иҙ№з”Ё',
  `cost_desc` varchar(500) CHARACTER SET utf8mb4 COLLATE utf8mb4_0900_ai_ci NULL DEFAULT '' COMMENT 'иҙ№з”ЁиҜҙжҳҺ',
  `repair_result` text CHARACTER SET utf8mb4 COLLATE utf8mb4_0900_ai_ci NULL COMMENT 'з»ҙдҝ®з»“жһң',
  `user_rating` int NULL DEFAULT NULL COMMENT 'дёҡдё»иҜ„еҲҶпјҲ1-5еҲҶпјү',
  `user_feedback` text CHARACTER SET utf8mb4 COLLATE utf8mb4_0900_ai_ci NULL COMMENT 'дёҡдё»еҸҚйҰҲ',
  `create_time` datetime NULL DEFAULT CURRENT_TIMESTAMP COMMENT 'еҲӣе»әж—¶й—ҙ',
  `update_time` datetime NULL DEFAULT CURRENT_TIMESTAMP ON UPDATE CURRENT_TIMESTAMP COMMENT 'жӣҙж–°ж—¶й—ҙ',
  `remark` varchar(500) CHARACTER SET utf8mb4 COLLATE utf8mb4_0900_ai_ci NULL DEFAULT '' COMMENT 'еӨҮжіЁ',
  PRIMARY KEY (`repair_id`) USING BTREE,
  INDEX `idx_repairman_id`(`repairman_id` ASC) USING BTREE COMMENT 'з»ҙдҝ®дәәе‘ҳIDзҙўеј•'
) ENGINE = InnoDB AUTO_INCREMENT = 6 CHARACTER SET = utf8mb4 COLLATE = utf8mb4_0900_ai_ci COMMENT = 'з»ҙдҝ®иЎЁ' ROW_FORMAT = DYNAMIC;

-- ----------------------------
-- Records of community_repair
-- ----------------------------
INSERT INTO `community_repair` VALUES (1, 1, 'еј еёҲеӮ…', '13000130000', '2025-03-20 08:30:00', '2025-03-20 09:00:00', '2025-03-20 09:40:00', 0.00, 'е…Қиҙ№з»ҙдҝ®', 'ж°ҙйҫҷеӨҙжјҸж°ҙе·ІжӣҙжҚўж–°й…Қд»¶', 5, 'з»ҙдҝ®йҖҹеәҰеҝ«пјҢеёҲеӮ…дё“дёҡ', '2026-04-02 15:48:36', '2026-04-02 15:48:36', '');
INSERT INTO `community_repair` VALUES (2, 2, 'жқҺеёҲеӮ…', '13000130001', '2025-03-21 10:00:00', '2025-03-21 10:20:00', '2025-03-21 11:10:00', 30.00, 'жӣҙжҚўзҒҜжіЎ+жЈҖдҝ®зәҝи·Ҝ', 'е®ўеҺ…зҒҜе…үе·Ідҝ®еӨҚ', 4, 'жңҚеҠЎдёҚй”ҷ', '2026-04-02 15:48:36', '2026-04-02 15:48:36', '');
INSERT INTO `community_repair` VALUES (3, 1, 'еј еёҲеӮ…', '13000130000', '2025-03-22 14:00:00', '2025-03-22 14:15:00', '2025-03-22 15:00:00', 0.00, 'з®ЎйҒ“з–ҸйҖҡ', 'еҚ«з”ҹй—ҙдёӢж°ҙе·Із–ҸйҖҡ', 5, 'йқһеёёж»Ўж„Ҹ', '2026-04-02 15:48:36', '2026-04-02 15:48:36', '');
INSERT INTO `community_repair` VALUES (4, 3, 'зҺӢеёҲеӮ…', '13000130002', '2025-03-23 09:00:00', '2025-03-23 09:30:00', '2025-03-23 10:20:00', 50.00, 'жӣҙжҚўж°ҙйҫҷеӨҙ', 'еҺЁжҲҝж°ҙйҫҷеӨҙжӣҙжҚўе®ҢжҲҗ', 5, 'дё“дёҡй«ҳж•Ҳ', '2026-04-02 15:48:36', '2026-04-02 15:48:36', '');
INSERT INTO `community_repair` VALUES (5, 2, 'жқҺеёҲеӮ…', '13000130001', '2025-03-24 15:00:00', '2025-03-24 15:20:00', '2025-03-24 16:10:00', 20.00, 'жҸ’еә§жЈҖдҝ®', 'еҚ§е®ӨжҸ’еә§жҒўеӨҚдҫӣз”ө', 4, 'ж»Ўж„Ҹ', '2026-04-02 15:48:36', '2026-04-02 15:48:36', '');

-- ----------------------------
-- Table structure for community_repair_order
-- ----------------------------
DROP TABLE IF EXISTS `community_repair_order`;
CREATE TABLE `community_repair_order`  (
  `order_id` bigint NOT NULL AUTO_INCREMENT COMMENT 'жҠҘдҝ®еҚ•ID',
  `repair_id` bigint NULL DEFAULT NULL COMMENT 'з»ҙдҝ®ID',
  `user_id` bigint NULL DEFAULT NULL COMMENT 'з”ЁжҲ·ID',
  `user_name` varchar(50) CHARACTER SET utf8mb4 COLLATE utf8mb4_0900_ai_ci NULL DEFAULT NULL COMMENT 'з”ЁжҲ·е§“еҗҚ',
  `user_room` varchar(100) CHARACTER SET utf8mb4 COLLATE utf8mb4_0900_ai_ci NULL DEFAULT NULL COMMENT 'з”ЁжҲ·жҲҝй—ҙ',
  `user_phone` varchar(20) CHARACTER SET utf8mb4 COLLATE utf8mb4_0900_ai_ci NULL DEFAULT NULL COMMENT 'з”ЁжҲ·з”өиҜқ',
  `repair_type` varchar(20) CHARACTER SET utf8mb4 COLLATE utf8mb4_0900_ai_ci NULL DEFAULT NULL COMMENT 'жҠҘдҝ®зұ»еһӢ',
  `repair_address` varchar(200) CHARACTER SET utf8mb4 COLLATE utf8mb4_0900_ai_ci NULL DEFAULT NULL COMMENT 'жҠҘдҝ®ең°еқҖ',
  `repair_desc` varchar(500) CHARACTER SET utf8mb4 COLLATE utf8mb4_0900_ai_ci NULL DEFAULT NULL COMMENT 'й—®йўҳжҸҸиҝ°',
  `repair_images` varchar(1000) CHARACTER SET utf8mb4 COLLATE utf8mb4_0900_ai_ci NULL DEFAULT NULL COMMENT 'жҠҘдҝ®еӣҫзүҮ',
  `order_status` varchar(20) CHARACTER SET utf8mb4 COLLATE utf8mb4_0900_ai_ci NULL DEFAULT 'pending' COMMENT 'и®ўеҚ•зҠ¶жҖҒ',
  `create_time` datetime NULL DEFAULT CURRENT_TIMESTAMP COMMENT 'еҲӣе»әж—¶й—ҙ',
  `update_time` datetime NULL DEFAULT NULL ON UPDATE CURRENT_TIMESTAMP COMMENT 'жӣҙж–°ж—¶й—ҙ',
  `remark` varchar(500) CHARACTER SET utf8mb4 COLLATE utf8mb4_0900_ai_ci NULL DEFAULT NULL COMMENT 'еӨҮжіЁ',
  PRIMARY KEY (`order_id`) USING BTREE,
  INDEX `idx_user_id`(`user_id` ASC) USING BTREE,
  INDEX `idx_repair_id`(`repair_id` ASC) USING BTREE,
  INDEX `idx_order_status`(`order_status` ASC) USING BTREE
) ENGINE = InnoDB AUTO_INCREMENT = 1 CHARACTER SET = utf8mb4 COLLATE = utf8mb4_0900_ai_ci COMMENT = 'жҠҘдҝ®еҚ•жҚ®иЎЁ' ROW_FORMAT = DYNAMIC;

-- ----------------------------
-- Records of community_repair_order
-- ----------------------------

-- ----------------------------
-- Table structure for community_reservation
-- ----------------------------
DROP TABLE IF EXISTS `community_reservation`;
CREATE TABLE `community_reservation`  (
  `id` bigint NOT NULL AUTO_INCREMENT COMMENT 'дё»й”®ID',
  `user_id` bigint NOT NULL COMMENT 'дёҡдё»IDпјҲе…іиҒ”sys_userиЎЁidпјү',
  `user_name` varchar(50) CHARACTER SET utf8mb4 COLLATE utf8mb4_0900_ai_ci NOT NULL COMMENT 'дёҡдё»е§“еҗҚпјҲеҶ—дҪҷпјҡжҹҘиҜўйў‘ж¬Ўй«ҳпјҢдёҚеёёдҝ®ж”№пјү',
  `user_phone` varchar(20) CHARACTER SET utf8mb4 COLLATE utf8mb4_0900_ai_ci NOT NULL COMMENT 'дёҡдё»жүӢжңәеҸ·пјҲеҶ—дҪҷпјҡжҹҘиҜўйў‘ж¬Ўй«ҳпјү',
  `reservation_type` varchar(30) CHARACTER SET utf8mb4 COLLATE utf8mb4_0900_ai_ci NOT NULL COMMENT 'йў„зәҰзұ»еһӢпјҲpark:иҪҰдҪҚйў„зәҰ, repair:з»ҙдҝ®йў„зәҰ, gym:еҒҘиә«жҲҝйў„зәҰпјү',
  `reservation_time` datetime NOT NULL COMMENT 'йў„зәҰж—¶й—ҙ',
  `reservation_status` varchar(20) CHARACTER SET utf8mb4 COLLATE utf8mb4_0900_ai_ci NOT NULL COMMENT 'йў„зәҰзҠ¶жҖҒпјҲpending:еҫ…еӨ„зҗҶ, approved:е·Іе®Ўж ё, rejected:е·ІжӢ’з»қ, completed:е·Іе®ҢжҲҗ, cancelled:е·ІеҸ–ж¶Ҳпјү',
  `service_address` varchar(200) CHARACTER SET utf8mb4 COLLATE utf8mb4_0900_ai_ci NULL DEFAULT '' COMMENT 'жңҚеҠЎең°еқҖ',
  `reject_reason` varchar(500) CHARACTER SET utf8mb4 COLLATE utf8mb4_0900_ai_ci NULL DEFAULT '' COMMENT 'жӢ’з»қеҺҹеӣ ',
  `create_by` varchar(64) CHARACTER SET utf8mb4 COLLATE utf8mb4_0900_ai_ci NULL DEFAULT '' COMMENT 'еҲӣе»әдәә',
  `create_time` datetime NULL DEFAULT CURRENT_TIMESTAMP COMMENT 'еҲӣе»әж—¶й—ҙ',
  `update_by` varchar(64) CHARACTER SET utf8mb4 COLLATE utf8mb4_0900_ai_ci NULL DEFAULT '' COMMENT 'дҝ®ж”№дәә',
  `update_time` datetime NULL DEFAULT CURRENT_TIMESTAMP ON UPDATE CURRENT_TIMESTAMP COMMENT 'дҝ®ж”№ж—¶й—ҙ',
  `remark` varchar(500) CHARACTER SET utf8mb4 COLLATE utf8mb4_0900_ai_ci NULL DEFAULT '' COMMENT 'еӨҮжіЁдҝЎжҒҜ',
  PRIMARY KEY (`id`) USING BTREE,
  INDEX `idx_user_id`(`user_id` ASC) USING BTREE COMMENT 'жҷ®йҖҡзҙўеј•пјҡдёҡдё»IDпјҲе…іиҒ”жҹҘиҜўпјү',
  INDEX `idx_reservation_type_status`(`reservation_type` ASC, `reservation_status` ASC) USING BTREE COMMENT 'еӨҚеҗҲзҙўеј•пјҡйў„зәҰзұ»еһӢ+зҠ¶жҖҒпјҲжҹҘиҜўйў‘ж¬Ўй«ҳпјү',
  INDEX `idx_reservation_time`(`reservation_time` ASC) USING BTREE COMMENT 'жҷ®йҖҡзҙўеј•пјҡйў„зәҰж—¶й—ҙпјҲжҹҘиҜўйў‘ж¬Ўй«ҳпјү'
) ENGINE = InnoDB AUTO_INCREMENT = 11 CHARACTER SET = utf8mb4 COLLATE = utf8mb4_0900_ai_ci COMMENT = 'е°ҸеҢәйў„зәҰз®ЎзҗҶиЎЁ' ROW_FORMAT = DYNAMIC;

-- ----------------------------
-- Records of community_reservation
-- ----------------------------
INSERT INTO `community_reservation` VALUES (1, 1, 'еј дёү', '13800138000', 'park', '2026-03-20 09:00:00', 'approved', '1еҸ·жҘј1еҚ•е…ғең°дёӢиҪҰеә“A01дҪҚ', '', 'admin', '2026-03-17 21:24:09', 'admin', '2026-03-17 21:24:09', 'йў„зәҰе‘Ёжң«иҪҰдҪҚдҪҝз”Ё');
INSERT INTO `community_reservation` VALUES (2, 2, 'жқҺеӣӣ', '13900139000', 'repair', '2026-03-18 14:30:00', 'processing', '2еҸ·жҘј3еҚ•е…ғ502е®Ө', '', 'admin', '2026-03-17 21:24:09', 'admin', '2026-03-17 21:24:09', 'еҺЁжҲҝж°ҙз®ЎжјҸж°ҙз»ҙдҝ®');
INSERT INTO `community_reservation` VALUES (3, 3, 'зҺӢдә”', '13700137000', 'gym', '2026-03-19 10:00:00', 'rejected', 'е°ҸеҢәеҒҘиә«жҲҝ', 'еҒҘиә«жҲҝеҪ“ж—Ҙи®ҫеӨҮз»ҙжҠӨ', 'admin', '2026-03-17 21:24:09', 'admin', '2026-03-17 21:24:09', 'йў„зәҰеҒҘиә«жҲҝдҪҝз”Ё');
INSERT INTO `community_reservation` VALUES (4, 1, 'еј дёү', '13800138000', 'repair', '2026-03-21 15:00:00', 'completed', '1еҸ·жҘј1еҚ•е…ғ101е®Ө', '', 'admin', '2026-03-17 21:24:09', 'admin', '2026-03-17 21:24:09', 'з©әи°ғз»ҙдҝ®пјҢе·Іе®ҢжҲҗ');
INSERT INTO `community_reservation` VALUES (5, 2, 'жқҺеӣӣ', '13900139000', 'park', '2026-03-25 08:00:00', 'pending', '3еҸ·жҘј2еҚ•е…ғең°йқўиҪҰдҪҚB05дҪҚ', '', 'admin', '2026-03-17 21:24:09', 'admin', '2026-03-17 21:24:09', 'йў„зәҰиҠӮеҒҮж—ҘиҪҰдҪҚ');
INSERT INTO `community_reservation` VALUES (6, 1, 'еј дёү', '13800138000', 'park', '2026-03-20 09:00:00', 'approved', '1еҸ·жҘј1еҚ•е…ғең°дёӢиҪҰеә“A01дҪҚ', '', 'admin', '2026-03-17 21:24:14', 'admin', '2026-03-17 21:24:14', 'йў„зәҰе‘Ёжң«иҪҰдҪҚдҪҝз”Ё');
INSERT INTO `community_reservation` VALUES (7, 2, 'жқҺеӣӣ', '13900139000', 'repair', '2026-03-18 14:30:00', 'processing', '2еҸ·жҘј3еҚ•е…ғ502е®Ө', '', 'admin', '2026-03-17 21:24:14', 'admin', '2026-03-17 21:24:14', 'еҺЁжҲҝж°ҙз®ЎжјҸж°ҙз»ҙдҝ®');
INSERT INTO `community_reservation` VALUES (8, 3, 'зҺӢдә”', '13700137000', 'gym', '2026-03-19 10:00:00', 'rejected', 'е°ҸеҢәеҒҘиә«жҲҝ', 'еҒҘиә«жҲҝеҪ“ж—Ҙи®ҫеӨҮз»ҙжҠӨ', 'admin', '2026-03-17 21:24:14', 'admin', '2026-03-17 21:24:14', 'йў„зәҰеҒҘиә«жҲҝдҪҝз”Ё');
INSERT INTO `community_reservation` VALUES (9, 1, 'еј дёү', '13800138000', 'repair', '2026-03-21 15:00:00', 'completed', '1еҸ·жҘј1еҚ•е…ғ101е®Ө', '', 'admin', '2026-03-17 21:24:14', 'admin', '2026-03-17 21:24:14', 'з©әи°ғз»ҙдҝ®пјҢе·Іе®ҢжҲҗ');
INSERT INTO `community_reservation` VALUES (10, 2, 'жқҺеӣӣ', '13900139000', 'park', '2026-03-25 08:00:00', 'pending', '3еҸ·жҘј2еҚ•е…ғең°йқўиҪҰдҪҚB05дҪҚ', '', 'admin', '2026-03-17 21:24:14', 'admin', '2026-03-17 21:24:14', 'йў„зәҰиҠӮеҒҮж—ҘиҪҰдҪҚ');

-- ----------------------------
-- Table structure for community_signin_record
-- ----------------------------
DROP TABLE IF EXISTS `community_signin_record`;
CREATE TABLE `community_signin_record`  (
  `record_id` bigint NOT NULL AUTO_INCREMENT COMMENT 'и®°еҪ•ID',
  `user_id` bigint NOT NULL COMMENT 'з”ЁжҲ·ID',
  `signin_date` date NOT NULL COMMENT 'зӯҫеҲ°ж—Ҙжңҹ',
  `consecutive_days` int NULL DEFAULT 1 COMMENT 'иҝһз»ӯзӯҫеҲ°еӨ©ж•°',
  `points_earned` int NULL DEFAULT 0 COMMENT 'иҺ·еҫ—з§ҜеҲҶ',
  `create_time` datetime NULL DEFAULT CURRENT_TIMESTAMP COMMENT 'еҲӣе»әж—¶й—ҙ',
  PRIMARY KEY (`record_id`) USING BTREE,
  UNIQUE INDEX `uk_user_date`(`user_id` ASC, `signin_date` ASC) USING BTREE,
  INDEX `idx_user_id`(`user_id` ASC) USING BTREE
) ENGINE = InnoDB AUTO_INCREMENT = 3 CHARACTER SET = utf8mb4 COLLATE = utf8mb4_0900_ai_ci COMMENT = 'зӯҫеҲ°и®°еҪ•иЎЁ' ROW_FORMAT = DYNAMIC;

-- ----------------------------
-- Records of community_signin_record
-- ----------------------------
INSERT INTO `community_signin_record` VALUES (1, 1, '2026-04-03', 1, 5, '2026-04-03 15:32:15');
INSERT INTO `community_signin_record` VALUES (2, 1, '2026-04-06', 1, 5, '2026-04-06 12:45:01');

-- ----------------------------
-- Table structure for community_space_reservation
-- ----------------------------
DROP TABLE IF EXISTS `community_space_reservation`;
CREATE TABLE `community_space_reservation`  (
  `reservation_id` bigint NOT NULL AUTO_INCREMENT COMMENT 'йў„зәҰIDпјҲдё»й”®пјү',
  `space_name` varchar(100) CHARACTER SET utf8mb4 COLLATE utf8mb4_0900_ai_ci NOT NULL COMMENT 'еңәең°еҗҚз§°пјҲеҰӮпјҡзӨҫеҢәзӨје ӮгҖҒеҒҘиә«жҲҝгҖҒдјҡи®®е®Өпјү',
  `user_id` bigint NOT NULL COMMENT 'йў„зәҰдәәIDпјҲе…іиҒ”community_userиЎЁidпјү',
  `user_name` varchar(50) CHARACTER SET utf8mb4 COLLATE utf8mb4_0900_ai_ci NOT NULL COMMENT 'йў„зәҰдәәе§“еҗҚпјҲеҶ—дҪҷпјү',
  `user_phone` varchar(20) CHARACTER SET utf8mb4 COLLATE utf8mb4_0900_ai_ci NOT NULL COMMENT 'йў„зәҰдәәз”өиҜқпјҲеҶ—дҪҷпјү',
  `reserve_date` date NOT NULL COMMENT 'йў„зәҰж—Ҙжңҹ',
  `start_time` time NOT NULL COMMENT 'дҪҝз”ЁејҖе§Ӣж—¶й—ҙ',
  `end_time` time NOT NULL COMMENT 'дҪҝз”Ёз»“жқҹж—¶й—ҙ',
  `reservation_purpose` varchar(500) CHARACTER SET utf8mb4 COLLATE utf8mb4_0900_ai_ci NULL DEFAULT '' COMMENT 'йў„зәҰз”ЁйҖ”',
  `reservation_status` varchar(20) CHARACTER SET utf8mb4 COLLATE utf8mb4_0900_ai_ci NOT NULL COMMENT 'йў„зәҰзҠ¶жҖҒпјҲpending:еҫ…е®Ўж ё, approved:е·ІйҖҡиҝҮ, rejected:е·ІжӢ’з»қ, completed:е·Іе®ҢжҲҗ, cancelled:е·ІеҸ–ж¶Ҳпјү',
  `reject_reason` varchar(500) CHARACTER SET utf8mb4 COLLATE utf8mb4_0900_ai_ci NULL DEFAULT '' COMMENT 'жӢ’з»қеҺҹеӣ ',
  `approver_id` bigint NULL DEFAULT NULL COMMENT 'е®Ўж ёдәәIDпјҲе…іиҒ”sys_userиЎЁidпјү',
  `approve_time` datetime NULL DEFAULT NULL COMMENT 'е®Ўж ёж—¶й—ҙ',
  `create_time` datetime NULL DEFAULT CURRENT_TIMESTAMP COMMENT 'еҲӣе»әж—¶й—ҙ',
  `update_time` datetime NULL DEFAULT CURRENT_TIMESTAMP ON UPDATE CURRENT_TIMESTAMP COMMENT 'жӣҙж–°ж—¶й—ҙ',
  `remark` varchar(500) CHARACTER SET utf8mb4 COLLATE utf8mb4_0900_ai_ci NULL DEFAULT '' COMMENT 'еӨҮжіЁ',
  PRIMARY KEY (`reservation_id`) USING BTREE,
  INDEX `idx_user_id`(`user_id` ASC) USING BTREE COMMENT 'йў„зәҰдәәIDзҙўеј•',
  INDEX `idx_reserve_date`(`reserve_date` ASC) USING BTREE COMMENT 'йў„зәҰж—Ҙжңҹзҙўеј•',
  INDEX `idx_reservation_status`(`reservation_status` ASC) USING BTREE COMMENT 'йў„зәҰзҠ¶жҖҒзҙўеј•'
) ENGINE = InnoDB AUTO_INCREMENT = 6 CHARACTER SET = utf8mb4 COLLATE = utf8mb4_0900_ai_ci COMMENT = 'еңәең°йў„зәҰиЎЁ' ROW_FORMAT = DYNAMIC;

-- ----------------------------
-- Records of community_space_reservation
-- ----------------------------
INSERT INTO `community_space_reservation` VALUES (1, 'зӨҫеҢәдјҡи®®е®Ө', 1, 'зҺӢе…Ҳз”ҹ', '13800138000', '2025-03-25', '09:00:00', '11:30:00', 'дёҡдё»и®®дәӢдјҡи®®', 'approved', '', 1, '2026-04-02 15:48:36', '2026-04-02 15:48:36', '2026-04-02 15:48:36', '');
INSERT INTO `community_space_reservation` VALUES (2, 'еҒҘиә«жҲҝ', 2, 'жқҺеҘіеЈ«', '13900139000', '2025-03-26', '15:00:00', '16:30:00', 'дёӘдәәеҒҘиә«й”»зӮј', 'pending', '', NULL, NULL, '2026-04-02 15:48:36', '2026-04-02 15:48:36', '');
INSERT INTO `community_space_reservation` VALUES (3, 'зӨҫеҢәзӨје Ӯ', 3, 'еј е…Ҳз”ҹ', '13700137000', '2025-03-30', '13:00:00', '17:00:00', 'е®¶еәӯз”ҹж—ҘиҒҡдјҡ', 'approved', '', 1, '2026-04-02 15:48:36', '2026-04-02 15:48:36', '2026-04-02 15:48:36', '');
INSERT INTO `community_space_reservation` VALUES (4, 'д№’д№“зҗғе®Ө', 4, 'йҷҲеҘіеЈ«', '13600136000', '2025-03-27', '10:00:00', '12:00:00', 'дј‘й—ІиҝҗеҠЁ', 'approved', '', 2, '2026-04-02 15:48:36', '2026-04-02 15:48:36', '2026-04-02 15:48:36', '');
INSERT INTO `community_space_reservation` VALUES (5, 'иҲһи№Ҳе®Ө', 5, 'еҲҳе…Ҳз”ҹ', '13500135000', '2025-03-28', '18:00:00', '20:00:00', 'иҲһи№ҲжҺ’з»ғ', 'pending', '', NULL, NULL, '2026-04-02 15:48:36', '2026-04-02 15:48:36', '');

-- ----------------------------
-- Table structure for community_station
-- ----------------------------
DROP TABLE IF EXISTS `community_station`;
CREATE TABLE `community_station`  (
  `id` bigint NOT NULL AUTO_INCREMENT COMMENT 'дё»й”®ID',
  `express_no` varchar(64) CHARACTER SET utf8mb4 COLLATE utf8mb4_0900_ai_ci NOT NULL COMMENT 'еҝ«йҖ’еҚ•еҸ·пјҲе”ҜдёҖпјү',
  `user_id` bigint NOT NULL COMMENT 'дёҡдё»IDпјҲе…іиҒ”sys_userиЎЁidпјү',
  `user_name` varchar(50) CHARACTER SET utf8mb4 COLLATE utf8mb4_0900_ai_ci NOT NULL COMMENT 'дёҡдё»е§“еҗҚпјҲеҶ—дҪҷпјү',
  `user_phone` varchar(20) CHARACTER SET utf8mb4 COLLATE utf8mb4_0900_ai_ci NULL DEFAULT '' COMMENT 'дёҡдё»жүӢжңәеҸ·пјҲеҶ—дҪҷпјү',
  `user_room` varchar(50) CHARACTER SET utf8mb4 COLLATE utf8mb4_0900_ai_ci NULL DEFAULT '' COMMENT 'дёҡдё»жҲҝеҸ·пјҲеҶ—дҪҷпјү',
  `express_company` varchar(30) CHARACTER SET utf8mb4 COLLATE utf8mb4_0900_ai_ci NOT NULL COMMENT 'еҝ«йҖ’е…¬еҸёпјҲsf:йЎәдё°, yto:еңҶйҖҡ, zto:дёӯйҖҡ, sto:з”ійҖҡ, yunda:йҹөиҫҫпјү',
  `station_status` varchar(20) CHARACTER SET utf8mb4 COLLATE utf8mb4_0900_ai_ci NOT NULL COMMENT 'й©ҝз«ҷзҠ¶жҖҒпјҲin_storage:е·Іе…Ҙеә“, picked:е·ІеҸ–д»¶, overdue:йҖҫжңҹжңӘеҸ–пјү',
  `storage_time` datetime NOT NULL COMMENT 'е…Ҙеә“ж—¶й—ҙ',
  `pick_time` datetime NULL DEFAULT NULL COMMENT 'еҸ–д»¶ж—¶й—ҙ',
  `operator` varchar(50) CHARACTER SET utf8mb4 COLLATE utf8mb4_0900_ai_ci NULL DEFAULT '' COMMENT 'й©ҝз«ҷж“ҚдҪңе‘ҳ',
  `create_by` varchar(64) CHARACTER SET utf8mb4 COLLATE utf8mb4_0900_ai_ci NULL DEFAULT '' COMMENT 'еҲӣе»әдәә',
  `create_time` datetime NULL DEFAULT CURRENT_TIMESTAMP COMMENT 'еҲӣе»әж—¶й—ҙ',
  `update_by` varchar(64) CHARACTER SET utf8mb4 COLLATE utf8mb4_0900_ai_ci NULL DEFAULT '' COMMENT 'дҝ®ж”№дәә',
  `update_time` datetime NULL DEFAULT CURRENT_TIMESTAMP ON UPDATE CURRENT_TIMESTAMP COMMENT 'дҝ®ж”№ж—¶й—ҙ',
  `remark` varchar(500) CHARACTER SET utf8mb4 COLLATE utf8mb4_0900_ai_ci NULL DEFAULT '' COMMENT 'еӨҮжіЁдҝЎжҒҜ',
  PRIMARY KEY (`id`) USING BTREE,
  UNIQUE INDEX `idx_express_no`(`express_no` ASC) USING BTREE COMMENT 'е”ҜдёҖзҙўеј•пјҡеҝ«йҖ’еҚ•еҸ·',
  INDEX `idx_user_id`(`user_id` ASC) USING BTREE COMMENT 'жҷ®йҖҡзҙўеј•пјҡдёҡдё»ID',
  INDEX `idx_station_status`(`station_status` ASC) USING BTREE COMMENT 'жҷ®йҖҡзҙўеј•пјҡй©ҝз«ҷзҠ¶жҖҒ',
  INDEX `idx_storage_time`(`storage_time` ASC) USING BTREE COMMENT 'жҷ®йҖҡзҙўеј•пјҡе…Ҙеә“ж—¶й—ҙ'
) ENGINE = InnoDB AUTO_INCREMENT = 6 CHARACTER SET = utf8mb4 COLLATE = utf8mb4_0900_ai_ci COMMENT = 'е°ҸеҢәй©ҝз«ҷжңҚеҠЎиЎЁ' ROW_FORMAT = DYNAMIC;

-- ----------------------------
-- Records of community_station
-- ----------------------------
INSERT INTO `community_station` VALUES (1, 'SF1234567890123', 1, 'еј дёү', '13800138000', '1еҸ·жҘј1еҚ•е…ғ101е®Ө', 'sf', 'picked', '2026-03-10 08:30:00', '2026-03-10 17:20:00', 'й©ҝз«ҷе°Ҹеј ', 'admin', '2026-03-17 21:24:14', 'admin', '2026-03-17 21:24:14', 'йЎәдё°еҝ«йҖ’пјҢе·ІеҸ–д»¶');
INSERT INTO `community_station` VALUES (2, 'YT9876543210987', 2, 'жқҺеӣӣ', '13900139000', '2еҸ·жҘј3еҚ•е…ғ502е®Ө', 'yto', 'in_storage', '2026-03-12 09:15:00', NULL, 'й©ҝз«ҷе°Ҹеј ', 'admin', '2026-03-17 21:24:14', 'admin', '2026-03-17 21:24:14', 'еңҶйҖҡеҝ«йҖ’пјҢжңӘеҸ–д»¶');
INSERT INTO `community_station` VALUES (3, 'ZT1122334455667', 3, 'зҺӢдә”', '13700137000', '3еҸ·жҘј2еҚ•е…ғ301е®Ө', 'zto', 'overdue', '2026-03-05 10:20:00', NULL, 'й©ҝз«ҷе°ҸжқҺ', 'admin', '2026-03-17 21:24:14', 'admin', '2026-03-17 21:24:14', 'дёӯйҖҡеҝ«йҖ’пјҢйҖҫжңҹжңӘеҸ–');
INSERT INTO `community_station` VALUES (4, 'ST2233445566778', 1, 'еј дёү', '13800138000', '1еҸ·жҘј1еҚ•е…ғ101е®Ө', 'sto', 'picked', '2026-03-11 11:00:00', '2026-03-11 18:30:00', 'й©ҝз«ҷе°ҸжқҺ', 'admin', '2026-03-17 21:24:14', 'admin', '2026-03-17 21:24:14', 'з”ійҖҡеҝ«йҖ’пјҢе·ІеҸ–д»¶');
INSERT INTO `community_station` VALUES (5, 'YD3344556677889', 2, 'жқҺеӣӣ', '13900139000', '2еҸ·жҘј3еҚ•е…ғ502е®Ө', 'yunda', 'in_storage', '2026-03-13 08:45:00', NULL, 'й©ҝз«ҷе°Ҹеј ', 'admin', '2026-03-17 21:24:14', 'admin', '2026-03-17 21:24:14', 'йҹөиҫҫеҝ«йҖ’пјҢжңӘеҸ–д»¶');

-- ----------------------------
-- Table structure for community_suggestion
-- ----------------------------
DROP TABLE IF EXISTS `community_suggestion`;
CREATE TABLE `community_suggestion`  (
  `suggestion_id` bigint NOT NULL AUTO_INCREMENT COMMENT 'е»әи®®ID',
  `user_id` bigint NOT NULL COMMENT 'жҸҗдәӨдәәIDпјҲе…іиҒ”sys_userиЎЁidпјү',
  `user_name` varchar(50) CHARACTER SET utf8mb4 COLLATE utf8mb4_0900_ai_ci NOT NULL COMMENT 'жҸҗдәӨдәәе§“еҗҚпјҲеҶ—дҪҷпјү',
  `user_phone` varchar(20) CHARACTER SET utf8mb4 COLLATE utf8mb4_0900_ai_ci NULL DEFAULT '' COMMENT 'жҸҗдәӨдәәжүӢжңәеҸ·пјҲеҶ—дҪҷпјү',
  `title` varchar(255) CHARACTER SET utf8mb4 COLLATE utf8mb4_0900_ai_ci NULL DEFAULT NULL COMMENT 'е»әи®®ж Үйўҳ',
  `content` text CHARACTER SET utf8mb4 COLLATE utf8mb4_0900_ai_ci NULL COMMENT 'е»әи®®еҶ…е®№',
  `images` varchar(500) CHARACTER SET utf8mb4 COLLATE utf8mb4_0900_ai_ci NULL DEFAULT NULL COMMENT 'дёҠдј еӣҫзүҮең°еқҖпјҲйҖ—еҸ·еҲҶйҡ”пјү',
  `status` char(1) CHARACTER SET utf8mb4 COLLATE utf8mb4_0900_ai_ci NULL DEFAULT '0' COMMENT 'зҠ¶жҖҒ 0жңӘеӨ„зҗҶ 1е·ІеӨ„зҗҶ',
  `handle_user_id` bigint NULL DEFAULT NULL COMMENT 'еӨ„зҗҶдәәIDпјҲе…іиҒ”sys_userиЎЁidпјү',
  `handle_user_name` varchar(50) CHARACTER SET utf8mb4 COLLATE utf8mb4_0900_ai_ci NULL DEFAULT '' COMMENT 'еӨ„зҗҶдәәе§“еҗҚпјҲеҶ—дҪҷпјү',
  `handle_result` varchar(500) CHARACTER SET utf8mb4 COLLATE utf8mb4_0900_ai_ci NULL DEFAULT '' COMMENT 'еӨ„зҗҶз»“жһң',
  `handle_time` datetime NULL DEFAULT NULL COMMENT 'еӨ„зҗҶж—¶й—ҙ',
  `create_by` varchar(64) CHARACTER SET utf8mb4 COLLATE utf8mb4_0900_ai_ci NULL DEFAULT '' COMMENT 'еҲӣе»әдәә',
  `create_time` datetime NULL DEFAULT CURRENT_TIMESTAMP COMMENT 'еҲӣе»әж—¶й—ҙ',
  `update_by` varchar(64) CHARACTER SET utf8mb4 COLLATE utf8mb4_0900_ai_ci NULL DEFAULT '' COMMENT 'дҝ®ж”№дәә',
  `update_time` datetime NULL DEFAULT CURRENT_TIMESTAMP ON UPDATE CURRENT_TIMESTAMP COMMENT 'дҝ®ж”№ж—¶й—ҙ',
  `remark` varchar(500) CHARACTER SET utf8mb4 COLLATE utf8mb4_0900_ai_ci NULL DEFAULT '' COMMENT 'еӨҮжіЁдҝЎжҒҜ',
  PRIMARY KEY (`suggestion_id`) USING BTREE,
  INDEX `idx_user_id`(`user_id` ASC) USING BTREE COMMENT 'жҷ®йҖҡзҙўеј•пјҡжҸҗдәӨдәәID',
  INDEX `idx_handle_user_id`(`handle_user_id` ASC) USING BTREE COMMENT 'жҷ®йҖҡзҙўеј•пјҡеӨ„зҗҶдәәID',
  INDEX `idx_create_time`(`create_time` ASC) USING BTREE COMMENT 'жҷ®йҖҡзҙўеј•пјҡжҸҗдәӨж—¶й—ҙ'
) ENGINE = InnoDB CHARACTER SET = utf8mb4 COLLATE = utf8mb4_0900_ai_ci COMMENT = 'е»әи®®еҸҚйҰҲдҝЎжҒҜиЎЁ' ROW_FORMAT = DYNAMIC;

-- ----------------------------
-- Records of community_suggestion
-- ----------------------------

-- ----------------------------
-- Table structure for community_survey
-- ----------------------------
DROP TABLE IF EXISTS `community_survey`;
CREATE TABLE `community_survey`  (
  `id` bigint NOT NULL AUTO_INCREMENT COMMENT 'дё»й”®',
  `user_id` bigint NOT NULL COMMENT 'з”ЁжҲ·ID',
  `rating` int NOT NULL COMMENT 'ж•ҙдҪ“ж»Ўж„ҸеәҰпјҲ1-5жҳҹпјү',
  `services` text CHARACTER SET utf8mb4 COLLATE utf8mb4_0900_ai_ci NOT NULL COMMENT 'е…·дҪ“жңҚеҠЎиҜ„д»·пјҲJSONж јејҸпјү',
  `suggestion` text CHARACTER SET utf8mb4 COLLATE utf8mb4_0900_ai_ci NULL COMMENT 'е»әи®®е’Ңж„Ҹи§Ғ',
  `create_time` datetime NULL DEFAULT CURRENT_TIMESTAMP COMMENT 'еҲӣе»әж—¶й—ҙ',
  `update_time` datetime NULL DEFAULT CURRENT_TIMESTAMP ON UPDATE CURRENT_TIMESTAMP COMMENT 'жӣҙж–°ж—¶й—ҙ',
  PRIMARY KEY (`id`) USING BTREE,
  INDEX `idx_user_id`(`user_id` ASC) USING BTREE
) ENGINE = InnoDB AUTO_INCREMENT = 3 CHARACTER SET = utf8mb4 COLLATE = utf8mb4_0900_ai_ci COMMENT = 'ж»Ўж„ҸеәҰи°ғжҹҘиЎЁ' ROW_FORMAT = Dynamic;
/*
 Navicat Premium Dump SQL

 Source Server         : localhost
 Source Server Type    : MySQL
 Source Server Version : 80027 (8.0.27)
 Source Host           : localhost:3306
 Source Schema         : ry-community

 Target Server Type    : MySQL
 Target Server Version : 80027 (8.0.27)
 File Encoding         : 65001

 Date: 28/03/2026 15:11:08
*/

SET NAMES utf8mb4;
SET FOREIGN_KEY_CHECKS = 0;

-- ----------------------------
-- Table structure for community_complaint
-- ----------------------------
DROP TABLE IF EXISTS `community_complaint`;
CREATE TABLE `community_complaint`  (
  `id` bigint NOT NULL AUTO_INCREMENT COMMENT 'дё»й”®ID',
  `user_id` bigint NOT NULL COMMENT 'жҠ•иҜүдәәIDпјҲе…іиҒ”sys_userиЎЁidпјү',
  `user_name` varchar(50) CHARACTER SET utf8mb4 COLLATE utf8mb4_0900_ai_ci NOT NULL COMMENT 'жҠ•иҜүдәәе§“еҗҚпјҲеҶ—дҪҷпјү',
  `user_phone` varchar(20) CHARACTER SET utf8mb4 COLLATE utf8mb4_0900_ai_ci NULL DEFAULT '' COMMENT 'жҠ•иҜүдәәжүӢжңәеҸ·пјҲеҶ—дҪҷпјү',
  `complaint_title` varchar(100) CHARACTER SET utf8mb4 COLLATE utf8mb4_0900_ai_ci NOT NULL COMMENT 'жҠ•иҜүж Үйўҳ',
  `complaint_content` text CHARACTER SET utf8mb4 COLLATE utf8mb4_0900_ai_ci NOT NULL COMMENT 'жҠ•иҜүеҶ…е®№',
  `complaint_type` varchar(30) CHARACTER SET utf8mb4 COLLATE utf8mb4_0900_ai_ci NOT NULL COMMENT 'жҠ•иҜүзұ»еһӢпјҲenvironment:зҺҜеўғй—®йўҳ, security:е®үе…Ёй—®йўҳ, service:жңҚеҠЎй—®йўҳ, noise:еҷӘйҹій—®йўҳпјү',
  `complaint_status` varchar(20) CHARACTER SET utf8mb4 COLLATE utf8mb4_0900_ai_ci NOT NULL COMMENT 'жҠ•иҜүзҠ¶жҖҒпјҲpending:еҫ…еӨ„зҗҶ, processing:еӨ„зҗҶдёӯ, resolved:е·Іи§ЈеҶі, rejected:е·Ій©іеӣһпјү',
  `handle_user_id` bigint NULL DEFAULT NULL COMMENT 'еӨ„зҗҶдәәIDпјҲе…іиҒ”sys_userиЎЁidпјү',
  `handle_user_name` varchar(50) CHARACTER SET utf8mb4 COLLATE utf8mb4_0900_ai_ci NULL DEFAULT '' COMMENT 'еӨ„зҗҶдәәе§“еҗҚпјҲеҶ—дҪҷпјү',
  `handle_result` varchar(500) CHARACTER SET utf8mb4 COLLATE utf8mb4_0900_ai_ci NULL DEFAULT '' COMMENT 'еӨ„зҗҶз»“жһң',
  `handle_time` datetime NULL DEFAULT NULL COMMENT 'еӨ„зҗҶж—¶й—ҙ',
  `create_by` varchar(64) CHARACTER SET utf8mb4 COLLATE utf8mb4_0900_ai_ci NULL DEFAULT '' COMMENT 'еҲӣе»әдәә',
  `create_time` datetime NULL DEFAULT CURRENT_TIMESTAMP COMMENT 'еҲӣе»әж—¶й—ҙ',
  `update_by` varchar(64) CHARACTER SET utf8mb4 COLLATE utf8mb4_0900_ai_ci NULL DEFAULT '' COMMENT 'дҝ®ж”№дәә',
  `update_time` datetime NULL DEFAULT CURRENT_TIMESTAMP ON UPDATE CURRENT_TIMESTAMP COMMENT 'дҝ®ж”№ж—¶й—ҙ',
  `remark` varchar(500) CHARACTER SET utf8mb4 COLLATE utf8mb4_0900_ai_ci NULL DEFAULT '' COMMENT 'еӨҮжіЁдҝЎжҒҜ',
  PRIMARY KEY (`id`) USING BTREE,
  INDEX `idx_user_id`(`user_id` ASC) USING BTREE COMMENT 'жҷ®йҖҡзҙўеј•пјҡжҠ•иҜүдәәID',
  INDEX `idx_handle_user_id`(`handle_user_id` ASC) USING BTREE COMMENT 'жҷ®йҖҡзҙўеј•пјҡеӨ„зҗҶдәәID',
  INDEX `idx_complaint_type_status`(`complaint_type` ASC, `complaint_status` ASC) USING BTREE COMMENT 'еӨҚеҗҲзҙўеј•пјҡжҠ•иҜүзұ»еһӢ+зҠ¶жҖҒ',
  INDEX `idx_create_time`(`create_time` ASC) USING BTREE COMMENT 'жҷ®йҖҡзҙўеј•пјҡжҠ•иҜүж—¶й—ҙ'
) ENGINE = InnoDB AUTO_INCREMENT = 7 CHARACTER SET = utf8mb4 COLLATE = utf8mb4_0900_ai_ci COMMENT = 'е°ҸеҢәжҠ•иҜүз®ЎзҗҶиЎЁ' ROW_FORMAT = DYNAMIC;

-- ----------------------------
-- Records of community_complaint
-- ----------------------------
INSERT INTO `community_complaint` VALUES (1, 1, 'еј дёү', '13800138000', 'е°ҸеҢәеһғеңҫжЎ¶жңӘеҸҠж—¶жё…зҗҶ', '1еҸ·жҘјжҘјдёӢзҡ„еһғеңҫжЎ¶иҝһз»ӯ3еӨ©жңӘжё…зҗҶпјҢејӮе‘ідёҘйҮҚпјҢеҪұе“Қеұ…ж°‘з”ҹжҙ»', 'environment', 'resolved', 10, 'зү©дёҡз®ЎзҗҶе‘ҳ', 'е·Іе®үжҺ’дҝқжҙҒдәәе‘ҳжё…зҗҶпјҢе№¶и°ғж•ҙеһғеңҫжЎ¶жё…зҗҶйў‘ж¬ЎдёәжҜҸж—Ҙ2ж¬Ў', '2026-03-10 11:20:00', 'admin', '2026-03-18 18:06:43', 'admin', '2026-03-18 18:06:43', 'зҺҜеўғзұ»жҠ•иҜүпјҢе·Іи§ЈеҶі');
INSERT INTO `community_complaint` VALUES (2, 2, 'жқҺеӣӣ', '13900139000', 'е°ҸеҢәй—ЁзҰҒжҚҹеқҸ', '2еҸ·жҘјеҚ•е…ғй—ЁзҰҒж— жі•жӯЈеёёе…ій—ӯпјҢеӯҳеңЁе®үе…ЁйҡҗжӮЈ', 'security', 'processing', 10, 'зү©дёҡз®ЎзҗҶе‘ҳ', '', NULL, 'admin', '2026-03-18 18:06:43', 'admin', '2026-03-18 18:06:43', 'е®үе…Ёзұ»жҠ•иҜүпјҢеӨ„зҗҶдёӯ');
INSERT INTO `community_complaint` VALUES (3, 3, 'зҺӢдә”', '13700137000', 'зү©дёҡе®ўжңҚжҖҒеәҰе·®', 'иҮҙз”өе’ЁиҜўзү©дёҡиҙ№й—®йўҳж—¶пјҢе®ўжңҚдәәе‘ҳиҜӯж°”дёҚиҖҗзғҰпјҢжңӘи§Јзӯ”жё…жҘҡй—®йўҳ', 'service', 'pending', NULL, '', '', NULL, 'admin', '2026-03-18 18:06:43', 'admin', '2026-03-18 18:06:43', 'жңҚеҠЎзұ»жҠ•иҜүпјҢеҫ…еӨ„зҗҶ');
INSERT INTO `community_complaint` VALUES (4, 1, 'еј дёү', '13800138000', 'еӨңй—ҙиЈ…дҝ®еҷӘйҹіжү°ж°‘', '3еҸ·жҘј2еҚ•е…ғ401е®ӨеӨңй—ҙ22зӮ№д»ҚеңЁиЈ…дҝ®пјҢеҷӘйҹіиҝҮеӨ§еҪұе“Қдј‘жҒҜ', 'noise', 'rejected', 10, 'зү©дёҡз®ЎзҗҶе‘ҳ', 'з»Ҹж ёе®һпјҢиЈ…дҝ®ж—¶й—ҙз¬ҰеҗҲе°ҸеҢәи§„е®ҡпјҲ08:00-22:00пјүпјҢдёҚдәҲеӨ„зҗҶ', '2026-03-12 09:15:00', 'admin', '2026-03-18 18:06:43', 'admin', '2026-03-18 18:06:43', 'еҷӘйҹізұ»жҠ•иҜүпјҢе·Ій©іеӣһ');
INSERT INTO `community_complaint` VALUES (5, 2, 'жқҺеӣӣ', '13900139000', 'е°ҸеҢәз»ҝеҢ–жөҮж°ҙдёҚеҸҠж—¶', 'е°ҸеҢәдёӯеҝғиҠұеӣӯзҡ„з»ҝжӨҚеӣ зјәж°ҙеҮәзҺ°жһҜиҗҺзҺ°иұЎ', 'environment', 'processing', 10, 'зү©дёҡз®ЎзҗҶе‘ҳ', '', NULL, 'admin', '2026-03-18 18:06:43', 'admin', '2026-03-18 18:06:43', 'зҺҜеўғзұ»жҠ•иҜүпјҢеӨ„зҗҶдёӯ');

SET FOREIGN_KEY_CHECKS = 1;
/*
 Navicat Premium Dump SQL

 Source Server         : localhost
 Source Server Type    : MySQL
 Source Server Version : 80027 (8.0.27)
 Source Host           : localhost:3306
 Source Schema         : ry-community

 Target Server Type    : MySQL
 Target Server Version : 80027 (8.0.27)
 File Encoding         : 65001

 Date: 28/03/2026 15:11:17
*/

SET NAMES utf8mb4;
SET FOREIGN_KEY_CHECKS = 0;

-- ----------------------------
-- Table structure for community_suggestion
-- ----------------------------
DROP TABLE IF EXISTS `community_suggestion`;
CREATE TABLE `community_suggestion`  (
  `suggestion_id` bigint NOT NULL AUTO_INCREMENT COMMENT 'е»әи®®ID',
  `user_id` bigint NOT NULL COMMENT 'жҸҗдәӨдәәIDпјҲе…іиҒ”sys_userиЎЁidпјү',
  `user_name` varchar(50) CHARACTER SET utf8mb4 COLLATE utf8mb4_0900_ai_ci NOT NULL COMMENT 'жҸҗдәӨдәәе§“еҗҚпјҲеҶ—дҪҷпјү',
  `user_phone` varchar(20) CHARACTER SET utf8mb4 COLLATE utf8mb4_0900_ai_ci NULL DEFAULT '' COMMENT 'жҸҗдәӨдәәжүӢжңәеҸ·пјҲеҶ—дҪҷпјү',
  `title` varchar(255) CHARACTER SET utf8mb4 COLLATE utf8mb4_0900_ai_ci NULL DEFAULT NULL COMMENT 'е»әи®®ж Үйўҳ',
  `content` text CHARACTER SET utf8mb4 COLLATE utf8mb4_0900_ai_ci NULL COMMENT 'е»әи®®еҶ…е®№',
  `images` varchar(500) CHARACTER SET utf8mb4 COLLATE utf8mb4_0900_ai_ci NULL DEFAULT NULL COMMENT 'дёҠдј еӣҫзүҮең°еқҖпјҲйҖ—еҸ·еҲҶйҡ”пјү',
  `status` char(1) CHARACTER SET utf8mb4 COLLATE utf8mb4_0900_ai_ci NULL DEFAULT '0' COMMENT 'зҠ¶жҖҒ 0жңӘеӨ„зҗҶ 1е·ІеӨ„зҗҶ',
  `handle_user_id` bigint NULL DEFAULT NULL COMMENT 'еӨ„зҗҶдәәIDпјҲе…іиҒ”sys_userиЎЁidпјү',
  `handle_user_name` varchar(50) CHARACTER SET utf8mb4 COLLATE utf8mb4_0900_ai_ci NULL DEFAULT '' COMMENT 'еӨ„зҗҶдәәе§“еҗҚпјҲеҶ—дҪҷпјү',
  `handle_result` varchar(500) CHARACTER SET utf8mb4 COLLATE utf8mb4_0900_ai_ci NULL DEFAULT '' COMMENT 'еӨ„зҗҶз»“жһң',
  `handle_time` datetime NULL DEFAULT NULL COMMENT 'еӨ„зҗҶж—¶й—ҙ',
  `create_by` varchar(64) CHARACTER SET utf8mb4 COLLATE utf8mb4_0900_ai_ci NULL DEFAULT '' COMMENT 'еҲӣе»әдәә',
  `create_time` datetime NULL DEFAULT CURRENT_TIMESTAMP COMMENT 'еҲӣе»әж—¶й—ҙ',
  `update_by` varchar(64) CHARACTER SET utf8mb4 COLLATE utf8mb4_0900_ai_ci NULL DEFAULT '' COMMENT 'дҝ®ж”№дәә',
  `update_time` datetime NULL DEFAULT CURRENT_TIMESTAMP ON UPDATE CURRENT_TIMESTAMP COMMENT 'дҝ®ж”№ж—¶й—ҙ',
  `remark` varchar(500) CHARACTER SET utf8mb4 COLLATE utf8mb4_0900_ai_ci NULL DEFAULT '' COMMENT 'еӨҮжіЁдҝЎжҒҜ',
  PRIMARY KEY (`suggestion_id`) USING BTREE,
  INDEX `idx_user_id`(`user_id` ASC) USING BTREE COMMENT 'жҷ®йҖҡзҙўеј•пјҡжҸҗдәӨдәәID',
  INDEX `idx_handle_user_id`(`handle_user_id` ASC) USING BTREE COMMENT 'жҷ®йҖҡзҙўеј•пјҡеӨ„зҗҶдәәID',
  INDEX `idx_create_time`(`create_time` ASC) USING BTREE COMMENT 'жҷ®йҖҡзҙўеј•пјҡжҸҗдәӨж—¶й—ҙ'
) ENGINE = InnoDB AUTO_INCREMENT = 3 CHARACTER SET = utf8mb4 COLLATE = utf8mb4_0900_ai_ci COMMENT = 'е»әи®®еҸҚйҰҲдҝЎжҒҜиЎЁ' ROW_FORMAT = Dynamic;

-- ----------------------------
-- Records of community_suggestion
-- ----------------------------

SET FOREIGN_KEY_CHECKS = 1;


-- ----------------------------
-- Records of community_survey
-- ----------------------------
INSERT INTO `community_survey` VALUES (1, 1, 4, '[{\"name\":\"зӨҫеҢәзҺҜеўғ\",\"rating\":4},{\"name\":\"зү©дёҡжңҚеҠЎ\",\"rating\":4},{\"name\":\"жҙ»еҠЁз»„з»Ү\",\"rating\":4},{\"name\":\"е®үе…Ёз®ЎзҗҶ\",\"rating\":1},{\"name\":\"дҫҝж°‘жңҚеҠЎ\",\"rating\":4}]', '1', '2026-04-06 13:08:16', '2026-04-06 13:08:16');
INSERT INTO `community_survey` VALUES (2, 1, 4, '[{\"name\":\"зӨҫеҢәзҺҜеўғ\",\"rating\":4},{\"name\":\"зү©дёҡжңҚеҠЎ\",\"rating\":4},{\"name\":\"жҙ»еҠЁз»„з»Ү\",\"rating\":4},{\"name\":\"е®үе…Ёз®ЎзҗҶ\",\"rating\":3},{\"name\":\"дҫҝж°‘жңҚеҠЎ\",\"rating\":4}]', '1', '2026-04-06 23:32:58', '2026-04-06 23:32:58');

-- ----------------------------
-- Table structure for community_takeout
-- ----------------------------
DROP TABLE IF EXISTS `community_takeout`;
CREATE TABLE `community_takeout`  (
  `id` bigint NOT NULL AUTO_INCREMENT COMMENT 'дё»й”®ID',
  `user_id` bigint NOT NULL COMMENT 'з”ЁжҲ·IDпјҲе…іиҒ”sys_userиЎЁuser_idпјү',
  `user_name` varchar(50) CHARACTER SET utf8mb4 COLLATE utf8mb4_0900_ai_ci NOT NULL COMMENT 'з”ЁжҲ·е§“еҗҚпјҲеҶ—дҪҷпјҢе…іиҒ”sys_userиЎЁnick_nameпјү',
  `user_phone` varchar(20) CHARACTER SET utf8mb4 COLLATE utf8mb4_0900_ai_ci NOT NULL COMMENT 'з”ЁжҲ·жүӢжңәеҸ·пјҲеҶ—дҪҷпјҢе…іиҒ”sys_userиЎЁphonenumberпјү',
  `user_room` varchar(50) CHARACTER SET utf8mb4 COLLATE utf8mb4_0900_ai_ci NULL DEFAULT '' COMMENT 'з”ЁжҲ·жҲҝеҸ·пјҲеҶ—дҪҷпјҢдёҺзӨҫеҢәе…¶д»–иЎЁдҝқжҢҒдёҖиҮҙпјү',
  `order_no` varchar(64) CHARACTER SET utf8mb4 COLLATE utf8mb4_0900_ai_ci NOT NULL COMMENT 'и®ўеҚ•еҸ·пјҲе”ҜдёҖпјү',
  `shop_name` varchar(100) CHARACTER SET utf8mb4 COLLATE utf8mb4_0900_ai_ci NOT NULL COMMENT 'е•Ҷе®¶еҗҚз§°',
  `shop_phone` varchar(20) CHARACTER SET utf8mb4 COLLATE utf8mb4_0900_ai_ci NULL DEFAULT '' COMMENT 'е•Ҷе®¶з”өиҜқ',
  `total_amount` decimal(10, 2) NOT NULL COMMENT 'и®ўеҚ•жҖ»йҮ‘йўқ',
  `delivery_fee` decimal(10, 2) NULL DEFAULT 0.00 COMMENT 'й…ҚйҖҒиҙ№',
  `actual_amount` decimal(10, 2) NOT NULL COMMENT 'е®һд»ҳйҮ‘йўқ',
  `order_status` varchar(20) CHARACTER SET utf8mb4 COLLATE utf8mb4_0900_ai_ci NOT NULL COMMENT 'и®ўеҚ•зҠ¶жҖҒпјҲpending:еҫ…ж”Ҝд»ҳ, paid:е·Іж”Ҝд»ҳ, preparing:еӨҮйӨҗдёӯ, delivering:й…ҚйҖҒдёӯ, completed:е·Іе®ҢжҲҗ, cancelled:е·ІеҸ–ж¶Ҳ, refunding:йҖҖж¬ҫдёӯпјү',
  `payment_method` varchar(20) CHARACTER SET utf8mb4 COLLATE utf8mb4_0900_ai_ci NULL DEFAULT '' COMMENT 'ж”Ҝд»ҳж–№ејҸпјҲwechat:еҫ®дҝЎ, alipay:ж”Ҝд»ҳе®қ, card:еҲ·еҚЎпјү',
  `payment_time` datetime NULL DEFAULT NULL COMMENT 'ж”Ҝд»ҳж—¶й—ҙ',
  `delivery_time` datetime NULL DEFAULT NULL COMMENT 'йў„и®ЎйҖҒиҫҫж—¶й—ҙ',
  `actual_delivery_time` datetime NULL DEFAULT NULL COMMENT 'е®һйҷ…йҖҒиҫҫж—¶й—ҙ',
  `delivery_address` varchar(200) CHARACTER SET utf8mb4 COLLATE utf8mb4_0900_ai_ci NOT NULL COMMENT 'й…ҚйҖҒең°еқҖ',
  `remark` varchar(500) CHARACTER SET utf8mb4 COLLATE utf8mb4_0900_ai_ci NULL DEFAULT '' COMMENT 'и®ўеҚ•еӨҮжіЁ',
  `cancel_reason` varchar(500) CHARACTER SET utf8mb4 COLLATE utf8mb4_0900_ai_ci NULL DEFAULT '' COMMENT 'еҸ–ж¶ҲеҺҹеӣ ',
  `reservation_id` bigint NULL DEFAULT NULL COMMENT 'е…іиҒ”йў„зәҰIDпјҲе…іиҒ”community_reservationиЎЁidпјҢеҸҜйҖүпјү',
  `complaint_id` bigint NULL DEFAULT NULL COMMENT 'е…іиҒ”жҠ•иҜүIDпјҲе…іиҒ”community_complaintиЎЁidпјҢеҸҜйҖүпјү',
  `create_by` varchar(64) CHARACTER SET utf8mb4 COLLATE utf8mb4_0900_ai_ci NULL DEFAULT '' COMMENT 'еҲӣе»әдәә',
  `create_time` datetime NULL DEFAULT CURRENT_TIMESTAMP COMMENT 'еҲӣе»әж—¶й—ҙ',
  `update_by` varchar(64) CHARACTER SET utf8mb4 COLLATE utf8mb4_0900_ai_ci NULL DEFAULT '' COMMENT 'дҝ®ж”№дәә',
  `update_time` datetime NULL DEFAULT CURRENT_TIMESTAMP ON UPDATE CURRENT_TIMESTAMP COMMENT 'дҝ®ж”№ж—¶й—ҙ',
  PRIMARY KEY (`id`) USING BTREE,
  UNIQUE INDEX `idx_order_no`(`order_no` ASC) USING BTREE COMMENT 'е”ҜдёҖзҙўеј•пјҡи®ўеҚ•еҸ·',
  INDEX `idx_user_id`(`user_id` ASC) USING BTREE COMMENT 'жҷ®йҖҡзҙўеј•пјҡз”ЁжҲ·IDпјҲе…іиҒ”sys_userиЎЁпјү',
  INDEX `idx_order_status`(`order_status` ASC) USING BTREE COMMENT 'жҷ®йҖҡзҙўеј•пјҡи®ўеҚ•зҠ¶жҖҒ',
  INDEX `idx_create_time`(`create_time` ASC) USING BTREE COMMENT 'жҷ®йҖҡзҙўеј•пјҡеҲӣе»әж—¶й—ҙ',
  INDEX `idx_user_id_status`(`user_id` ASC, `order_status` ASC) USING BTREE COMMENT 'еӨҚеҗҲзҙўеј•пјҡз”ЁжҲ·ID+и®ўеҚ•зҠ¶жҖҒ',
  INDEX `idx_reservation_id`(`reservation_id` ASC) USING BTREE COMMENT 'жҷ®йҖҡзҙўеј•пјҡе…іиҒ”йў„зәҰIDпјҲе…іиҒ”community_reservationиЎЁпјү',
  INDEX `idx_complaint_id`(`complaint_id` ASC) USING BTREE COMMENT 'жҷ®йҖҡзҙўеј•пјҡе…іиҒ”жҠ•иҜүIDпјҲе…іиҒ”community_complaintиЎЁпјү'
) ENGINE = InnoDB AUTO_INCREMENT = 16 CHARACTER SET = utf8mb4 COLLATE = utf8mb4_0900_ai_ci COMMENT = 'е°ҸеҢәеӨ–еҚ–и®ўеҚ•иЎЁ' ROW_FORMAT = DYNAMIC;

-- ----------------------------
-- Records of community_takeout
-- ----------------------------
INSERT INTO `community_takeout` VALUES (1, 1, 'иӢҘдҫқ', '15888888888', '1еҸ·жҘј1еҚ•е…ғ101е®Ө', 'TO202603200001', 'е·қж№ҳдәәе®¶', '021-12345678', 68.00, 5.00, 73.00, 'completed', 'wechat', '2026-03-20 12:05:23', '2026-03-20 12:30:00', '2026-03-20 12:28:00', '1еҸ·жҘј1еҚ•е…ғ101е®Ө', 'еӨҡж”ҫиҫЈжӨ’пјҢдёҚиҰҒйҰҷиҸң', '', NULL, NULL, 'admin', '2026-03-20 11:30:00', 'admin', '2026-03-20 12:28:00');
INSERT INTO `community_takeout` VALUES (2, 1, 'иӢҘдҫқ', '15888888888', '1еҸ·жҘј1еҚ•е…ғ101е®Ө', 'TO202603200002', 'йәҰеҪ“еҠі', '021-87654321', 45.50, 7.00, 52.50, 'delivering', 'alipay', '2026-03-20 18:15:30', '2026-03-20 18:50:00', NULL, '1еҸ·жҘј1еҚ•е…ғ101е®Ө', 'еҸҜд№җеҺ»еҶ°', '', NULL, NULL, 'admin', '2026-03-20 18:00:00', 'admin', '2026-03-20 18:15:30');
INSERT INTO `community_takeout` VALUES (3, 2, 'иӢҘдҫқ', '15666666666', '2еҸ·жҘј3еҚ•е…ғ502е®Ө', 'TO202603200003', 'жө·еә•жҚһзҒ«й”…', '021-11223344', 328.00, 0.00, 328.00, 'preparing', 'wechat', '2026-03-20 17:30:15', '2026-03-20 19:00:00', NULL, '2еҸ·жҘј3еҚ•е…ғ502е®Ө', 'иҰҒйёійёҜй”…пјҢз•ӘиҢ„+йә»иҫЈ', '', 5, NULL, 'admin', '2026-03-20 17:15:00', 'admin', '2026-03-20 17:30:15');
INSERT INTO `community_takeout` VALUES (4, 2, 'иӢҘдҫқ', '15666666666', '2еҸ·жҘј3еҚ•е…ғ502е®Ө', 'TO202603200004', 'е…°е·һжӢүйқў', '021-55667788', 28.00, 3.00, 31.00, 'paid', 'alipay', '2026-03-20 11:45:00', '2026-03-20 12:20:00', NULL, '2еҸ·жҘј3еҚ•е…ғ502е®Ө', 'еӨҡеҠ дёҖд»ҪзүӣиӮү', '', NULL, NULL, 'admin', '2026-03-20 11:30:00', 'admin', '2026-03-20 11:45:00');
INSERT INTO `community_takeout` VALUES (5, 2, 'иӢҘдҫқ', '15666666666', '2еҸ·жҘј3еҚ•е…ғ502е®Ө', 'TO202603200005', 'еҝ…иғңе®ў', '021-99887766', 158.00, 8.00, 166.00, 'pending', '', NULL, '2026-03-20 19:30:00', NULL, '2еҸ·жҘј3еҚ•е…ғ502е®Ө', 'жҠ«иҗЁеӨҡеҠ иҠқеЈ«', '', NULL, NULL, 'admin', '2026-03-20 18:50:00', 'admin', '2026-03-20 18:50:00');
INSERT INTO `community_takeout` VALUES (6, 1, 'иӢҘдҫқ', '15888888888', '1еҸ·жҘј1еҚ•е…ғ101е®Ө', 'TO202603200006', 'ж°ёе’ҢеӨ§зҺӢ', '021-44332211', 42.00, 4.00, 46.00, 'cancelled', 'wechat', '2026-03-19 12:10:00', '2026-03-19 12:40:00', NULL, '1еҸ·жҘј1еҚ•е…ғ101е®Ө', 'иұҶжөҶиҰҒз”ңиұҶжөҶ', 'дёӢеҚ•еҗҺ15еҲҶй’ҹеҸ–ж¶Ҳ', NULL, NULL, 'admin', '2026-03-19 11:55:00', 'admin', '2026-03-19 12:10:00');
INSERT INTO `community_takeout` VALUES (7, 1, 'иӢҘдҫқ', '15888888888', '1еҸ·жҘј1еҚ•е…ғ101е®Ө', 'TO202603200007', 'иӮҜеҫ·еҹә', '021-66554433', 89.50, 6.00, 95.50, 'completed', 'card', '2026-03-19 19:20:15', '2026-03-19 19:45:00', '2026-03-19 19:42:00', '1еҸ·жҘј1еҚ•е…ғ101е®Ө', 'е…Ёе®¶жЎ¶еӨҡиҰҒз•ӘиҢ„й…ұ', '', NULL, NULL, 'admin', '2026-03-19 18:55:00', 'admin', '2026-03-19 19:42:00');
INSERT INTO `community_takeout` VALUES (8, 2, 'иӢҘдҫқ', '15666666666', '2еҸ·жҘј3еҚ•е…ғ502е®Ө', 'TO202603200008', 'жҳҹе·ҙе…Ӣ', '021-33221144', 78.00, 5.00, 83.00, 'completed', 'wechat', '2026-03-19 14:05:30', '2026-03-19 14:35:00', '2026-03-19 14:32:00', '2еҸ·жҘј3еҚ•е…ғ502е®Ө', 'жӢҝй“Ғе°‘зі–пјҢеӨҡеҠ дёҖд»Ҫжө“зј©', '', NULL, NULL, 'admin', '2026-03-19 13:50:00', 'admin', '2026-03-19 14:32:00');
INSERT INTO `community_takeout` VALUES (9, 2, 'иӢҘдҫқ', '15666666666', '2еҸ·жҘј3еҚ•е…ғ502е®Ө', 'TO202603200009', 'зңҹеҠҹеӨ«', '021-55446677', 56.00, 4.00, 60.00, 'refunding', 'alipay', '2026-03-19 12:20:00', '2026-03-19 12:55:00', NULL, '2еҸ·жҘј3еҚ•е…ғ502е®Ө', 'зұійҘӯиҰҒиҪҜдёҖзӮ№', 'йҖҒй”ҷйӨҗе“ҒпјҢз”іиҜ·йҖҖж¬ҫдёӯ', NULL, 2, 'admin', '2026-03-19 12:00:00', 'admin', '2026-03-19 12:20:00');
INSERT INTO `community_takeout` VALUES (10, 1, 'иӢҘдҫқ', '15888888888', '1еҸ·жҘј1еҚ•е…ғ101е®Ө', 'TO202603200010', 'е–ңиҢ¶', '021-77889900', 48.00, 5.00, 53.00, 'delivering', 'wechat', '2026-03-20 15:25:00', '2026-03-20 16:00:00', NULL, '1еҸ·жҘј1еҚ•е…ғ101е®Ө', 'еӨҡиӮүи‘Ўиҗ„пјҢе°‘зі–е°‘еҶ°', '', NULL, NULL, 'admin', '2026-03-20 15:10:00', 'admin', '2026-03-20 15:25:00');
INSERT INTO `community_takeout` VALUES (11, 1, 'иӢҘдҫқ', '15888888888', '1еҸ·жҘј1еҚ•е…ғ101е®Ө', 'TO202603200011', 'жІҷеҺҝе°Ҹеҗғ', '021-66778899', 35.00, 0.00, 35.00, 'completed', 'wechat', '2026-03-18 12:30:00', '2026-03-18 13:00:00', '2026-03-18 12:55:00', '1еҸ·жҘј1еҚ•е…ғ101е®Ө', 'жӢҢйқўеӨҡеҠ иҠұз”ҹй…ұ', '', NULL, NULL, 'admin', '2026-03-18 12:15:00', 'admin', '2026-03-18 12:55:00');
INSERT INTO `community_takeout` VALUES (12, 2, 'иӢҘдҫқ', '15666666666', '2еҸ·жҘј3еҚ•е…ғ502е®Ө', 'TO202603200012', 'еҘҲйӣӘзҡ„иҢ¶', '021-44556677', 62.00, 6.00, 68.00, 'completed', 'alipay', '2026-03-18 16:45:30', '2026-03-18 17:20:00', '2026-03-18 17:15:00', '2еҸ·жҘј3еҚ•е…ғ502е®Ө', 'йңёж°”иҠқеЈ«иҚүиҺ“пјҢе°‘зі–', '', NULL, NULL, 'admin', '2026-03-18 16:20:00', 'admin', '2026-03-18 17:15:00');
INSERT INTO `community_takeout` VALUES (13, 1, 'иӢҘдҫқ', '15888888888', '1еҸ·жҘј1еҚ•е…ғ101е®Ө', 'TO202603200013', 'еӨ§еЁҳж°ҙйҘә', '021-22334455', 42.00, 3.00, 45.00, 'paid', 'card', '2026-03-20 09:50:00', '2026-03-20 10:30:00', NULL, '1еҸ·жҘј1еҚ•е…ғ101е®Ө', 'зҷҪиҸңзҢӘиӮүйҰ…20дёӘпјҢиҠ№иҸңзҢӘиӮүйҰ…15дёӘ', '', NULL, NULL, 'admin', '2026-03-20 09:35:00', 'admin', '2026-03-20 09:50:00');
INSERT INTO `community_takeout` VALUES (14, 2, 'иӢҘдҫқ', '15666666666', '2еҸ·жҘј3еҚ•е…ғ502е®Ө', 'TO202603200014', 'иҖҒеЁҳиҲ…', '021-99880011', 88.00, 5.00, 93.00, 'preparing', 'wechat', '2026-03-20 11:20:00', '2026-03-20 12:10:00', NULL, '2еҸ·жҘј3еҚ•е…ғ502е®Ө', 'йұјйҰҷиӮүдёқеҘ—йӨҗпјҢеӨҡеҠ зұійҘӯ', '', 4, NULL, 'admin', '2026-03-20 11:00:00', 'admin', '2026-03-20 11:20:00');
INSERT INTO `community_takeout` VALUES (15, 2, 'иӢҘдҫқ', '15666666666', '2еҸ·жҘј3еҚ•е…ғ502е®Ө', 'TO202603200015', 'иҘҝиҙқиҺңйқўжқ‘', '021-55669988', 156.00, 8.00, 164.00, 'pending', '', NULL, '2026-03-20 20:00:00', NULL, '2еҸ·жҘј3еҚ•е…ғ502е®Ө', 'еҮүзҡ®дёҖд»ҪпјҢзҫҠиӮүдёІ5дёІ', '', NULL, 3, 'admin', '2026-03-20 19:20:00', 'admin', '2026-03-20 19:20:00');

-- ----------------------------
-- Table structure for community_task
-- ----------------------------
DROP TABLE IF EXISTS `community_task`;
CREATE TABLE `community_task`  (
  `task_id` bigint NOT NULL AUTO_INCREMENT COMMENT 'д»»еҠЎID',
  `task_name` varchar(100) CHARACTER SET utf8mb4 COLLATE utf8mb4_0900_ai_ci NOT NULL COMMENT 'д»»еҠЎеҗҚз§°',
  `task_desc` varchar(255) CHARACTER SET utf8mb4 COLLATE utf8mb4_0900_ai_ci NULL DEFAULT NULL COMMENT 'д»»еҠЎжҸҸиҝ°',
  `task_type` varchar(20) CHARACTER SET utf8mb4 COLLATE utf8mb4_0900_ai_ci NOT NULL COMMENT 'д»»еҠЎзұ»еһӢ: daily-ж—Ҙеёёд»»еҠЎ, special-дё“еұһд»»еҠЎ',
  `task_icon` varchar(50) CHARACTER SET utf8mb4 COLLATE utf8mb4_0900_ai_ci NULL DEFAULT NULL COMMENT 'д»»еҠЎеӣҫж Ү',
  `points_reward` int NOT NULL DEFAULT 0 COMMENT 'з§ҜеҲҶеҘ–еҠұ',
  `task_action` varchar(50) CHARACTER SET utf8mb4 COLLATE utf8mb4_0900_ai_ci NOT NULL COMMENT 'д»»еҠЎеҠЁдҪңж ҮиҜҶ: signin, post, comment, like, complete_profile, invite, survey, activity',
  `max_times` int NULL DEFAULT 1 COMMENT 'жҜҸж—ҘжңҖеӨ§е®ҢжҲҗж¬Ўж•°',
  `sort_order` int NULL DEFAULT 0 COMMENT 'жҺ’еәҸ',
  `status` char(1) CHARACTER SET utf8mb4 COLLATE utf8mb4_0900_ai_ci NULL DEFAULT '0' COMMENT 'зҠ¶жҖҒ: 0-еҗҜз”Ё, 1-зҰҒз”Ё',
  `create_time` datetime NULL DEFAULT CURRENT_TIMESTAMP COMMENT 'еҲӣе»әж—¶й—ҙ',
  `update_time` datetime NULL DEFAULT CURRENT_TIMESTAMP ON UPDATE CURRENT_TIMESTAMP COMMENT 'жӣҙж–°ж—¶й—ҙ',
  PRIMARY KEY (`task_id`) USING BTREE,
  INDEX `idx_type`(`task_type` ASC) USING BTREE,
  INDEX `idx_action`(`task_action` ASC) USING BTREE,
  INDEX `idx_status`(`status` ASC) USING BTREE
) ENGINE = InnoDB AUTO_INCREMENT = 17 CHARACTER SET = utf8mb4 COLLATE = utf8mb4_0900_ai_ci COMMENT = 'з§ҜеҲҶд»»еҠЎе®ҡд№үиЎЁ' ROW_FORMAT = DYNAMIC;

-- ----------------------------
-- Records of community_task
-- ----------------------------
INSERT INTO `community_task` VALUES (1, 'жҜҸж—ҘзӯҫеҲ°', 'жҜҸж—Ҙзҷ»еҪ•зӯҫеҲ°пјҢиҝһз»ӯзӯҫеҲ°еҘ–еҠұйҖ’еўһ', 'daily', 'рҹ“…', 5, 'signin', 1, 1, '0', '2026-04-03 02:07:15', '2026-04-03 02:07:15');
INSERT INTO `community_task` VALUES (2, 'зӨҫеҢәеҸ‘её–', 'еҸ‘еёғдёҖжқЎзӨҫеҢәеҠЁжҖҒ', 'daily', 'рҹ“қ', 10, 'post', 99, 2, '0', '2026-04-03 02:07:15', '2026-04-03 13:21:18');
INSERT INTO `community_task` VALUES (3, 'еҸ‘иЎЁиҜ„и®ә', 'еҜ№д»–дәәеҠЁжҖҒеҸ‘иЎЁиҜ„и®ә', 'daily', 'рҹ’¬', 5, 'comment', 99, 3, '0', '2026-04-03 02:07:15', '2026-04-03 13:20:50');
INSERT INTO `community_task` VALUES (4, 'зӮ№иөһдә’еҠЁ', 'дёәе–ңж¬ўзҡ„еҶ…е®№зӮ№иөһ', 'daily', 'рҹ‘Қ', 2, 'like', 10, 4, '0', '2026-04-03 02:07:15', '2026-04-03 02:07:15');
INSERT INTO `community_task` VALUES (5, 'е®Ңе–„иө„ж–ҷ', 'е®Ңе–„дёӘдәәиө„ж–ҷдҝЎжҒҜ', 'daily', 'рҹ‘Ө', 20, 'complete_profile', 1, 5, '0', '2026-04-03 02:07:15', '2026-04-03 02:07:15');
INSERT INTO `community_task` VALUES (6, 'йӮҖиҜ·йӮ»еұ…', 'жҲҗеҠҹйӮҖиҜ·дёҖдҪҚйӮ»еұ…жіЁеҶҢ', 'special', 'рҹӨқ', 50, 'invite', 999, 1, '0', '2026-04-03 02:07:15', '2026-04-03 02:07:15');
INSERT INTO `community_task` VALUES (7, 'ж»Ўж„ҸеәҰи°ғз ”', 'еҸӮдёҺзү©дёҡж»Ўж„ҸеәҰи°ғз ”', 'special', 'рҹ“Ҡ', 30, 'survey', 99, 2, '0', '2026-04-03 02:07:15', '2026-04-03 12:26:18');
INSERT INTO `community_task` VALUES (8, 'жҙ»еҠЁжҠҘеҗҚ', 'жҠҘеҗҚеҸӮеҠ зӨҫеҢәжҙ»еҠЁ', 'special', 'рҹҺҜ', 50, 'activity', 99, 3, '0', '2026-04-03 02:07:15', '2026-04-03 18:16:15');

-- ----------------------------
-- Table structure for community_user
-- ----------------------------
DROP TABLE IF EXISTS `community_user`;
CREATE TABLE `community_user`  (
  `id` bigint NOT NULL AUTO_INCREMENT COMMENT 'дё»й”®IDпјҲдҪҸжҲ·е”ҜдёҖж ҮиҜҶпјү',
  `name` varchar(32) CHARACTER SET utf8mb4 COLLATE utf8mb4_0900_ai_ci NOT NULL COMMENT 'дҪҸжҲ·е§“еҗҚ',
  `phone` varchar(11) CHARACTER SET utf8mb4 COLLATE utf8mb4_0900_ai_ci NOT NULL COMMENT 'жүӢжңәеҸ·пјҲ11дҪҚпјҢе”ҜдёҖпјү',
  `id_card` varchar(18) CHARACTER SET utf8mb4 COLLATE utf8mb4_0900_ai_ci NULL DEFAULT NULL COMMENT 'иә«д»ҪиҜҒеҸ·пјҲеҸҜйҖүпјҢи„ұж•ҸеӯҳеӮЁпјү',
  `gender` tinyint NULL DEFAULT NULL COMMENT 'жҖ§еҲ«пјҡ0-жңӘзҹҘпјҢ1-з”·пјҢ2-еҘі',
  `birthday` date NULL DEFAULT NULL COMMENT 'еҮәз”ҹж—Ҙжңҹ',
  `live_data` date NULL DEFAULT NULL COMMENT 'е…ҘдҪҸж—Ҙжңҹ',
  `specific_address` varchar(64) CHARACTER SET utf8mb4 COLLATE utf8mb4_0900_ai_ci NOT NULL COMMENT 'е…·дҪ“дҪҸеқҖпјҲеҰӮпјҡ3еҸ·жҘј2еҚ•е…ғ08е®Ө/10еҸ·жҘј1еҚ•е…ғ102е®Өпјү',
  `emergency_contact` varchar(32) CHARACTER SET utf8mb4 COLLATE utf8mb4_0900_ai_ci NULL DEFAULT NULL COMMENT 'зҙ§жҖҘиҒ”зі»дәәе§“еҗҚ',
  `emergency_phone` varchar(11) CHARACTER SET utf8mb4 COLLATE utf8mb4_0900_ai_ci NULL DEFAULT NULL COMMENT 'зҙ§жҖҘиҒ”зі»дәәжүӢжңәеҸ·',
  `create_time` datetime NOT NULL DEFAULT CURRENT_TIMESTAMP COMMENT 'еҲӣе»әж—¶й—ҙ',
  `update_time` datetime NOT NULL DEFAULT CURRENT_TIMESTAMP ON UPDATE CURRENT_TIMESTAMP COMMENT 'жӣҙж–°ж—¶й—ҙ',
  `create_by` varchar(64) CHARACTER SET utf8mb4 COLLATE utf8mb4_0900_ai_ci NULL DEFAULT NULL COMMENT 'еҲӣе»әдәә',
  `update_by` varchar(64) CHARACTER SET utf8mb4 COLLATE utf8mb4_0900_ai_ci NULL DEFAULT NULL COMMENT 'жӣҙж–°дәә',
  `remark` varchar(500) CHARACTER SET utf8mb4 COLLATE utf8mb4_0900_ai_ci NULL DEFAULT NULL COMMENT 'еӨҮжіЁпјҲеҰӮпјҡзү№ж®ҠйңҖжұӮгҖҒеӨҮжіЁдҝЎжҒҜпјү',
  `password` varchar(100) CHARACTER SET utf8mb4 COLLATE utf8mb4_0900_ai_ci NULL DEFAULT '' COMMENT 'еҜҶз Ғ',
  PRIMARY KEY (`id`) USING BTREE,
  UNIQUE INDEX `phone`(`phone` ASC) USING BTREE
) ENGINE = InnoDB AUTO_INCREMENT = 121 CHARACTER SET = utf8mb4 COLLATE = utf8mb4_0900_ai_ci COMMENT = 'дҪҸжҲ·дҝЎжҒҜиЎЁ' ROW_FORMAT = DYNAMIC;

-- ----------------------------
-- Records of community_user
-- ----------------------------
INSERT INTO `community_user` VALUES (1, 'еј дјҹ', '13800000001', '110101198501011234', 1, '1985-01-01', '2016-03-15', '1еҸ·жҘј1еҚ•е…ғ01е®Ө', 'жқҺеЁң', '13800000002', '2026-03-20 21:05:57', '2026-03-20 21:05:57', 'admin', NULL, 'ж— зү№ж®ҠйңҖжұӮ', '');
INSERT INTO `community_user` VALUES (2, 'жқҺеЁң', '13800000003', '110101198602022345', 2, '1986-02-02', '2016-07-20', '1еҸ·жҘј1еҚ•е…ғ02е®Ө', 'еј дјҹ', '13800000001', '2026-03-20 21:05:57', '2026-03-20 21:05:57', 'admin', NULL, 'ж— зү№ж®ҠйңҖжұӮ', '');
INSERT INTO `community_user` VALUES (3, 'зҺӢејә', '13800000005', '110101198703033456', 1, '1987-03-03', '2016-11-05', '1еҸ·жҘј2еҚ•е…ғ01е®Ө', 'еҲҳиҠі', '13800000006', '2026-03-20 21:05:57', '2026-03-20 21:05:57', 'admin', NULL, 'ж— зү№ж®ҠйңҖжұӮ', '');
INSERT INTO `community_user` VALUES (4, 'еҲҳиҠі', '13800000007', '110101198804044567', 2, '1988-04-04', '2016-12-30', '1еҸ·жҘј2еҚ•е…ғ02е®Ө', 'зҺӢејә', '13800000005', '2026-03-20 21:05:57', '2026-03-20 21:05:57', 'admin', NULL, 'ж— зү№ж®ҠйңҖжұӮ', '');
INSERT INTO `community_user` VALUES (5, 'йҷҲжҳҺ', '13800000009', '110101198905055678', 1, '1989-05-05', '2017-02-10', '2еҸ·жҘј1еҚ•е…ғ01е®Ө', 'иөөйқҷ', '13800000010', '2026-03-20 21:05:57', '2026-03-20 21:05:57', 'admin', NULL, 'ж— зү№ж®ҠйңҖжұӮ', '');
INSERT INTO `community_user` VALUES (6, 'иөөйқҷ', '13800000011', '110101199006066789', 2, '1990-06-06', '2017-06-25', '2еҸ·жҘј1еҚ•е…ғ02е®Ө', 'йҷҲжҳҺ', '13800000009', '2026-03-20 21:05:57', '2026-03-20 21:05:57', 'admin', NULL, 'ж— зү№ж®ҠйңҖжұӮ', '');
INSERT INTO `community_user` VALUES (7, 'жқЁжҙӢ', '13800000013', '110101199107077890', 1, '1991-07-07', '2017-10-12', '2еҸ·жҘј2еҚ•е…ғ01е®Ө', 'е‘Ёж•Ҹ', '13800000014', '2026-03-20 21:05:57', '2026-03-20 21:05:57', 'admin', NULL, 'ж— зү№ж®ҠйңҖжұӮ', '');
INSERT INTO `community_user` VALUES (8, 'е‘Ёж•Ҹ', '13800000015', '110101199208088901', 2, '1992-08-08', '2017-12-28', '2еҸ·жҘј2еҚ•е…ғ02е®Ө', 'жқЁжҙӢ', '13800000013', '2026-03-20 21:05:57', '2026-03-20 21:05:57', 'admin', NULL, 'ж— зү№ж®ҠйңҖжұӮ', '');
INSERT INTO `community_user` VALUES (9, 'еҗҙзЈҠ', '13800000017', '110101199309099012', 1, '1993-09-09', '2018-01-15', '3еҸ·жҘј1еҚ•е…ғ01е®Ө', 'йғ‘йӣӘ', '13800000018', '2026-03-20 21:05:57', '2026-03-20 21:05:57', 'admin', NULL, 'ж— зү№ж®ҠйңҖжұӮ', '');
INSERT INTO `community_user` VALUES (10, 'йғ‘йӣӘ', '13800000019', '110101199410100123', 2, '1994-10-10', '2018-05-22', '3еҸ·жҘј1еҚ•е…ғ02е®Ө', 'еҗҙзЈҠ', '13800000017', '2026-03-20 21:05:57', '2026-03-20 21:05:57', 'admin', NULL, 'ж— зү№ж®ҠйңҖжұӮ', '');
INSERT INTO `community_user` VALUES (11, 'еӯҷжө©', '13800000021', '110101199511111234', 1, '1995-11-11', '2018-09-08', '3еҸ·жҘј2еҚ•е…ғ01е®Ө', 'еҶҜе©·', '13800000022', '2026-03-20 21:05:57', '2026-03-20 21:05:57', 'admin', NULL, 'ж— зү№ж®ҠйңҖжұӮ', '');
INSERT INTO `community_user` VALUES (12, 'еҶҜе©·', '13800000023', '110101199612122345', 2, '1996-12-12', '2018-11-30', '3еҸ·жҘј2еҚ•е…ғ02е®Ө', 'еӯҷжө©', '13800000021', '2026-03-20 21:05:57', '2026-03-20 21:05:57', 'admin', NULL, 'ж— зү№ж®ҠйңҖжұӮ', '');
INSERT INTO `community_user` VALUES (13, 'й’ұи¶…', '13800000025', '110101199701133456', 1, '1997-01-13', '2019-03-05', '4еҸ·жҘј1еҚ•е…ғ01е®Ө', 'иӨҡдёҪ', '13800000026', '2026-03-20 21:05:57', '2026-03-20 21:05:57', 'admin', NULL, 'ж— зү№ж®ҠйңҖжұӮ', '');
INSERT INTO `community_user` VALUES (14, 'иӨҡдёҪ', '13800000027', '110101199802144567', 2, '1998-02-14', '2019-07-18', '4еҸ·жҘј1еҚ•е…ғ02е®Ө', 'й’ұи¶…', '13800000025', '2026-03-20 21:05:57', '2026-03-20 21:05:57', 'admin', NULL, 'ж— зү№ж®ҠйңҖжұӮ', '');
INSERT INTO `community_user` VALUES (15, 'еҚ«еі°', '13800000029', '110101199903155678', 1, '1999-03-15', '2019-10-20', '4еҸ·жҘј2еҚ•е…ғ01е®Ө', 'и’Ӣзҗі', '13800000030', '2026-03-20 21:05:57', '2026-03-20 21:05:57', 'admin', NULL, 'ж— зү№ж®ҠйңҖжұӮ', '');
INSERT INTO `community_user` VALUES (16, 'и’Ӣзҗі', '13800000031', '110101200004166789', 2, '2000-04-16', '2019-12-25', '4еҸ·жҘј2еҚ•е…ғ02е®Ө', 'еҚ«еі°', '13800000029', '2026-03-20 21:05:57', '2026-03-20 21:05:57', 'admin', NULL, 'ж— зү№ж®ҠйңҖжұӮ', '');
INSERT INTO `community_user` VALUES (17, 'жІҲйЈһ', '13800000033', '110101200105177890', 1, '2001-05-17', '2020-02-10', '5еҸ·жҘј1еҚ•е…ғ01е®Ө', 'йҹ©жў…', '13800000034', '2026-03-20 21:05:57', '2026-03-20 21:05:57', 'admin', NULL, 'ж— зү№ж®ҠйңҖжұӮ', '');
INSERT INTO `community_user` VALUES (18, 'йҹ©жў…', '13800000035', '110101200206188901', 2, '2002-06-18', '2020-06-15', '5еҸ·жҘј1еҚ•е…ғ02е®Ө', 'жІҲйЈһ', '13800000033', '2026-03-20 21:05:57', '2026-03-20 21:05:57', 'admin', NULL, 'ж— зү№ж®ҠйңҖжұӮ', '');
INSERT INTO `community_user` VALUES (19, 'е°ӨеӢҮ', '13800000037', '110101200307199012', 1, '2003-07-19', '2020-09-22', '5еҸ·жҘј2еҚ•е…ғ01е®Ө', 'и®ёжҷҙ', '13800000038', '2026-03-20 21:05:57', '2026-03-20 21:05:57', 'admin', NULL, 'ж— зү№ж®ҠйңҖжұӮ', '');
INSERT INTO `community_user` VALUES (20, 'и®ёжҷҙ', '13800000039', '110101200408200123', 2, '2004-08-20', '2020-12-05', '5еҸ·жҘј2еҚ•е…ғ02е®Ө', 'е°ӨеӢҮ', '13800000037', '2026-03-20 21:05:57', '2026-03-20 21:05:57', 'admin', NULL, 'ж— зү№ж®ҠйңҖжұӮ', '');
INSERT INTO `community_user` VALUES (21, 'дҪ•дҪі', '13800000041', '110101198409211234', 2, '1984-09-21', '2021-01-12', '6еҸ·жҘј1еҚ•е…ғ01е®Ө', 'еҗ•ејә', '13800000042', '2026-03-20 21:05:57', '2026-03-20 21:05:57', 'admin', NULL, 'ж— зү№ж®ҠйңҖжұӮ', '');
INSERT INTO `community_user` VALUES (22, 'еҗ•ејә', '13800000043', '110101198310222345', 1, '1983-10-22', '2021-03-25', '6еҸ·жҘј1еҚ•е…ғ02е®Ө', 'дҪ•дҪі', '13800000041', '2026-03-20 21:05:57', '2026-03-20 21:05:57', 'admin', NULL, 'ж— зү№ж®ҠйңҖжұӮ', '');
INSERT INTO `community_user` VALUES (23, 'ж–ҪжҙӢ', '13800000045', '110101198211233456', 1, '1982-11-23', '2021-05-30', '6еҸ·жҘј2еҚ•е…ғ01е®Ө', 'еј иҗҢ', '13800000046', '2026-03-20 21:05:57', '2026-03-20 21:05:57', 'admin', NULL, 'ж— зү№ж®ҠйңҖжұӮ', '');
INSERT INTO `community_user` VALUES (24, 'еј иҗҢ', '13800000047', '110101198112244567', 2, '1981-12-24', '2021-07-14', '6еҸ·жҘј2еҚ•е…ғ02е®Ө', 'ж–ҪжҙӢ', '13800000045', '2026-03-20 21:05:57', '2026-03-20 21:05:57', 'admin', NULL, 'ж— зү№ж®ҠйңҖжұӮ', '');
INSERT INTO `community_user` VALUES (25, 'еӯ”жқ°', '13800000049', '110101198001255678', 1, '1980-01-25', '2021-09-08', '7еҸ·жҘј1еҚ•е…ғ01е®Ө', 'жӣ№иҺү', '13800000050', '2026-03-20 21:05:57', '2026-03-20 21:05:57', 'admin', NULL, 'ж— зү№ж®ҠйңҖжұӮ', '');
INSERT INTO `community_user` VALUES (26, 'жӣ№иҺү', '13800000051', '110101197902266789', 2, '1979-02-26', '2021-11-22', '7еҸ·жҘј1еҚ•е…ғ02е®Ө', 'еӯ”жқ°', '13800000049', '2026-03-20 21:05:57', '2026-03-20 21:05:57', 'admin', NULL, 'ж— зү№ж®ҠйңҖжұӮ', '');
INSERT INTO `community_user` VALUES (27, 'дёҘиҫү', '13800000053', '110101197803277890', 1, '1978-03-27', '2021-01-30', '7еҸ·жҘј2еҚ•е…ғ01е®Ө', 'еҚҺе©·', '13800000054', '2026-03-20 21:05:57', '2026-03-20 21:05:57', 'admin', NULL, 'ж— зү№ж®ҠйңҖжұӮ', '');
INSERT INTO `community_user` VALUES (28, 'еҚҺе©·', '13800000055', '110101197704288901', 2, '1977-04-28', '2021-04-15', '7еҸ·жҘј2еҚ•е…ғ02е®Ө', 'дёҘиҫү', '13800000053', '2026-03-20 21:05:57', '2026-03-20 21:05:57', 'admin', NULL, 'ж— зү№ж®ҠйңҖжұӮ', '');
INSERT INTO `community_user` VALUES (29, 'йҮ‘й‘«', '13800000057', '110101197605299012', 1, '1976-05-29', '2021-06-28', '8еҸ·жҘј1еҚ•е…ғ01е®Ө', 'йӯҸеҶү', '13800000058', '2026-03-20 21:05:57', '2026-03-20 21:05:57', 'admin', NULL, 'ж— зү№ж®ҠйңҖжұӮ', '');
INSERT INTO `community_user` VALUES (30, 'йӯҸеҶү', '13800000059', '110101197506300123', 2, '1975-06-30', '2021-08-12', '8еҸ·жҘј1еҚ•е…ғ02е®Ө', 'йҮ‘й‘«', '13800000057', '2026-03-20 21:05:57', '2026-03-20 21:05:57', 'admin', NULL, 'ж— зү№ж®ҠйңҖжұӮ', '');
INSERT INTO `community_user` VALUES (31, 'йҷ¶з„¶', '13800000061', '110101198507011234', 1, '1985-07-01', '2022-01-05', '8еҸ·жҘј2еҚ•е…ғ01е®Ө', 'е§ңйӣӘ', '13800000062', '2026-03-20 21:05:57', '2026-03-20 21:05:57', 'admin', NULL, 'ж— зү№ж®ҠйңҖжұӮ', '');
INSERT INTO `community_user` VALUES (32, 'е§ңйӣӘ', '13800000063', '110101198608022345', 2, '1986-08-02', '2022-02-20', '8еҸ·жҘј2еҚ•е…ғ02е®Ө', 'йҷ¶з„¶', '13800000061', '2026-03-20 21:05:57', '2026-03-20 21:05:57', 'admin', NULL, 'ж— зү№ж®ҠйңҖжұӮ', '');
INSERT INTO `community_user` VALUES (33, 'жҲҡеЁҒ', '13800000065', '110101198709033456', 1, '1987-09-03', '2022-03-30', '9еҸ·жҘј1еҚ•е…ғ01е®Ө', 'и°ўе©·', '13800000066', '2026-03-20 21:05:57', '2026-03-20 21:05:57', 'admin', NULL, 'ж— зү№ж®ҠйңҖжұӮ', '');
INSERT INTO `community_user` VALUES (34, 'и°ўе©·', '13800000067', '110101198810044567', 2, '1988-10-04', '2022-04-18', '9еҸ·жҘј1еҚ•е…ғ02е®Ө', 'жҲҡеЁҒ', '13800000065', '2026-03-20 21:05:57', '2026-03-20 21:05:57', 'admin', NULL, 'ж— зү№ж®ҠйңҖжұӮ', '');
INSERT INTO `community_user` VALUES (35, 'йӮ№жҳҺ', '13800000069', '110101198911055678', 1, '1989-11-05', '2022-05-25', '9еҸ·жҘј2еҚ•е…ғ01е®Ө', 'иӢҸжҷҙ', '13800000070', '2026-03-20 21:05:57', '2026-03-20 21:05:57', 'admin', NULL, 'ж— зү№ж®ҠйңҖжұӮ', '');
INSERT INTO `community_user` VALUES (36, 'иӢҸжҷҙ', '13800000071', '110101199012066789', 2, '1990-12-06', '2022-06-12', '9еҸ·жҘј2еҚ•е…ғ02е®Ө', 'йӮ№жҳҺ', '13800000069', '2026-03-20 21:05:57', '2026-03-20 21:05:57', 'admin', NULL, 'ж— зү№ж®ҠйңҖжұӮ', '');
INSERT INTO `community_user` VALUES (37, 'жҪҳеі°', '13800000073', '110101199101077890', 1, '1991-01-07', '2022-07-28', '10еҸ·жҘј1еҚ•е…ғ01е®Ө', 'иҢғзҗі', '13800000074', '2026-03-20 21:05:57', '2026-03-20 21:05:57', 'admin', NULL, 'ж— зү№ж®ҠйңҖжұӮ', '');
INSERT INTO `community_user` VALUES (38, 'иҢғзҗі', '13800000075', '110101199202088901', 2, '1992-02-08', '2022-08-15', '10еҸ·жҘј1еҚ•е…ғ02е®Ө', 'жҪҳеі°', '13800000073', '2026-03-20 21:05:57', '2026-03-20 21:05:57', 'admin', NULL, 'ж— зү№ж®ҠйңҖжұӮ', '');
INSERT INTO `community_user` VALUES (39, 'еҪӯзЈҠ', '13800000077', '110101199303099012', 1, '1993-03-09', '2022-09-02', '10еҸ·жҘј2еҚ•е…ғ01е®Ө', 'йғҺйқҷ', '13800000078', '2026-03-20 21:05:57', '2026-03-20 21:05:57', 'admin', NULL, 'ж— зү№ж®ҠйңҖжұӮ', '');
INSERT INTO `community_user` VALUES (40, 'йғҺйқҷ', '13800000079', '110101199404100123', 2, '1994-04-10', '2022-10-18', '10еҸ·жҘј2еҚ•е…ғ02е®Ө', 'еҪӯзЈҠ', '13800000077', '2026-03-20 21:05:57', '2026-03-20 21:05:57', 'admin', NULL, 'ж— зү№ж®ҠйңҖжұӮ', '');
INSERT INTO `community_user` VALUES (41, 'йІҒйҳі', '13800000081', '110101199505111234', 1, '1995-05-11', '2022-11-05', '11еҸ·жҘј1еҚ•е…ғ01е®Ө', 'йҹҰеЁң', '13800000082', '2026-03-20 21:05:57', '2026-03-20 21:05:57', 'admin', NULL, 'ж— зү№ж®ҠйңҖжұӮ', '');
INSERT INTO `community_user` VALUES (42, 'йҹҰеЁң', '13800000083', '110101199606122345', 2, '1996-06-12', '2022-12-22', '11еҸ·жҘј1еҚ•е…ғ02е®Ө', 'йІҒйҳі', '13800000081', '2026-03-20 21:05:57', '2026-03-20 21:05:57', 'admin', NULL, 'ж— зү№ж®ҠйңҖжұӮ', '');
INSERT INTO `community_user` VALUES (43, 'жҳҢжө©', '13800000085', '110101199707133456', 1, '1997-07-13', '2022-01-20', '11еҸ·жҘј2еҚ•е…ғ01е®Ө', 'й©¬дёҪ', '13800000086', '2026-03-20 21:05:57', '2026-03-20 21:05:57', 'admin', NULL, 'ж— зү№ж®ҠйңҖжұӮ', '');
INSERT INTO `community_user` VALUES (44, 'й©¬дёҪ', '13800000087', '110101199808144567', 2, '1998-08-14', '2022-02-28', '11еҸ·жҘј2еҚ•е…ғ02е®Ө', 'жҳҢжө©', '13800000085', '2026-03-20 21:05:57', '2026-03-20 21:05:57', 'admin', NULL, 'ж— зү№ж®ҠйңҖжұӮ', '');
INSERT INTO `community_user` VALUES (45, 'еҮӨи¶…', '13800000089', '110101199909155678', 1, '1999-09-15', '2022-03-18', '12еҸ·жҘј1еҚ•е…ғ01е®Ө', 'иҠұе©·', '13800000090', '2026-03-20 21:05:57', '2026-03-20 21:05:57', 'admin', NULL, 'ж— зү№ж®ҠйңҖжұӮ', '');
INSERT INTO `community_user` VALUES (46, 'иҠұе©·', '13800000091', '110101200010166789', 2, '2000-10-16', '2023-01-05', '12еҸ·жҘј1еҚ•е…ғ02е®Ө', 'еҮӨи¶…', '13800000089', '2026-03-20 21:05:57', '2026-03-20 21:05:57', 'admin', NULL, 'ж— зү№ж®ҠйңҖжұӮ', '');
INSERT INTO `community_user` VALUES (47, 'иҙҫеӢҮ', '13800000093', '110101200111177890', 1, '2001-11-17', '2023-02-12', '12еҸ·жҘј2еҚ•е…ғ01е®Ө', 'з«ҘдёҪ', '13800000094', '2026-03-20 21:05:57', '2026-03-20 21:05:57', 'admin', NULL, 'ж— зү№ж®ҠйңҖжұӮ', '');
INSERT INTO `community_user` VALUES (48, 'з«ҘдёҪ', '13800000095', '110101200212188901', 2, '2002-12-18', '2023-03-20', '12еҸ·жҘј2еҚ•е…ғ02е®Ө', 'иҙҫеӢҮ', '13800000093', '2026-03-20 21:05:57', '2026-03-20 21:05:57', 'admin', NULL, 'ж— зү№ж®ҠйңҖжұӮ', '');
INSERT INTO `community_user` VALUES (49, 'еҺүеі°', '13800000097', '110101198401199012', 1, '1984-01-19', '2023-04-08', '13еҸ·жҘј1еҚ•е…ғ01е®Ө', 'иҲ’еЁң', '13800000098', '2026-03-20 21:05:57', '2026-03-20 21:05:57', 'admin', NULL, 'ж— зү№ж®ҠйңҖжұӮ', '');
INSERT INTO `community_user` VALUES (50, 'иҲ’еЁң', '13800000099', '110101198302200123', 2, '1983-02-20', '2023-05-15', '13еҸ·жҘј1еҚ•е…ғ02е®Ө', 'еҺүеі°', '13800000097', '2026-03-20 21:05:57', '2026-03-20 21:05:57', 'admin', NULL, 'ж— зү№ж®ҠйңҖжұӮ', '');
INSERT INTO `community_user` VALUES (51, 'йҡӢејә', '13800000101', '110101198203211234', 1, '1982-03-21', '2023-06-22', '13еҸ·жҘј2еҚ•е…ғ01е®Ө', 'йҳ®е©·', '13800000102', '2026-03-20 21:05:57', '2026-03-20 21:05:57', 'admin', NULL, 'ж— зү№ж®ҠйңҖжұӮ', '');
INSERT INTO `community_user` VALUES (52, 'йҳ®е©·', '13800000103', '110101198104222345', 2, '1981-04-22', '2023-07-30', '13еҸ·жҘј2еҚ•е…ғ02е®Ө', 'йҡӢејә', '13800000101', '2026-03-20 21:05:57', '2026-03-20 21:05:57', 'admin', NULL, 'ж— зү№ж®ҠйңҖжұӮ', '');
INSERT INTO `community_user` VALUES (53, 'и‘ӣйЈһ', '13800000105', '110101198005233456', 1, '1980-05-23', '2023-08-12', '14еҸ·жҘј1еҚ•е…ғ01е®Ө', 'йӮўдёҪ', '13800000106', '2026-03-20 21:05:57', '2026-03-20 21:05:57', 'admin', NULL, 'ж— зү№ж®ҠйңҖжұӮ', '');
INSERT INTO `community_user` VALUES (54, 'йӮўдёҪ', '13800000107', '110101197906244567', 2, '1979-06-24', '2023-09-28', '14еҸ·жҘј1еҚ•е…ғ02е®Ө', 'и‘ӣйЈһ', '13800000105', '2026-03-20 21:05:57', '2026-03-20 21:05:57', 'admin', NULL, 'ж— зү№ж®ҠйңҖжұӮ', '');
INSERT INTO `community_user` VALUES (55, 'дёҒиҫү', '13800000109', '110101197807255678', 1, '1978-07-25', '2023-10-15', '14еҸ·жҘј2еҚ•е…ғ01е®Ө', 'жҙӘеЁң', '13800000110', '2026-03-20 21:05:57', '2026-03-20 21:05:57', 'admin', NULL, 'ж— зү№ж®ҠйңҖжұӮ', '');
INSERT INTO `community_user` VALUES (56, 'жҙӘеЁң', '13800000111', '110101197708266789', 2, '1977-08-26', '2023-11-02', '14еҸ·жҘј2еҚ•е…ғ02е®Ө', 'дёҒиҫү', '13800000109', '2026-03-20 21:05:57', '2026-03-20 21:05:57', 'admin', NULL, 'ж— зү№ж®ҠйңҖжұӮ', '');
INSERT INTO `community_user` VALUES (57, 'йҪҗйҳі', '13800000113', '110101197609277890', 1, '1976-09-27', '2023-12-20', '15еҸ·жҘј1еҚ•е…ғ01е®Ө', 'йӮұе©·', '13800000114', '2026-03-20 21:05:57', '2026-03-20 21:05:57', 'admin', NULL, 'ж— зү№ж®ҠйңҖжұӮ', '');
INSERT INTO `community_user` VALUES (58, 'йӮұе©·', '13800000115', '110101197510288901', 2, '1975-10-28', '2023-01-18', '15еҸ·жҘј1еҚ•е…ғ02е®Ө', 'йҪҗйҳі', '13800000113', '2026-03-20 21:05:57', '2026-03-20 21:05:57', 'admin', NULL, 'ж— зү№ж®ҠйңҖжұӮ', '');
INSERT INTO `community_user` VALUES (59, 'е®Ӣжқ°', '13800000117', '110101198511299012', 1, '1985-11-29', '2023-02-25', '15еҸ·жҘј2еҚ•е…ғ01е®Ө', 'з§ҰдёҪ', '13800000118', '2026-03-20 21:05:57', '2026-03-20 21:05:57', 'admin', NULL, 'ж— зү№ж®ҠйңҖжұӮ', '');
INSERT INTO `community_user` VALUES (60, 'з§ҰдёҪ', '13800000119', '110101198612300123', 2, '1986-12-30', '2023-03-12', '15еҸ·жҘј2еҚ•е…ғ02е®Ө', 'е®Ӣжқ°', '13800000117', '2026-03-20 21:05:57', '2026-03-20 21:05:57', 'admin', NULL, 'ж— зү№ж®ҠйңҖжұӮ', '');
INSERT INTO `community_user` VALUES (61, 'е”җзЈҠ', '13800000121', '110101198701011234', 1, '1987-01-01', '2023-04-30', '16еҸ·жҘј1еҚ•е…ғ01е®Ө', 'жҲҙеЁң', '13800000122', '2026-03-20 21:05:57', '2026-03-20 21:05:57', 'admin', NULL, 'ж— зү№ж®ҠйңҖжұӮ', '');
INSERT INTO `community_user` VALUES (62, 'жҲҙеЁң', '13800000123', '110101198802022345', 2, '1988-02-02', '2023-05-17', '16еҸ·жҘј1еҚ•е…ғ02е®Ө', 'е”җзЈҠ', '13800000121', '2026-03-20 21:05:57', '2026-03-20 21:05:57', 'admin', NULL, 'ж— зү№ж®ҠйңҖжұӮ', '');
INSERT INTO `community_user` VALUES (63, 'и®ёи¶…', '13800000125', '110101198903033456', 1, '1989-03-03', '2023-06-24', '16еҸ·жҘј2еҚ•е…ғ01е®Ө', 'еёёе©·', '13800000126', '2026-03-20 21:05:57', '2026-03-20 21:05:57', 'admin', NULL, 'ж— зү№ж®ҠйңҖжұӮ', '');
INSERT INTO `community_user` VALUES (64, 'еёёе©·', '13800000127', '110101199004044567', 2, '1990-04-04', '2023-07-12', '16еҸ·жҘј2еҚ•е…ғ02е®Ө', 'и®ёи¶…', '13800000125', '2026-03-20 21:05:57', '2026-03-20 21:05:57', 'admin', NULL, 'ж— зү№ж®ҠйңҖжұӮ', '');
INSERT INTO `community_user` VALUES (65, 'жё©йҳі', '13800000129', '110101199105055678', 1, '1991-05-05', '2023-08-28', '17еҸ·жҘј1еҚ•е…ғ01е®Ө', 'и°·еЁң', '13800000130', '2026-03-20 21:05:57', '2026-03-20 21:05:57', 'admin', NULL, 'ж— зү№ж®ҠйңҖжұӮ', '');
INSERT INTO `community_user` VALUES (66, 'и°·еЁң', '13800000131', '110101199206066789', 2, '1992-06-06', '2024-01-03', '17еҸ·жҘј1еҚ•е…ғ02е®Ө', 'жё©йҳі', '13800000129', '2026-03-20 21:05:57', '2026-03-20 21:05:57', 'admin', NULL, 'ж— зү№ж®ҠйңҖжұӮ', '');
INSERT INTO `community_user` VALUES (67, 'е»үејә', '13800000133', '110101199307077890', 1, '1993-07-07', '2024-01-20', '17еҸ·жҘј2еҚ•е…ғ01е®Ө', 'еҜҮе©·', '13800000134', '2026-03-20 21:05:57', '2026-03-20 21:05:57', 'admin', NULL, 'ж— зү№ж®ҠйңҖжұӮ', '');
INSERT INTO `community_user` VALUES (68, 'еҜҮе©·', '13800000135', '110101199408088901', 2, '1994-08-08', '2024-02-08', '17еҸ·жҘј2еҚ•е…ғ02е®Ө', 'е»үејә', '13800000133', '2026-03-20 21:05:57', '2026-03-20 21:05:57', 'admin', NULL, 'ж— зү№ж®ҠйңҖжұӮ', '');
INSERT INTO `community_user` VALUES (69, 'иҖҝжқ°', '13800000137', '110101199509099012', 1, '1995-09-09', '2024-02-25', '18еҸ·жҘј1еҚ•е…ғ01е®Ө', 'е…ідёҪ', '13800000138', '2026-03-20 21:05:57', '2026-03-20 21:05:57', 'admin', NULL, 'ж— зү№ж®ҠйңҖжұӮ', '');
INSERT INTO `community_user` VALUES (70, 'е…ідёҪ', '13800000139', '110101199610100123', 2, '1996-10-10', '2024-03-14', '18еҸ·жҘј1еҚ•е…ғ02е®Ө', 'иҖҝжқ°', '13800000137', '2026-03-20 21:05:57', '2026-03-20 21:05:57', 'admin', NULL, 'ж— зү№ж®ҠйңҖжұӮ', '');
INSERT INTO `community_user` VALUES (71, 'з®Җеі°', '13800000141', '110101199711111234', 1, '1997-11-11', '2024-03-31', '18еҸ·жҘј2еҚ•е…ғ01е®Ө', 'еҖӘеЁң', '13800000142', '2026-03-20 21:05:57', '2026-03-20 21:05:57', 'admin', NULL, 'ж— зү№ж®ҠйңҖжұӮ', '');
INSERT INTO `community_user` VALUES (72, 'еҖӘеЁң', '13800000143', '110101199812122345', 2, '1998-12-12', '2024-04-18', '18еҸ·жҘј2еҚ•е…ғ02е®Ө', 'з®Җеі°', '13800000141', '2026-03-20 21:05:57', '2026-03-20 21:05:57', 'admin', NULL, 'ж— зү№ж®ҠйңҖжұӮ', '');
INSERT INTO `community_user` VALUES (73, 'йҘ¶йҳі', '13800000145', '110101199901133456', 1, '1999-01-13', '2024-04-26', '19еҸ·жҘј1еҚ•е…ғ01е®Ө', 'еёҲе©·', '13800000146', '2026-03-20 21:05:57', '2026-03-20 21:05:57', 'admin', NULL, 'ж— зү№ж®ҠйңҖжұӮ', '');
INSERT INTO `community_user` VALUES (74, 'еёҲе©·', '13800000147', '110101200002144567', 2, '2000-02-14', '2024-05-13', '19еҸ·жҘј1еҚ•е…ғ02е®Ө', 'йҘ¶йҳі', '13800000145', '2026-03-20 21:05:57', '2026-03-20 21:05:57', 'admin', NULL, 'ж— зү№ж®ҠйңҖжұӮ', '');
INSERT INTO `community_user` VALUES (75, 'дәўжқ°', '13800000149', '110101200103155678', 1, '2001-03-15', '2024-05-30', '19еҸ·жҘј2еҚ•е…ғ01е®Ө', 'дёӣдёҪ', '13800000150', '2026-03-20 21:05:57', '2026-03-20 21:05:57', 'admin', NULL, 'ж— зү№ж®ҠйңҖжұӮ', '');
INSERT INTO `community_user` VALUES (76, 'дёӣдёҪ', '13800000151', '110101200204166789', 2, '2002-04-16', '2024-06-17', '19еҸ·жҘј2еҚ•е…ғ02е®Ө', 'дәўжқ°', '13800000149', '2026-03-20 21:05:57', '2026-03-20 21:05:57', 'admin', NULL, 'ж— зү№ж®ҠйңҖжұӮ', '');
INSERT INTO `community_user` VALUES (77, 'и’ҷзЈҠ', '13800000153', '110101198405177890', 1, '1984-05-17', '2023-06-24', '20еҸ·жҘј1еҚ•е…ғ01е®Ө', 'иӨҡеЁң', '13800000154', '2026-03-20 21:05:57', '2026-03-20 21:08:43', 'admin', NULL, 'ж— зү№ж®ҠйңҖжұӮ', '');
INSERT INTO `community_user` VALUES (78, 'иӨҡеЁң', '13800000155', '110101198306188901', 2, '1983-06-18', '2024-07-11', '20еҸ·жҘј1еҚ•е…ғ02е®Ө', 'и’ҷзЈҠ', '13800000153', '2026-03-20 21:05:57', '2026-03-20 21:05:57', 'admin', NULL, 'ж— зү№ж®ҠйңҖжұӮ', '');
INSERT INTO `community_user` VALUES (79, 'жұ йҳі', '13800000157', '110101198207199012', 1, '1982-07-19', '2024-07-28', '20еҸ·жҘј2еҚ•е…ғ01е®Ө', 'иҙЎе©·', '13800000158', '2026-03-20 21:05:57', '2026-03-20 21:05:57', 'admin', NULL, 'ж— зү№ж®ҠйңҖжұӮ', '');
INSERT INTO `community_user` VALUES (80, 'иҙЎе©·', '13800000159', '110101198108200123', 2, '1981-08-20', '2024-08-15', '20еҸ·жҘј2еҚ•е…ғ02е®Ө', 'жұ йҳі', '13800000157', '2026-03-20 21:05:57', '2026-03-20 21:05:57', 'admin', NULL, 'ж— зү№ж®ҠйңҖжұӮ', '');
INSERT INTO `community_user` VALUES (81, 'иӢҚжқ°', '13800000161', '110101198009211234', 1, '1980-09-21', '2024-08-22', '21еҸ·жҘј1еҚ•е…ғ01е®Ө', 'еҠіеЁң', '13800000162', '2026-03-20 21:05:57', '2026-03-20 21:05:57', 'admin', NULL, 'ж— зү№ж®ҠйңҖжұӮ', '');
INSERT INTO `community_user` VALUES (82, 'еҠіеЁң', '13800000163', '110101197910222345', 2, '1979-10-22', '2024-09-08', '21еҸ·жҘј1еҚ•е…ғ02е®Ө', 'иӢҚжқ°', '13800000161', '2026-03-20 21:05:57', '2026-03-20 21:05:57', 'admin', NULL, 'ж— зү№ж®ҠйңҖжұӮ', '');
INSERT INTO `community_user` VALUES (83, 'йҖўејә', '13800000165', '110101197811233456', 1, '1978-11-23', '2024-09-25', '21еҸ·жҘј2еҚ•е…ғ01е®Ө', 'зҮ•е©·', '13800000166', '2026-03-20 21:05:57', '2026-03-20 21:05:57', 'admin', NULL, 'ж— зү№ж®ҠйңҖжұӮ', '');
INSERT INTO `community_user` VALUES (84, 'зҮ•е©·', '13800000167', '110101197712244567', 2, '1977-12-24', '2024-10-12', '21еҸ·жҘј2еҚ•е…ғ02е®Ө', 'йҖўејә', '13800000165', '2026-03-20 21:05:57', '2026-03-20 21:05:57', 'admin', NULL, 'ж— зү№ж®ҠйңҖжұӮ', '');
INSERT INTO `community_user` VALUES (85, 'е§¬йҳі', '13800000169', '110101197601255678', 1, '1976-01-25', '2024-10-29', '22еҸ·жҘј1еҚ•е…ғ01е®Ө', 'зӣӣеЁң', '13800000170', '2026-03-20 21:05:57', '2026-03-20 21:05:57', 'admin', NULL, 'ж— зү№ж®ҠйңҖжұӮ', '');
INSERT INTO `community_user` VALUES (86, 'зӣӣеЁң', '13800000171', '110101197502266789', 2, '1975-02-26', '2024-11-15', '22еҸ·жҘј1еҚ•е…ғ02е®Ө', 'е§¬йҳі', '13800000169', '2026-03-20 21:05:57', '2026-03-20 21:05:57', 'admin', NULL, 'ж— зү№ж®ҠйңҖжұӮ', '');
INSERT INTO `community_user` VALUES (87, 'д»Іжқ°', '13800000173', '110101198503277890', 1, '1985-03-27', '2024-11-22', '22еҸ·жҘј2еҚ•е…ғ01е®Ө', 'иҷһе©·', '13800000174', '2026-03-20 21:05:57', '2026-03-20 21:05:57', 'admin', NULL, 'ж— зү№ж®ҠйңҖжұӮ', '');
INSERT INTO `community_user` VALUES (88, 'иҷһе©·', '13800000175', '110101198604288901', 2, '1986-04-28', '2024-12-09', '22еҸ·жҘј2еҚ•е…ғ02е®Ө', 'д»Іжқ°', '13800000173', '2026-03-20 21:05:57', '2026-03-20 21:05:57', 'admin', NULL, 'ж— зү№ж®ҠйңҖжұӮ', '');
INSERT INTO `community_user` VALUES (89, 'ж”ҜзЈҠ', '13800000177', '110101198705299012', 1, '1987-05-29', '2024-12-26', '23еҸ·жҘј1еҚ•е…ғ01е®Ө', 'ж•–еЁң', '13800000178', '2026-03-20 21:05:57', '2026-03-20 21:05:57', 'admin', NULL, 'ж— зү№ж®ҠйңҖжұӮ', '');
INSERT INTO `community_user` VALUES (90, 'ж•–еЁң', '13800000179', '110101198806300123', 2, '1988-06-30', '2024-01-15', '23еҸ·жҘј1еҚ•е…ғ02е®Ө', 'ж”ҜзЈҠ', '13800000177', '2026-03-20 21:05:57', '2026-03-20 21:05:57', 'admin', NULL, 'ж— зү№ж®ҠйңҖжұӮ', '');
INSERT INTO `community_user` VALUES (91, 'дә¬йҳі', '13800000181', '110101198907011234', 1, '1989-07-01', '2025-01-02', '23еҸ·жҘј2еҚ•е…ғ01е®Ө', 'йғҒе©·', '13800000182', '2026-03-20 21:05:57', '2026-03-20 21:05:57', 'admin', NULL, 'ж— зү№ж®ҠйңҖжұӮ', '');
INSERT INTO `community_user` VALUES (92, 'йғҒе©·', '13800000183', '110101199008022345', 2, '1990-08-02', '2025-01-19', '23еҸ·жҘј2еҚ•е…ғ02е®Ө', 'дә¬йҳі', '13800000181', '2026-03-20 21:05:57', '2026-03-20 21:05:57', 'admin', NULL, 'ж— зү№ж®ҠйңҖжұӮ', '');
INSERT INTO `community_user` VALUES (93, 'ж¬§жқ°', '13800000185', '110101199109033456', 1, '1991-09-03', '2025-02-05', '24еҸ·жҘј1еҚ•е…ғ01е®Ө', 'еёҲдёҪ', '13800000186', '2026-03-20 21:05:57', '2026-03-20 21:05:57', 'admin', NULL, 'ж— зү№ж®ҠйңҖжұӮ', '');
INSERT INTO `community_user` VALUES (94, 'еёҲдёҪ', '13800000187', '110101199210044567', 2, '1992-10-04', '2025-02-22', '24еҸ·жҘј1еҚ•е…ғ02е®Ө', 'ж¬§жқ°', '13800000185', '2026-03-20 21:05:57', '2026-03-20 21:05:57', 'admin', NULL, 'ж— зү№ж®ҠйңҖжұӮ', '');
INSERT INTO `community_user` VALUES (95, 'з”ізЈҠ', '13800000189', '110101199311055678', 1, '1993-11-05', '2025-03-10', '24еҸ·жҘј2еҚ•е…ғ01е®Ө', 'йғҪеЁң', '13800000190', '2026-03-20 21:05:57', '2026-03-20 21:05:57', 'admin', NULL, 'ж— зү№ж®ҠйңҖжұӮ', '');
INSERT INTO `community_user` VALUES (96, 'йғҪеЁң', '13800000191', '110101199412066789', 2, '1994-12-06', '2025-03-27', '24еҸ·жҘј2еҚ•е…ғ02е®Ө', 'з”ізЈҠ', '13800000189', '2026-03-20 21:05:57', '2026-03-20 21:05:57', 'admin', NULL, 'ж— зү№ж®ҠйңҖжұӮ', '');
INSERT INTO `community_user` VALUES (97, 'еҗ‘йҳі', '13800000193', '110101199501077890', 1, '1995-01-07', '2023-04-13', '25еҸ·жҘј1еҚ•е…ғ01е®Ө', 'жЁҠе©·', '13800000194', '2026-03-20 21:05:57', '2026-03-20 21:08:30', 'admin', NULL, 'ж— зү№ж®ҠйңҖжұӮ', '');
INSERT INTO `community_user` VALUES (98, 'жЁҠе©·', '13800000195', '110101199602088901', 2, '1996-02-08', '2025-04-30', '25еҸ·жҘј1еҚ•е…ғ02е®Ө', 'еҗ‘йҳі', '13800000193', '2026-03-20 21:05:57', '2026-03-20 21:05:57', 'admin', NULL, 'ж— зү№ж®ҠйңҖжұӮ', '');
INSERT INTO `community_user` VALUES (99, 'жҹҙжқ°', '13800000197', '110101199703099012', 1, '1997-03-09', '2025-05-17', '25еҸ·жҘј2еҚ•е…ғ01е®Ө', 'и‘ӣеЁң', '13800000198', '2026-03-20 21:05:57', '2026-03-20 21:05:57', 'admin', NULL, 'ж— зү№ж®ҠйңҖжұӮ', '');
INSERT INTO `community_user` VALUES (100, 'и‘ӣеЁң', '13800000199', '110101199804100123', 2, '1998-04-10', '2025-05-24', '25еҸ·жҘј2еҚ•е…ғ02е®Ө', 'жҹҙжқ°', '13800000197', '2026-03-20 21:05:57', '2026-03-20 21:05:57', 'admin', NULL, 'ж— зү№ж®ҠйңҖжұӮ', '');
INSERT INTO `community_user` VALUES (101, 'еҚҺзЈҠ', '13800000201', '110101199905111234', 1, '1999-05-11', '2025-06-10', '26еҸ·жҘј1еҚ•е…ғ01е®Ө', 'жҙӘеЁң', '13800000202', '2026-03-20 21:05:57', '2026-03-20 21:05:57', 'admin', NULL, 'ж— зү№ж®ҠйңҖжұӮ', '');
INSERT INTO `community_user` VALUES (102, 'жҙӘеЁң', '13800000203', '110101200006122345', 2, '2000-06-12', '2025-06-27', '26еҸ·жҘј1еҚ•е…ғ02е®Ө', 'еҚҺзЈҠ', '13800000201', '2026-03-20 21:05:57', '2026-03-20 21:05:57', 'admin', NULL, 'ж— зү№ж®ҠйңҖжұӮ', '');
INSERT INTO `community_user` VALUES (103, 'йҮ‘йҳі', '13800000205', '110101200107133456', 1, '2001-07-13', '2025-07-14', '26еҸ·жҘј2еҚ•е…ғ01е®Ө', 'зәӘе©·', '13800000206', '2026-03-20 21:05:57', '2026-03-20 21:05:57', 'admin', NULL, 'ж— зү№ж®ҠйңҖжұӮ', '');
INSERT INTO `community_user` VALUES (104, 'зәӘе©·', '13800000207', '110101200208144567', 2, '2002-08-14', '2025-07-31', '26еҸ·жҘј2еҚ•е…ғ02е®Ө', 'йҮ‘йҳі', '13800000205', '2026-03-20 21:05:57', '2026-03-20 21:05:57', 'admin', NULL, 'ж— зү№ж®ҠйңҖжұӮ', '');
INSERT INTO `community_user` VALUES (105, 'йҷҶжқ°', '13800000209', '110101198409155678', 1, '1984-09-15', '2025-08-17', '27еҸ·жҘј1еҚ•е…ғ01е®Ө', 'и·ҜеЁң', '13800000210', '2026-03-20 21:05:57', '2026-03-20 21:05:57', 'admin', NULL, 'ж— зү№ж®ҠйңҖжұӮ', '');
INSERT INTO `community_user` VALUES (106, 'и·ҜеЁң', '13800000211', '110101198310166789', 2, '1983-10-16', '2025-08-24', '27еҸ·жҘј1еҚ•е…ғ02е®Ө', 'йҷҶжқ°', '13800000209', '2026-03-20 21:05:57', '2026-03-20 21:05:57', 'admin', NULL, 'ж— зү№ж®ҠйңҖжұӮ', '');
INSERT INTO `community_user` VALUES (107, 'еҚ—зЈҠ', '13800000213', '110101198211177890', 1, '1982-11-17', '2025-09-10', '27еҸ·жҘј2еҚ•е…ғ01е®Ө', 'ж¬§еЁң', '13800000214', '2026-03-20 21:05:57', '2026-03-20 21:05:57', 'admin', NULL, 'ж— зү№ж®ҠйңҖжұӮ', '');
INSERT INTO `community_user` VALUES (108, 'ж¬§еЁң', '13800000215', '110101198112188901', 2, '1981-12-18', '2025-09-27', '27еҸ·жҘј2еҚ•е…ғ02е®Ө', 'еҚ—зЈҠ', '13800000213', '2026-03-20 21:05:57', '2026-03-20 21:05:57', 'admin', NULL, 'ж— зү№ж®ҠйңҖжұӮ', '');
INSERT INTO `community_user` VALUES (109, 'иЈҙйҳі', '13800000217', '110101198001199012', 1, '1980-01-19', '2025-10-14', '28еҸ·жҘј1еҚ•е…ғ01е®Ө', 'еҪӯеЁң', '13800000218', '2026-03-20 21:05:57', '2026-03-20 21:05:57', 'admin', NULL, 'ж— зү№ж®ҠйңҖжұӮ', '');
INSERT INTO `community_user` VALUES (110, 'еҪӯеЁң', '13800000219', '110101197902200123', 2, '1979-02-20', '2025-10-31', '28еҸ·жҘј1еҚ•е…ғ02е®Ө', 'иЈҙйҳі', '13800000217', '2026-03-20 21:05:57', '2026-03-20 21:05:57', 'admin', NULL, 'ж— зү№ж®ҠйңҖжұӮ', '');
INSERT INTO `community_user` VALUES (111, 'йҪҗжқ°', '13800000221', '110101197803211234', 1, '1978-03-21', '2025-11-17', '28еҸ·жҘј2еҚ•е…ғ01е®Ө', 'еұҲе©·', '13800000222', '2026-03-20 21:05:57', '2026-03-20 21:05:57', 'admin', NULL, 'ж— зү№ж®ҠйңҖжұӮ', '');
INSERT INTO `community_user` VALUES (112, 'еұҲе©·', '13800000223', '110101197704222345', 2, '1977-04-22', '2025-11-24', '28еҸ·жҘј2еҚ•е…ғ02е®Ө', 'йҪҗжқ°', '13800000221', '2026-03-20 21:05:57', '2026-03-20 21:05:57', 'admin', NULL, 'ж— зү№ж®ҠйңҖжұӮ', '');
INSERT INTO `community_user` VALUES (113, 'е°ҡзЈҠ', '13800000225', '110101197605233456', 1, '1976-05-23', '2025-12-11', '29еҸ·жҘј1еҚ•е…ғ01е®Ө', 'йӮөеЁң', '13800000226', '2026-03-20 21:05:57', '2026-03-20 21:05:57', 'admin', NULL, 'ж— зү№ж®ҠйңҖжұӮ', '');
INSERT INTO `community_user` VALUES (114, 'йӮөеЁң', '13800000227', '110101197506244567', 2, '1975-06-24', '2025-12-28', '29еҸ·жҘј1еҚ•е…ғ02е®Ө', 'е°ҡзЈҠ', '13800000225', '2026-03-20 21:05:57', '2026-03-20 21:05:57', 'admin', NULL, 'ж— зү№ж®ҠйңҖжұӮ', '');
INSERT INTO `community_user` VALUES (115, 'дёҮйҳі', '13800000229', '110101198507255678', 1, '1985-07-25', '2025-01-08', '29еҸ·жҘј2еҚ•е…ғ01е®Ө', 'жӯҰеЁң', '13800000230', '2026-03-20 21:05:57', '2026-03-20 21:05:57', 'admin', NULL, 'ж— зү№ж®ҠйңҖжұӮ', '');
INSERT INTO `community_user` VALUES (116, 'жӯҰеЁң', '13800000231', '110101198608266789', 2, '1986-08-26', '2025-02-25', '29еҸ·жҘј2еҚ•е…ғ02е®Ө', 'дёҮйҳі', '13800000229', '2026-03-20 21:05:57', '2026-03-20 21:05:57', 'admin', NULL, 'ж— зү№ж®ҠйңҖжұӮ', '');
INSERT INTO `community_user` VALUES (117, 'е°Өжқ°', '13800000233', '110101198709277890', 1, '1987-09-27', '2025-03-14', '30еҸ·жҘј1еҚ•е…ғ01е®Ө', 'дҪҷе©·', '13800000234', '2026-03-20 21:05:57', '2026-03-20 21:05:57', 'admin', NULL, 'ж— зү№ж®ҠйңҖжұӮ', '');
INSERT INTO `community_user` VALUES (118, 'дҪҷе©·', '13800000235', '110101198810288901', 2, '1988-10-28', '2025-03-31', '30еҸ·жҘј1еҚ•е…ғ02е®Ө', 'е°Өжқ°', '13800000233', '2026-03-20 21:05:57', '2026-03-20 21:05:57', 'admin', NULL, 'ж— зү№ж®ҠйңҖжұӮ', '');
INSERT INTO `community_user` VALUES (119, 'иўҒзЈҠ', '13800000237', '110101198911299012', 1, '1989-11-29', '2025-04-17', '30еҸ·жҘј2еҚ•е…ғ01е®Ө', 'жӣҫеЁң', '13800000238', '2026-03-20 21:05:57', '2026-03-20 21:05:57', 'admin', NULL, 'ж— зү№ж®ҠйңҖжұӮ', '');
INSERT INTO `community_user` VALUES (120, 'жӣҫеЁң', '13800000239', '110101199012300123', 2, '1990-12-30', '2025-05-04', '30еҸ·жҘј2еҚ•е…ғ02е®Ө', 'иўҒзЈҠ', '13800000237', '2026-03-20 21:05:57', '2026-03-20 21:05:57', 'admin', NULL, 'ж— зү№ж®ҠйңҖжұӮ', '');

-- ----------------------------
-- Table structure for community_user_task
-- ----------------------------
DROP TABLE IF EXISTS `community_user_task`;
CREATE TABLE `community_user_task`  (
  `record_id` bigint NOT NULL AUTO_INCREMENT COMMENT 'и®°еҪ•ID',
  `user_id` bigint NOT NULL COMMENT 'з”ЁжҲ·ID',
  `task_id` bigint NOT NULL COMMENT 'д»»еҠЎID',
  `complete_times` int NULL DEFAULT 0 COMMENT 'д»Ҡж—Ҙе®ҢжҲҗж¬Ўж•°',
  `total_times` int NULL DEFAULT 0 COMMENT 'жҖ»е®ҢжҲҗж¬Ўж•°',
  `last_complete_time` datetime NULL DEFAULT NULL COMMENT 'жңҖеҗҺе®ҢжҲҗж—¶й—ҙ',
  `create_time` datetime NULL DEFAULT CURRENT_TIMESTAMP COMMENT 'еҲӣе»әж—¶й—ҙ',
  `update_time` datetime NULL DEFAULT CURRENT_TIMESTAMP ON UPDATE CURRENT_TIMESTAMP COMMENT 'жӣҙж–°ж—¶й—ҙ',
  PRIMARY KEY (`record_id`) USING BTREE,
  UNIQUE INDEX `uk_user_task`(`user_id` ASC, `task_id` ASC) USING BTREE,
  INDEX `idx_user_id`(`user_id` ASC) USING BTREE,
  INDEX `idx_task_id`(`task_id` ASC) USING BTREE
) ENGINE = InnoDB AUTO_INCREMENT = 5 CHARACTER SET = utf8mb4 COLLATE = utf8mb4_0900_ai_ci COMMENT = 'з”ЁжҲ·д»»еҠЎе®ҢжҲҗи®°еҪ•иЎЁ' ROW_FORMAT = Dynamic;

-- ----------------------------
-- Records of community_user_task
-- ----------------------------
INSERT INTO `community_user_task` VALUES (1, 1, 2, 1, 1, '2026-04-06 12:26:58', '2026-04-06 12:26:58', '2026-04-06 12:26:58');
INSERT INTO `community_user_task` VALUES (2, 1, 8, 4, 4, '2026-04-06 23:25:47', '2026-04-06 12:31:03', '2026-04-06 23:25:47');
INSERT INTO `community_user_task` VALUES (3, 1, 1, 1, 1, '2026-04-06 12:45:02', '2026-04-06 12:45:01', '2026-04-06 12:45:01');
INSERT INTO `community_user_task` VALUES (4, 1, 7, 2, 2, '2026-04-06 23:32:58', '2026-04-06 13:08:16', '2026-04-06 23:32:57');

-- ----------------------------
-- Table structure for community_visitor
-- ----------------------------
DROP TABLE IF EXISTS `community_visitor`;
CREATE TABLE `community_visitor`  (
  `id` bigint NOT NULL AUTO_INCREMENT COMMENT 'дё»й”®ID',
  `owner_id` bigint NULL DEFAULT NULL COMMENT 'дёҡдё»ID',
  `owner_name` varchar(50) CHARACTER SET utf8mb4 COLLATE utf8mb4_0900_ai_ci NULL DEFAULT NULL COMMENT 'дёҡдё»е§“еҗҚ',
  `visitor_name` varchar(50) CHARACTER SET utf8mb4 COLLATE utf8mb4_0900_ai_ci NOT NULL COMMENT 'и®ҝе®ўе§“еҗҚ',
  `visitor_phone` varchar(20) CHARACTER SET utf8mb4 COLLATE utf8mb4_0900_ai_ci NULL DEFAULT NULL COMMENT 'и®ҝе®ўз”өиҜқ',
  `visitor_id_card` varchar(18) CHARACTER SET utf8mb4 COLLATE utf8mb4_0900_ai_ci NULL DEFAULT NULL COMMENT 'и®ҝе®ўиә«д»ҪиҜҒеҸ·',
  `visit_reason` varchar(500) CHARACTER SET utf8mb4 COLLATE utf8mb4_0900_ai_ci NULL DEFAULT NULL COMMENT 'жқҘи®ҝдәӢз”ұ',
  `expected_visit_time` datetime NULL DEFAULT NULL COMMENT 'йў„и®ЎжқҘи®ҝж—¶й—ҙ',
  `actual_visit_time` datetime NULL DEFAULT NULL COMMENT 'е®һйҷ…жқҘи®ҝж—¶й—ҙ',
  `leave_time` datetime NULL DEFAULT NULL COMMENT 'зҰ»ејҖж—¶й—ҙ',
  `status` char(1) CHARACTER SET utf8mb4 COLLATE utf8mb4_0900_ai_ci NULL DEFAULT '0' COMMENT 'зҠ¶жҖҒпјҲ0:еҫ…жқҘи®ҝ,1:е·ІеҲ°и®ҝ,2:е·ІзҰ»ејҖ,3:е·ІеҸ–ж¶Ҳпјү',
  `invite_code` varchar(20) CHARACTER SET utf8mb4 COLLATE utf8mb4_0900_ai_ci NULL DEFAULT NULL COMMENT 'йӮҖиҜ·з Ғ',
  `community_id` bigint NULL DEFAULT NULL COMMENT 'е°ҸеҢәID',
  `building` varchar(50) CHARACTER SET utf8mb4 COLLATE utf8mb4_0900_ai_ci NULL DEFAULT NULL COMMENT 'жҘјж Ӣ',
  `unit` varchar(50) CHARACTER SET utf8mb4 COLLATE utf8mb4_0900_ai_ci NULL DEFAULT NULL COMMENT 'еҚ•е…ғ',
  `room` varchar(50) CHARACTER SET utf8mb4 COLLATE utf8mb4_0900_ai_ci NULL DEFAULT NULL COMMENT 'жҲҝй—ҙеҸ·',
  `create_by` varchar(64) CHARACTER SET utf8mb4 COLLATE utf8mb4_0900_ai_ci NULL DEFAULT '' COMMENT 'еҲӣе»әиҖ…',
  `create_time` datetime NULL DEFAULT NULL COMMENT 'еҲӣе»әж—¶й—ҙ',
  `update_by` varchar(64) CHARACTER SET utf8mb4 COLLATE utf8mb4_0900_ai_ci NULL DEFAULT '' COMMENT 'жӣҙж–°иҖ…',
  `update_time` datetime NULL DEFAULT NULL COMMENT 'жӣҙж–°ж—¶й—ҙ',
  `remark` varchar(500) CHARACTER SET utf8mb4 COLLATE utf8mb4_0900_ai_ci NULL DEFAULT NULL COMMENT 'еӨҮжіЁ',
  `visit_user_id` varchar(50) CHARACTER SET utf8mb4 COLLATE utf8mb4_0900_ai_ci NULL DEFAULT NULL COMMENT 'иў«и®ҝдёҡдё»ID',
  `visit_user_name` varchar(50) CHARACTER SET utf8mb4 COLLATE utf8mb4_0900_ai_ci NULL DEFAULT NULL COMMENT 'иў«и®ҝдёҡдё»е§“еҗҚ',
  `visit_user_room` varchar(50) CHARACTER SET utf8mb4 COLLATE utf8mb4_0900_ai_ci NULL DEFAULT NULL COMMENT 'иў«и®ҝдёҡдё»жҲҝеҸ·',
  `visit_type` varchar(20) CHARACTER SET utf8mb4 COLLATE utf8mb4_0900_ai_ci NULL DEFAULT NULL COMMENT 'и®ҝй—®зұ»еһӢ',
  `check_in_time` datetime NULL DEFAULT NULL COMMENT 'е…ҘдҪҸ/иҝӣе…Ҙж—¶й—ҙ',
  `check_out_time` datetime NULL DEFAULT NULL COMMENT 'зҰ»ејҖж—¶й—ҙ',
  `visitor_status` varchar(20) CHARACTER SET utf8mb4 COLLATE utf8mb4_0900_ai_ci NULL DEFAULT NULL COMMENT 'и®ҝе®ўзҠ¶жҖҒ',
  `gate_operator` varchar(50) CHARACTER SET utf8mb4 COLLATE utf8mb4_0900_ai_ci NULL DEFAULT NULL COMMENT 'й—ЁеІ—ж“ҚдҪңе‘ҳ',
  PRIMARY KEY (`id`) USING BTREE,
  INDEX `idx_owner_id`(`owner_id` ASC) USING BTREE,
  INDEX `idx_invite_code`(`invite_code` ASC) USING BTREE,
  INDEX `idx_status`(`status` ASC) USING BTREE
) ENGINE = InnoDB AUTO_INCREMENT = 21 CHARACTER SET = utf8mb4 COLLATE = utf8mb4_0900_ai_ci COMMENT = 'и®ҝе®ўйӮҖиҜ·иЎЁ' ROW_FORMAT = DYNAMIC;

-- ----------------------------
-- Records of community_visitor
-- ----------------------------
INSERT INTO `community_visitor` VALUES (1, 1001, 'еј дёү', 'жқҺеӣӣ', '13800138001', '110101199001011234', 'дәІеҸӢжҺўи®ҝ', '2025-04-02 10:00:00', NULL, NULL, '0', 'INV20250402001', 1, '1еҸ·жҘј', '1еҚ•е…ғ', '101', '', NULL, '', NULL, NULL, NULL, NULL, NULL, NULL, NULL, NULL, NULL, NULL);
INSERT INTO `community_visitor` VALUES (2, 1002, 'зҺӢдә”', 'иөөе…ӯ', '13800138002', '110101199002021235', 'з»ҙдҝ®дёҠй—Ё', '2025-04-02 09:30:00', '2025-04-02 09:28:00', NULL, '1', 'INV20250402002', 1, '2еҸ·жҘј', '3еҚ•е…ғ', '502', '', NULL, '', NULL, NULL, NULL, NULL, NULL, NULL, NULL, NULL, NULL, NULL);
INSERT INTO `community_visitor` VALUES (3, 1003, 'еӯҷдёғ', 'е‘Ёе…«', '13800138003', '110101199003031236', 'еҝ«йҖ’йҖҒиҙ§', '2025-04-02 14:00:00', '2025-04-02 13:55:00', '2025-04-02 14:05:00', '2', 'INV20250402003', 2, '3еҸ·жҘј', '2еҚ•е…ғ', '801', '', NULL, '', NULL, NULL, NULL, NULL, NULL, NULL, NULL, NULL, NULL, NULL);
INSERT INTO `community_visitor` VALUES (4, 1004, 'еҗҙд№қ', 'йғ‘еҚҒ', '13800138004', '110101199004041237', 'жңӢеҸӢиҒҡдјҡ', '2025-04-02 18:00:00', NULL, NULL, '3', 'INV20250402004', 2, '1еҸ·жҘј', '4еҚ•е…ғ', '1203', '', NULL, '', NULL, NULL, NULL, NULL, NULL, NULL, NULL, NULL, NULL, NULL);
INSERT INTO `community_visitor` VALUES (5, 1005, 'й’ұеҚҒдёҖ', 'еҲҳеҚҒдәҢ', '13800138005', '110101199005051238', 'е®¶ж”ҝжңҚеҠЎ', '2025-04-03 09:00:00', NULL, NULL, '0', 'INV20250403001', 3, '5еҸ·жҘј', '1еҚ•е…ғ', '302', '', NULL, '', NULL, NULL, NULL, NULL, NULL, NULL, NULL, NULL, NULL, NULL);
INSERT INTO `community_visitor` VALUES (6, 1006, 'йҷҲеҚҒдёү', 'жқЁеҚҒеӣӣ', '13800138006', '110101199006061239', 'иЈ…дҝ®ж–Ҫе·Ҙ', '2025-04-02 08:30:00', '2025-04-02 08:25:00', NULL, '1', 'INV20250402005', 3, '2еҸ·жҘј', '5еҚ•е…ғ', '1101', '', NULL, '', NULL, NULL, NULL, NULL, NULL, NULL, NULL, NULL, NULL, NULL);
INSERT INTO `community_visitor` VALUES (7, 1007, 'й»„еҚҒдә”', 'жңұеҚҒе…ӯ', '13800138007', '110101199007071240', 'е®¶еәӯиҒҡйӨҗ', '2025-04-01 17:00:00', '2025-04-01 16:50:00', '2025-04-01 21:30:00', '2', 'INV20250401001', 1, '4еҸ·жҘј', '3еҚ•е…ғ', '902', '', NULL, '', NULL, NULL, NULL, NULL, NULL, NULL, NULL, NULL, NULL, NULL);
INSERT INTO `community_visitor` VALUES (8, 1008, 'з§ҰеҚҒдёғ', 'е°ӨеҚҒе…«', '13800138008', '110101199008081241', 'еҢ»з”ҹдёҠй—Ё', '2025-04-02 15:00:00', NULL, NULL, '3', 'INV20250402006', 2, '6еҸ·жҘј', '2еҚ•е…ғ', '705', '', NULL, '', NULL, NULL, NULL, NULL, NULL, NULL, NULL, NULL, NULL, NULL);
INSERT INTO `community_visitor` VALUES (9, 1009, 'и®ёеҚҒд№қ', 'дҪ•дәҢеҚҒ', '13800138009', '110101199009091242', 'жҺўжңӣзҲ¶жҜҚ', '2025-04-04 10:30:00', NULL, NULL, '0', 'INV20250404001', 3, '1еҸ·жҘј', '1еҚ•е…ғ', '1501', '', NULL, '', NULL, NULL, NULL, NULL, NULL, NULL, NULL, NULL, NULL, NULL);
INSERT INTO `community_visitor` VALUES (10, 1010, 'еҗ•дәҢеҚҒдёҖ', 'ж–ҪдәҢеҚҒдәҢ', '13800138010', '110101199010101243', 'еҝ«йҖ’д»Јж”¶', '2025-04-02 16:00:00', '2025-04-02 15:58:00', '2025-04-02 16:02:00', '2', 'INV20250402007', 1, '3еҸ·жҘј', '4еҚ•е…ғ', '603', '', NULL, '', NULL, NULL, NULL, NULL, NULL, NULL, NULL, NULL, NULL, NULL);
INSERT INTO `community_visitor` VALUES (11, 1001, 'еј дёү', 'жқҺеӣӣ', '13800138001', '110101199001011234', 'дәІеҸӢжҺўи®ҝ', '2025-04-02 10:00:00', NULL, NULL, '0', 'INV20250402001', 1, '1еҸ·жҘј', '1еҚ•е…ғ', '101', '', NULL, '', NULL, NULL, NULL, NULL, NULL, NULL, NULL, NULL, NULL, NULL);
INSERT INTO `community_visitor` VALUES (12, 1002, 'зҺӢдә”', 'иөөе…ӯ', '13800138002', '110101199002021235', 'з»ҙдҝ®дёҠй—Ё', '2025-04-02 09:30:00', '2025-04-02 09:28:00', NULL, '1', 'INV20250402002', 1, '2еҸ·жҘј', '3еҚ•е…ғ', '502', '', NULL, '', NULL, NULL, NULL, NULL, NULL, NULL, NULL, NULL, NULL, NULL);
INSERT INTO `community_visitor` VALUES (13, 1003, 'еӯҷдёғ', 'е‘Ёе…«', '13800138003', '110101199003031236', 'еҝ«йҖ’йҖҒиҙ§', '2025-04-02 14:00:00', '2025-04-02 13:55:00', '2025-04-02 14:05:00', '2', 'INV20250402003', 2, '3еҸ·жҘј', '2еҚ•е…ғ', '801', '', NULL, '', NULL, NULL, NULL, NULL, NULL, NULL, NULL, NULL, NULL, NULL);
INSERT INTO `community_visitor` VALUES (14, 1004, 'еҗҙд№қ', 'йғ‘еҚҒ', '13800138004', '110101199004041237', 'жңӢеҸӢиҒҡдјҡ', '2025-04-02 18:00:00', NULL, NULL, '3', 'INV20250402004', 2, '1еҸ·жҘј', '4еҚ•е…ғ', '1203', '', NULL, '', NULL, NULL, NULL, NULL, NULL, NULL, NULL, NULL, NULL, NULL);
INSERT INTO `community_visitor` VALUES (15, 1005, 'й’ұеҚҒдёҖ', 'еҲҳеҚҒдәҢ', '13800138005', '110101199005051238', 'е®¶ж”ҝжңҚеҠЎ', '2025-04-03 09:00:00', NULL, NULL, '0', 'INV20250403001', 3, '5еҸ·жҘј', '1еҚ•е…ғ', '302', '', NULL, '', NULL, NULL, NULL, NULL, NULL, NULL, NULL, NULL, NULL, NULL);
INSERT INTO `community_visitor` VALUES (16, 1006, 'йҷҲеҚҒдёү', 'жқЁеҚҒеӣӣ', '13800138006', '110101199006061239', 'иЈ…дҝ®ж–Ҫе·Ҙ', '2025-04-02 08:30:00', '2025-04-02 08:25:00', NULL, '1', 'INV20250402005', 3, '2еҸ·жҘј', '5еҚ•е…ғ', '1101', '', NULL, '', NULL, NULL, NULL, NULL, NULL, NULL, NULL, NULL, NULL, NULL);
INSERT INTO `community_visitor` VALUES (17, 1007, 'й»„еҚҒдә”', 'жңұеҚҒе…ӯ', '13800138007', '110101199007071240', 'е®¶еәӯиҒҡйӨҗ', '2025-04-01 17:00:00', '2025-04-01 16:50:00', '2025-04-01 21:30:00', '2', 'INV20250401001', 1, '4еҸ·жҘј', '3еҚ•е…ғ', '902', '', NULL, '', NULL, NULL, NULL, NULL, NULL, NULL, NULL, NULL, NULL, NULL);
INSERT INTO `community_visitor` VALUES (18, 1008, 'з§ҰеҚҒдёғ', 'е°ӨеҚҒе…«', '13800138008', '110101199008081241', 'еҢ»з”ҹдёҠй—Ё', '2025-04-02 15:00:00', NULL, NULL, '3', 'INV20250402006', 2, '6еҸ·жҘј', '2еҚ•е…ғ', '705', '', NULL, '', NULL, NULL, NULL, NULL, NULL, NULL, NULL, NULL, NULL, NULL);
INSERT INTO `community_visitor` VALUES (19, 1009, 'и®ёеҚҒд№қ', 'дҪ•дәҢеҚҒ', '13800138009', '110101199009091242', 'жҺўжңӣзҲ¶жҜҚ', '2025-04-04 10:30:00', NULL, NULL, '0', 'INV20250404001', 3, '1еҸ·жҘј', '1еҚ•е…ғ', '1501', '', NULL, '', NULL, NULL, NULL, NULL, NULL, NULL, NULL, NULL, NULL, NULL);
INSERT INTO `community_visitor` VALUES (20, 1010, 'еҗ•дәҢеҚҒдёҖ', 'ж–ҪдәҢеҚҒдәҢ', '13800138010', '110101199010101243', 'еҝ«йҖ’д»Јж”¶', '2025-04-02 16:00:00', '2025-04-02 15:58:00', '2025-04-02 16:02:00', '2', 'INV20250402007', 1, '3еҸ·жҘј', '4еҚ•е…ғ', '603', '', NULL, '', NULL, NULL, NULL, NULL, NULL, NULL, NULL, NULL, NULL, NULL);

-- ----------------------------
-- Table structure for community_water_fee
-- ----------------------------
DROP TABLE IF EXISTS `community_water_fee`;
CREATE TABLE `community_water_fee`  (
  `water_id` bigint NOT NULL AUTO_INCREMENT COMMENT 'ж°ҙиҙ№IDпјҲдё»й”®пјү',
  `user_id` bigint NOT NULL COMMENT 'дёҡдё»IDпјҲе…іиҒ”community_userиЎЁidпјү',
  `user_name` varchar(50) CHARACTER SET utf8mb4 COLLATE utf8mb4_0900_ai_ci NOT NULL COMMENT 'дёҡдё»е§“еҗҚпјҲеҶ—дҪҷпјү',
  `user_room` varchar(50) CHARACTER SET utf8mb4 COLLATE utf8mb4_0900_ai_ci NOT NULL COMMENT 'дёҡдё»жҲҝеҸ·пјҲеҶ—дҪҷпјү',
  `read_month` varchar(20) CHARACTER SET utf8mb4 COLLATE utf8mb4_0900_ai_ci NOT NULL COMMENT 'и®Ўиҙ№жңҲд»ҪпјҲж јејҸпјҡYYYY-MMпјү',
  `last_reading` decimal(10, 2) NOT NULL COMMENT 'дёҠж¬ЎжҠ„иЎЁж•°пјҲеҗЁпјү',
  `current_reading` decimal(10, 2) NOT NULL COMMENT 'жң¬ж¬ЎжҠ„иЎЁж•°пјҲеҗЁпјү',
  `used_amount` decimal(10, 2) NOT NULL COMMENT 'е®һйҷ…з”Ёж°ҙйҮҸпјҲеҗЁпјү',
  `unit_price` decimal(10, 2) NOT NULL COMMENT 'ж°ҙиҙ№еҚ•д»·пјҲе…ғ/еҗЁпјү',
  `total_fee` decimal(10, 2) NOT NULL COMMENT 'ж°ҙиҙ№жҖ»йўқпјҲе…ғпјү',
  `fee_status` varchar(20) CHARACTER SET utf8mb4 COLLATE utf8mb4_0900_ai_ci NOT NULL COMMENT 'зјҙиҙ№зҠ¶жҖҒпјҲunpaid:жңӘзјҙиҙ№, paid:е·Ізјҙиҙ№, overdue:йҖҫжңҹпјү',
  `due_date` datetime NOT NULL COMMENT 'зјҙиҙ№жҲӘжӯўж—Ҙжңҹ',
  `payment_time` datetime NULL DEFAULT NULL COMMENT 'зјҙиҙ№ж—¶й—ҙ',
  `payment_no` varchar(64) CHARACTER SET utf8mb4 COLLATE utf8mb4_0900_ai_ci NULL DEFAULT '' COMMENT 'зјҙиҙ№и®ўеҚ•еҸ·',
  `overdue_amount` decimal(10, 2) NULL DEFAULT 0.00 COMMENT 'йҖҫжңҹж»һзәійҮ‘пјҲе…ғпјү',
  `reader` varchar(50) CHARACTER SET utf8mb4 COLLATE utf8mb4_0900_ai_ci NULL DEFAULT '' COMMENT 'жҠ„иЎЁе‘ҳ',
  `read_time` datetime NULL DEFAULT NULL COMMENT 'жҠ„иЎЁж—¶й—ҙ',
  `create_time` datetime NULL DEFAULT CURRENT_TIMESTAMP COMMENT 'еҲӣе»әж—¶й—ҙ',
  `update_time` datetime NULL DEFAULT CURRENT_TIMESTAMP ON UPDATE CURRENT_TIMESTAMP COMMENT 'жӣҙж–°ж—¶й—ҙ',
  `remark` varchar(500) CHARACTER SET utf8mb4 COLLATE utf8mb4_0900_ai_ci NULL DEFAULT '' COMMENT 'еӨҮжіЁ',
  `balance` varchar(20) CHARACTER SET utf8mb4 COLLATE utf8mb4_0900_ai_ci NOT NULL COMMENT 'иҙҰжҲ·дҪҷйўқпјҲе…ғпјү',
  PRIMARY KEY (`water_id`) USING BTREE,
  INDEX `idx_user_id`(`user_id` ASC) USING BTREE COMMENT 'дёҡдё»IDзҙўеј•',
  INDEX `idx_read_month`(`read_month` ASC) USING BTREE COMMENT 'и®Ўиҙ№жңҲд»Ҫзҙўеј•',
  INDEX `idx_fee_status`(`fee_status` ASC) USING BTREE COMMENT 'зјҙиҙ№зҠ¶жҖҒзҙўеј•'
) ENGINE = InnoDB AUTO_INCREMENT = 7 CHARACTER SET = utf8mb4 COLLATE = utf8mb4_0900_ai_ci COMMENT = 'ж°ҙиҙ№иЎЁ' ROW_FORMAT = DYNAMIC;

-- ----------------------------
-- Records of community_water_fee
-- ----------------------------
INSERT INTO `community_water_fee` VALUES (1, 1, 'зҺӢе…Ҳз”ҹ', '1-101', '2025-02', 0.00, 8.50, 8.50, 3.20, 27.20, 'paid', '2025-02-28 00:00:00', '2025-02-25 10:20:33', 'W202502001', 0.00, 'еј жҠ„иЎЁ', '2025-02-20 09:00:00', '2026-04-02 15:48:36', '2026-04-06 13:03:46', '', '10');
INSERT INTO `community_water_fee` VALUES (2, 2, 'жқҺеҘіеЈ«', '2-302', '2025-02', 0.00, 6.30, 6.30, 3.20, 20.16, 'paid', '2025-02-28 00:00:00', '2025-02-26 11:10:11', 'W202502002', 0.00, 'еј жҠ„иЎЁ', '2025-02-20 09:30:00', '2026-04-02 15:48:36', '2026-04-02 15:48:36', '', '');
INSERT INTO `community_water_fee` VALUES (3, 3, 'еј е…Ҳз”ҹ', '3-505', '2025-02', 0.00, 12.80, 12.80, 3.20, 40.96, 'unpaid', '2025-02-28 00:00:00', NULL, 'W202502003', 2.05, 'еј жҠ„иЎЁ', '2025-02-20 10:00:00', '2026-04-02 15:48:36', '2026-04-02 15:48:36', '', '');
INSERT INTO `community_water_fee` VALUES (4, 4, 'йҷҲеҘіеЈ«', '4-201', '2025-02', 0.00, 7.20, 7.20, 3.20, 23.04, 'paid', '2025-02-28 00:00:00', '2025-02-27 09:15:22', 'W202502004', 0.00, 'еј жҠ„иЎЁ', '2025-02-20 10:30:00', '2026-04-02 15:48:36', '2026-04-02 15:48:36', '', '');
INSERT INTO `community_water_fee` VALUES (5, 5, 'еҲҳе…Ҳз”ҹ', '5-403', '2025-02', 0.00, 9.50, 9.50, 3.20, 30.40, 'overdue', '2025-02-28 00:00:00', NULL, 'W202502005', 1.52, 'еј жҠ„иЎЁ', '2025-02-20 11:00:00', '2026-04-02 15:48:36', '2026-04-02 15:48:36', '', '');
INSERT INTO `community_water_fee` VALUES (6, 1, 'иӢҘдҫқ', '1', '2026-04', 0.00, 0.00, 0.00, 1.00, 0.00, 'paid', '2026-04-06 13:03:46', '2026-04-06 13:03:46', 'fb0b6c29-d5dc-4fa1-86e4-f31397398c95', 0.00, 'зі»з»ҹ', '2026-04-06 13:03:46', '2026-04-06 13:03:46', '2026-04-06 13:03:46', 'з§ҜеҲҶе…‘жҚўж°ҙиҙ№', '10.00');

-- ----------------------------
-- Table structure for community_water_fee_backup
-- ----------------------------
DROP TABLE IF EXISTS `community_water_fee_backup`;
CREATE TABLE `community_water_fee_backup`  (
  `water_id` bigint NOT NULL DEFAULT 0 COMMENT 'ж°ҙиҙ№IDпјҲдё»й”®пјү',
  `user_id` bigint NOT NULL COMMENT 'дёҡдё»IDпјҲе…іиҒ”community_userиЎЁidпјү',
  `user_name` varchar(50) CHARACTER SET utf8mb4 COLLATE utf8mb4_0900_ai_ci NOT NULL COMMENT 'дёҡдё»е§“еҗҚпјҲеҶ—дҪҷпјү',
  `user_room` varchar(50) CHARACTER SET utf8mb4 COLLATE utf8mb4_0900_ai_ci NOT NULL COMMENT 'дёҡдё»жҲҝеҸ·пјҲеҶ—дҪҷпјү',
  `read_month` varchar(20) CHARACTER SET utf8mb4 COLLATE utf8mb4_0900_ai_ci NOT NULL COMMENT 'и®Ўиҙ№жңҲд»ҪпјҲж јејҸпјҡYYYY-MMпјү',
  `last_reading` decimal(10, 2) NOT NULL COMMENT 'дёҠж¬ЎжҠ„иЎЁж•°пјҲеҗЁпјү',
  `current_reading` decimal(10, 2) NOT NULL COMMENT 'жң¬ж¬ЎжҠ„иЎЁж•°пјҲеҗЁпјү',
  `used_amount` decimal(10, 2) NOT NULL COMMENT 'е®һйҷ…з”Ёж°ҙйҮҸпјҲеҗЁпјү',
  `unit_price` decimal(10, 2) NOT NULL COMMENT 'ж°ҙиҙ№еҚ•д»·пјҲе…ғ/еҗЁпјү',
  `total_fee` decimal(10, 2) NOT NULL COMMENT 'ж°ҙиҙ№жҖ»йўқпјҲе…ғпјү',
  `fee_status` varchar(20) CHARACTER SET utf8mb4 COLLATE utf8mb4_0900_ai_ci NOT NULL COMMENT 'зјҙиҙ№зҠ¶жҖҒпјҲunpaid:жңӘзјҙиҙ№, paid:е·Ізјҙиҙ№, overdue:йҖҫжңҹпјү',
  `due_date` datetime NOT NULL COMMENT 'зјҙиҙ№жҲӘжӯўж—Ҙжңҹ',
  `payment_time` datetime NULL DEFAULT NULL COMMENT 'зјҙиҙ№ж—¶й—ҙ',
  `payment_no` varchar(64) CHARACTER SET utf8mb4 COLLATE utf8mb4_0900_ai_ci NULL DEFAULT '' COMMENT 'зјҙиҙ№и®ўеҚ•еҸ·',
  `overdue_amount` decimal(10, 2) NULL DEFAULT 0.00 COMMENT 'йҖҫжңҹж»һзәійҮ‘пјҲе…ғпјү',
  `reader` varchar(50) CHARACTER SET utf8mb4 COLLATE utf8mb4_0900_ai_ci NULL DEFAULT '' COMMENT 'жҠ„иЎЁе‘ҳ',
  `read_time` datetime NULL DEFAULT NULL COMMENT 'жҠ„иЎЁж—¶й—ҙ',
  `create_time` datetime NULL DEFAULT CURRENT_TIMESTAMP COMMENT 'еҲӣе»әж—¶й—ҙ',
  `update_time` datetime NULL DEFAULT CURRENT_TIMESTAMP ON UPDATE CURRENT_TIMESTAMP COMMENT 'жӣҙж–°ж—¶й—ҙ',
  `remark` varchar(500) CHARACTER SET utf8mb4 COLLATE utf8mb4_0900_ai_ci NULL DEFAULT '' COMMENT 'еӨҮжіЁ'
) ENGINE = InnoDB CHARACTER SET = utf8mb4 COLLATE = utf8mb4_0900_ai_ci ROW_FORMAT = DYNAMIC;

-- ----------------------------
-- Records of community_water_fee_backup
-- ----------------------------
INSERT INTO `community_water_fee_backup` VALUES (1, 1, 'зҺӢе…Ҳз”ҹ', '1-101', '2025-02', 0.00, 8.50, 8.50, 3.20, 27.20, 'paid', '2025-02-28 00:00:00', '2025-02-25 10:20:33', 'W202502001', 0.00, 'еј жҠ„иЎЁ', '2025-02-20 09:00:00', '2026-04-02 15:48:36', '2026-04-02 15:48:36', '');
INSERT INTO `community_water_fee_backup` VALUES (2, 2, 'жқҺеҘіеЈ«', '2-302', '2025-02', 0.00, 6.30, 6.30, 3.20, 20.16, 'paid', '2025-02-28 00:00:00', '2025-02-26 11:10:11', 'W202502002', 0.00, 'еј жҠ„иЎЁ', '2025-02-20 09:30:00', '2026-04-02 15:48:36', '2026-04-02 15:48:36', '');
INSERT INTO `community_water_fee_backup` VALUES (3, 3, 'еј е…Ҳз”ҹ', '3-505', '2025-02', 0.00, 12.80, 12.80, 3.20, 40.96, 'unpaid', '2025-02-28 00:00:00', NULL, 'W202502003', 2.05, 'еј жҠ„иЎЁ', '2025-02-20 10:00:00', '2026-04-02 15:48:36', '2026-04-02 15:48:36', '');
INSERT INTO `community_water_fee_backup` VALUES (4, 4, 'йҷҲеҘіеЈ«', '4-201', '2025-02', 0.00, 7.20, 7.20, 3.20, 23.04, 'paid', '2025-02-28 00:00:00', '2025-02-27 09:15:22', 'W202502004', 0.00, 'еј жҠ„иЎЁ', '2025-02-20 10:30:00', '2026-04-02 15:48:36', '2026-04-02 15:48:36', '');
INSERT INTO `community_water_fee_backup` VALUES (5, 5, 'еҲҳе…Ҳз”ҹ', '5-403', '2025-02', 0.00, 9.50, 9.50, 3.20, 30.40, 'overdue', '2025-02-28 00:00:00', NULL, 'W202502005', 1.52, 'еј жҠ„иЎЁ', '2025-02-20 11:00:00', '2026-04-02 15:48:36', '2026-04-02 15:48:36', '');

-- ----------------------------
-- Table structure for gen_table
-- ----------------------------
DROP TABLE IF EXISTS `gen_table`;
CREATE TABLE `gen_table`  (
  `table_id` bigint NOT NULL AUTO_INCREMENT COMMENT 'зј–еҸ·',
  `table_name` varchar(200) CHARACTER SET utf8mb4 COLLATE utf8mb4_0900_ai_ci NULL DEFAULT '' COMMENT 'иЎЁеҗҚз§°',
  `table_comment` varchar(500) CHARACTER SET utf8mb4 COLLATE utf8mb4_0900_ai_ci NULL DEFAULT '' COMMENT 'иЎЁжҸҸиҝ°',
  `sub_table_name` varchar(64) CHARACTER SET utf8mb4 COLLATE utf8mb4_0900_ai_ci NULL DEFAULT NULL COMMENT 'е…іиҒ”еӯҗиЎЁзҡ„иЎЁеҗҚ',
  `sub_table_fk_name` varchar(64) CHARACTER SET utf8mb4 COLLATE utf8mb4_0900_ai_ci NULL DEFAULT NULL COMMENT 'еӯҗиЎЁе…іиҒ”зҡ„еӨ–й”®еҗҚ',
  `class_name` varchar(100) CHARACTER SET utf8mb4 COLLATE utf8mb4_0900_ai_ci NULL DEFAULT '' COMMENT 'е®һдҪ“зұ»еҗҚз§°',
  `tpl_category` varchar(200) CHARACTER SET utf8mb4 COLLATE utf8mb4_0900_ai_ci NULL DEFAULT 'crud' COMMENT 'дҪҝз”Ёзҡ„жЁЎжқҝпјҲcrudеҚ•иЎЁж“ҚдҪң treeж ‘иЎЁж“ҚдҪңпјү',
  `tpl_web_type` varchar(30) CHARACTER SET utf8mb4 COLLATE utf8mb4_0900_ai_ci NULL DEFAULT '' COMMENT 'еүҚз«ҜжЁЎжқҝзұ»еһӢпјҲelement-uiжЁЎзүҲ element-plusжЁЎзүҲпјү',
  `package_name` varchar(100) CHARACTER SET utf8mb4 COLLATE utf8mb4_0900_ai_ci NULL DEFAULT NULL COMMENT 'з”ҹжҲҗеҢ…и·Ҝеҫ„',
  `module_name` varchar(30) CHARACTER SET utf8mb4 COLLATE utf8mb4_0900_ai_ci NULL DEFAULT NULL COMMENT 'з”ҹжҲҗжЁЎеқ—еҗҚ',
  `business_name` varchar(30) CHARACTER SET utf8mb4 COLLATE utf8mb4_0900_ai_ci NULL DEFAULT NULL COMMENT 'з”ҹжҲҗдёҡеҠЎеҗҚ',
  `function_name` varchar(50) CHARACTER SET utf8mb4 COLLATE utf8mb4_0900_ai_ci NULL DEFAULT NULL COMMENT 'з”ҹжҲҗеҠҹиғҪеҗҚ',
  `function_author` varchar(50) CHARACTER SET utf8mb4 COLLATE utf8mb4_0900_ai_ci NULL DEFAULT NULL COMMENT 'з”ҹжҲҗеҠҹиғҪдҪңиҖ…',
  `gen_type` char(1) CHARACTER SET utf8mb4 COLLATE utf8mb4_0900_ai_ci NULL DEFAULT '0' COMMENT 'з”ҹжҲҗд»Јз Ғж–№ејҸпјҲ0zipеҺӢзј©еҢ… 1иҮӘе®ҡд№үи·Ҝеҫ„пјү',
  `gen_path` varchar(200) CHARACTER SET utf8mb4 COLLATE utf8mb4_0900_ai_ci NULL DEFAULT '/' COMMENT 'з”ҹжҲҗи·Ҝеҫ„пјҲдёҚеЎ«й»ҳи®ӨйЎ№зӣ®и·Ҝеҫ„пјү',
  `options` varchar(1000) CHARACTER SET utf8mb4 COLLATE utf8mb4_0900_ai_ci NULL DEFAULT NULL COMMENT 'е…¶е®ғз”ҹжҲҗйҖүйЎ№',
  `create_by` varchar(64) CHARACTER SET utf8mb4 COLLATE utf8mb4_0900_ai_ci NULL DEFAULT '' COMMENT 'еҲӣе»әиҖ…',
  `create_time` datetime NULL DEFAULT NULL COMMENT 'еҲӣе»әж—¶й—ҙ',
  `update_by` varchar(64) CHARACTER SET utf8mb4 COLLATE utf8mb4_0900_ai_ci NULL DEFAULT '' COMMENT 'жӣҙж–°иҖ…',
  `update_time` datetime NULL DEFAULT NULL COMMENT 'жӣҙж–°ж—¶й—ҙ',
  `remark` varchar(500) CHARACTER SET utf8mb4 COLLATE utf8mb4_0900_ai_ci NULL DEFAULT NULL COMMENT 'еӨҮжіЁ',
  PRIMARY KEY (`table_id`) USING BTREE
) ENGINE = InnoDB AUTO_INCREMENT = 18 CHARACTER SET = utf8mb4 COLLATE = utf8mb4_0900_ai_ci COMMENT = 'д»Јз Ғз”ҹжҲҗдёҡеҠЎиЎЁ' ROW_FORMAT = DYNAMIC;

-- ----------------------------
-- Records of gen_table
-- ----------------------------
INSERT INTO `gen_table` VALUES (3, 'community_payment', 'е°ҸеҢәзјҙиҙ№з®ЎзҗҶиЎЁ', NULL, NULL, 'CommunityPayment', 'crud', 'element-ui', 'com.ruoyi.cost', 'cost', 'cos', 'е°ҸеҢәзјҙиҙ№з®ЎзҗҶ', 'ruoyi', '1', 'C:\\gitKu\\anyu\\RuoYi-Vue1\\ruoyi-cost\\src', '{\"parentMenuId\":2010}', 'admin', '2026-03-19 12:39:12', '', '2026-03-25 21:06:43', NULL);
INSERT INTO `gen_table` VALUES (4, 'community_property_fee', 'зү©дёҡиҙ№иЎЁ', NULL, NULL, 'CommunityPropertyFee', 'crud', 'element-ui', 'com.ruoyi.cost', 'wuyefei', 'wu', 'зү©дёҡиҙ№з®ЎзҗҶ', 'ruoyi', '1', 'C:\\gitKu\\anyu\\RuoYi-Vue1\\ruoyi-cost\\src', '{\"parentMenuId\":2008}', 'admin', '2026-03-25 21:02:36', '', '2026-03-25 21:22:17', NULL);
INSERT INTO `gen_table` VALUES (5, 'community_activity', 'зӨҫеҢәжҙ»еҠЁиЎЁ', NULL, NULL, 'CommunityActivity', 'crud', 'element-ui', 'com.ruoyi.system', 'system', 'activity', 'зӨҫеҢәжҙ»еҠЁ', 'ruoyi', '0', '/', NULL, 'admin', '2026-03-27 19:15:17', '', NULL, NULL);
INSERT INTO `gen_table` VALUES (10, 'community_repair_order', 'жҠҘдҝ®еҚ•жҚ®иЎЁ', NULL, NULL, 'CommunityRepairOrder', 'crud', 'element-ui', 'com.ruoyi.system', 'system', 'order', 'жҠҘдҝ®еҚ•жҚ®', 'ruoyi', '0', '/', NULL, 'admin', '2026-03-27 19:15:18', '', NULL, NULL);
INSERT INTO `gen_table` VALUES (11, 'community_space_reservation', 'еңәең°йў„зәҰиЎЁ', NULL, NULL, 'CommunitySpaceReservation', 'crud', 'element-ui', 'com.ruoyi.system', 'system', 'reservation', 'еңәең°йў„зәҰ', 'ruoyi', '0', '/', NULL, 'admin', '2026-03-27 19:15:18', '', NULL, NULL);
INSERT INTO `gen_table` VALUES (12, 'community_takeout', 'е°ҸеҢәеӨ–еҚ–и®ўеҚ•иЎЁ', NULL, NULL, 'CommunityTakeout', 'crud', 'element-ui', 'com.ruoyi.system', 'system', 'takeout', 'е°ҸеҢәеӨ–еҚ–и®ўеҚ•', 'ruoyi', '0', '/', NULL, 'admin', '2026-03-27 19:15:18', '', NULL, NULL);
INSERT INTO `gen_table` VALUES (13, 'community_user', 'дҪҸжҲ·дҝЎжҒҜиЎЁ', NULL, NULL, 'CommunityUser', 'crud', 'element-ui', 'com.ruoyi.system', 'system', 'user', 'дҪҸжҲ·дҝЎжҒҜ', 'ruoyi', '0', '/', NULL, 'admin', '2026-03-27 19:15:18', '', NULL, NULL);
INSERT INTO `gen_table` VALUES (15, 'community_station', 'е°ҸеҢәй©ҝз«ҷжңҚеҠЎиЎЁ', NULL, NULL, 'CommunityStation', 'crud', 'element-ui', 'com.ruoyi.station', 'station', 'station', 'е°ҸеҢәй©ҝз«ҷжңҚеҠЎ', 'ruoyi', '0', '/', '{}', 'admin', '2026-03-27 19:36:40', '', '2026-03-27 19:54:51', NULL);
INSERT INTO `gen_table` VALUES (16, 'community_visitor', 'е°ҸеҢәи®ҝе®ўз®ЎзҗҶиЎЁ', NULL, NULL, 'CommunityVisitor', 'crud', 'element-ui', 'com.ruoyi.visiter', 'visiter', 'visi', 'е°ҸеҢәи®ҝе®ўз®ЎзҗҶ', 'ruoyi', '1', 'C:\\gitKu\\anyu\\RuoYi-Vue1\\ruoyi-visiter\\src', '{\"parentMenuId\":2046}', 'admin', '2026-03-29 00:57:48', '', '2026-03-29 01:32:14', NULL);
INSERT INTO `gen_table` VALUES (17, 'ai_community_event', 'AIзӨҫеҢәдё»еҠЁдәӢд»¶иЎЁ', NULL, NULL, 'AiCommunityEvent', 'crud', 'element-ui', 'com.ruoyi.system', 'system', 'event', 'AIзӨҫеҢәдё»еҠЁдәӢд»¶', 'ruoyi', '1', 'C:/gitKu/anyu/RuoYi-Vue1/ruoyi-system', '{\"parentMenuId\":2050}', 'admin', '2026-03-30 18:58:54', '', '2026-03-30 19:02:37', NULL);

-- ----------------------------
-- Table structure for gen_table_column
-- ----------------------------
DROP TABLE IF EXISTS `gen_table_column`;
CREATE TABLE `gen_table_column`  (
  `column_id` bigint NOT NULL AUTO_INCREMENT COMMENT 'зј–еҸ·',
  `table_id` bigint NULL DEFAULT NULL COMMENT 'еҪ’еұһиЎЁзј–еҸ·',
  `column_name` varchar(200) CHARACTER SET utf8mb4 COLLATE utf8mb4_0900_ai_ci NULL DEFAULT NULL COMMENT 'еҲ—еҗҚз§°',
  `column_comment` varchar(500) CHARACTER SET utf8mb4 COLLATE utf8mb4_0900_ai_ci NULL DEFAULT NULL COMMENT 'еҲ—жҸҸиҝ°',
  `column_type` varchar(100) CHARACTER SET utf8mb4 COLLATE utf8mb4_0900_ai_ci NULL DEFAULT NULL COMMENT 'еҲ—зұ»еһӢ',
  `java_type` varchar(500) CHARACTER SET utf8mb4 COLLATE utf8mb4_0900_ai_ci NULL DEFAULT NULL COMMENT 'JAVAзұ»еһӢ',
  `java_field` varchar(200) CHARACTER SET utf8mb4 COLLATE utf8mb4_0900_ai_ci NULL DEFAULT NULL COMMENT 'JAVAеӯ—ж®өеҗҚ',
  `is_pk` char(1) CHARACTER SET utf8mb4 COLLATE utf8mb4_0900_ai_ci NULL DEFAULT NULL COMMENT 'жҳҜеҗҰдё»й”®пјҲ1жҳҜпјү',
  `is_increment` char(1) CHARACTER SET utf8mb4 COLLATE utf8mb4_0900_ai_ci NULL DEFAULT NULL COMMENT 'жҳҜеҗҰиҮӘеўһпјҲ1жҳҜпјү',
  `is_required` char(1) CHARACTER SET utf8mb4 COLLATE utf8mb4_0900_ai_ci NULL DEFAULT NULL COMMENT 'жҳҜеҗҰеҝ…еЎ«пјҲ1жҳҜпјү',
  `is_insert` char(1) CHARACTER SET utf8mb4 COLLATE utf8mb4_0900_ai_ci NULL DEFAULT NULL COMMENT 'жҳҜеҗҰдёәжҸ’е…Ҙеӯ—ж®өпјҲ1жҳҜпјү',
  `is_edit` char(1) CHARACTER SET utf8mb4 COLLATE utf8mb4_0900_ai_ci NULL DEFAULT NULL COMMENT 'жҳҜеҗҰзј–иҫ‘еӯ—ж®өпјҲ1жҳҜпјү',
  `is_list` char(1) CHARACTER SET utf8mb4 COLLATE utf8mb4_0900_ai_ci NULL DEFAULT NULL COMMENT 'жҳҜеҗҰеҲ—иЎЁеӯ—ж®өпјҲ1жҳҜпјү',
  `is_query` char(1) CHARACTER SET utf8mb4 COLLATE utf8mb4_0900_ai_ci NULL DEFAULT NULL COMMENT 'жҳҜеҗҰжҹҘиҜўеӯ—ж®өпјҲ1жҳҜпјү',
  `query_type` varchar(200) CHARACTER SET utf8mb4 COLLATE utf8mb4_0900_ai_ci NULL DEFAULT 'EQ' COMMENT 'жҹҘиҜўж–№ејҸпјҲзӯүдәҺгҖҒдёҚзӯүдәҺгҖҒеӨ§дәҺгҖҒе°ҸдәҺгҖҒиҢғеӣҙпјү',
  `html_type` varchar(200) CHARACTER SET utf8mb4 COLLATE utf8mb4_0900_ai_ci NULL DEFAULT NULL COMMENT 'жҳҫзӨәзұ»еһӢпјҲж–Үжң¬жЎҶгҖҒж–Үжң¬еҹҹгҖҒдёӢжӢүжЎҶгҖҒеӨҚйҖүжЎҶгҖҒеҚ•йҖүжЎҶгҖҒж—ҘжңҹжҺ§д»¶пјү',
  `dict_type` varchar(200) CHARACTER SET utf8mb4 COLLATE utf8mb4_0900_ai_ci NULL DEFAULT '' COMMENT 'еӯ—е…ёзұ»еһӢ',
  `sort` int NULL DEFAULT NULL COMMENT 'жҺ’еәҸ',
  `create_by` varchar(64) CHARACTER SET utf8mb4 COLLATE utf8mb4_0900_ai_ci NULL DEFAULT '' COMMENT 'еҲӣе»әиҖ…',
  `create_time` datetime NULL DEFAULT NULL COMMENT 'еҲӣе»әж—¶й—ҙ',
  `update_by` varchar(64) CHARACTER SET utf8mb4 COLLATE utf8mb4_0900_ai_ci NULL DEFAULT '' COMMENT 'жӣҙж–°иҖ…',
  `update_time` datetime NULL DEFAULT NULL COMMENT 'жӣҙж–°ж—¶й—ҙ',
  PRIMARY KEY (`column_id`) USING BTREE
) ENGINE = InnoDB AUTO_INCREMENT = 262 CHARACTER SET = utf8mb4 COLLATE = utf8mb4_0900_ai_ci COMMENT = 'д»Јз Ғз”ҹжҲҗдёҡеҠЎиЎЁеӯ—ж®ө' ROW_FORMAT = DYNAMIC;

-- ----------------------------
-- Records of gen_table_column
-- ----------------------------
INSERT INTO `gen_table_column` VALUES (28, 3, 'id', 'дё»й”®ID', 'bigint', 'Long', 'id', '1', '1', '0', '1', NULL, NULL, NULL, 'EQ', 'input', '', 1, 'admin', '2026-03-19 12:39:12', '', '2026-03-25 21:06:43');
INSERT INTO `gen_table_column` VALUES (29, 3, 'user_id', 'дёҡдё»IDпјҲе…іиҒ”sys_userиЎЁidпјү', 'bigint', 'Long', 'userId', '0', '0', '1', '1', '1', '1', '1', 'EQ', 'input', '', 2, 'admin', '2026-03-19 12:39:12', '', '2026-03-25 21:06:43');
INSERT INTO `gen_table_column` VALUES (30, 3, 'user_name', 'дёҡдё»е§“еҗҚпјҲеҶ—дҪҷпјү', 'varchar(50)', 'String', 'userName', '0', '0', '1', '1', '1', '1', '1', 'LIKE', 'input', '', 3, 'admin', '2026-03-19 12:39:12', '', '2026-03-25 21:06:43');
INSERT INTO `gen_table_column` VALUES (31, 3, 'user_room', 'дёҡдё»жҲҝеҸ·пјҲеҶ—дҪҷпјҡжҹҘиҜўйў‘ж¬Ўй«ҳпјү', 'varchar(50)', 'String', 'userRoom', '0', '0', '1', '1', '1', '1', '1', 'EQ', 'input', '', 4, 'admin', '2026-03-19 12:39:12', '', '2026-03-25 21:06:43');
INSERT INTO `gen_table_column` VALUES (32, 3, 'payment_type', 'зјҙиҙ№зұ»еһӢпјҲproperty:зү©дёҡиҙ№, water:ж°ҙиҙ№, electricity:з”өиҙ№, gas:зҮғж°”иҙ№, parking:иҪҰдҪҚиҙ№пјү', 'varchar(30)', 'String', 'paymentType', '0', '0', '1', '1', '1', '1', '1', 'EQ', 'select', '', 5, 'admin', '2026-03-19 12:39:12', '', '2026-03-25 21:06:43');
INSERT INTO `gen_table_column` VALUES (33, 3, 'payment_amount', 'зјҙиҙ№йҮ‘йўқ', 'decimal(10,2)', 'BigDecimal', 'paymentAmount', '0', '0', '1', '1', '1', '1', '1', 'EQ', 'input', '', 6, 'admin', '2026-03-19 12:39:12', '', '2026-03-25 21:06:43');
INSERT INTO `gen_table_column` VALUES (34, 3, 'payment_status', 'зјҙиҙ№зҠ¶жҖҒпјҲunpaid:жңӘзјҙиҙ№, paid:е·Ізјҙиҙ№, overdue:йҖҫжңҹпјү', 'varchar(20)', 'String', 'paymentStatus', '0', '0', '1', '1', '1', '1', '1', 'EQ', 'radio', '', 7, 'admin', '2026-03-19 12:39:12', '', '2026-03-25 21:06:43');
INSERT INTO `gen_table_column` VALUES (35, 3, 'payment_no', 'зјҙиҙ№и®ўеҚ•еҸ·пјҲе”ҜдёҖпјү', 'varchar(64)', 'String', 'paymentNo', '0', '0', '0', '1', '1', '1', '1', 'EQ', 'input', '', 8, 'admin', '2026-03-19 12:39:12', '', '2026-03-25 21:06:43');
INSERT INTO `gen_table_column` VALUES (36, 3, 'payment_time', 'зјҙиҙ№ж—¶й—ҙ', 'datetime', 'Date', 'paymentTime', '0', '0', '0', '1', '1', '1', '1', 'EQ', 'datetime', '', 9, 'admin', '2026-03-19 12:39:12', '', '2026-03-25 21:06:43');
INSERT INTO `gen_table_column` VALUES (37, 3, 'overdue_amount', 'йҖҫжңҹж»һзәійҮ‘', 'decimal(10,2)', 'BigDecimal', 'overdueAmount', '0', '0', '0', '1', '1', '1', '1', 'EQ', 'input', '', 10, 'admin', '2026-03-19 12:39:12', '', '2026-03-25 21:06:43');
INSERT INTO `gen_table_column` VALUES (38, 3, 'due_time', 'зјҙиҙ№жҲӘжӯўж—¶й—ҙ', 'datetime', 'Date', 'dueTime', '0', '0', '1', '1', '1', '1', '1', 'EQ', 'datetime', '', 11, 'admin', '2026-03-19 12:39:12', '', '2026-03-25 21:06:43');
INSERT INTO `gen_table_column` VALUES (39, 3, 'create_by', 'еҲӣе»әдәә', 'varchar(64)', 'String', 'createBy', '0', '0', '0', '1', NULL, NULL, NULL, 'EQ', 'input', '', 12, 'admin', '2026-03-19 12:39:12', '', '2026-03-25 21:06:43');
INSERT INTO `gen_table_column` VALUES (40, 3, 'create_time', 'еҲӣе»әж—¶й—ҙ', 'datetime', 'Date', 'createTime', '0', '0', '0', '1', NULL, NULL, NULL, 'EQ', 'datetime', '', 13, 'admin', '2026-03-19 12:39:12', '', '2026-03-25 21:06:43');
INSERT INTO `gen_table_column` VALUES (41, 3, 'update_by', 'дҝ®ж”№дәә', 'varchar(64)', 'String', 'updateBy', '0', '0', '0', '1', '1', NULL, NULL, 'EQ', 'input', '', 14, 'admin', '2026-03-19 12:39:12', '', '2026-03-25 21:06:43');
INSERT INTO `gen_table_column` VALUES (42, 3, 'update_time', 'дҝ®ж”№ж—¶й—ҙ', 'datetime', 'Date', 'updateTime', '0', '0', '0', '1', '1', NULL, NULL, 'EQ', 'datetime', '', 15, 'admin', '2026-03-19 12:39:12', '', '2026-03-25 21:06:43');
INSERT INTO `gen_table_column` VALUES (43, 3, 'remark', 'еӨҮжіЁдҝЎжҒҜ', 'varchar(500)', 'String', 'remark', '0', '0', '0', '1', '1', '1', NULL, 'EQ', 'textarea', '', 16, 'admin', '2026-03-19 12:39:12', '', '2026-03-25 21:06:43');
INSERT INTO `gen_table_column` VALUES (44, 4, 'property_fee_id', 'зү©дёҡиҙ№IDпјҲдё»й”®пјү', 'bigint', 'Long', 'propertyFeeId', '1', '1', '0', '1', NULL, NULL, NULL, 'EQ', 'input', '', 1, 'admin', '2026-03-25 21:02:36', '', '2026-03-25 21:22:17');
INSERT INTO `gen_table_column` VALUES (45, 4, 'user_id', 'дёҡдё»IDпјҲе…іиҒ”community_userиЎЁidпјү', 'bigint', 'Long', 'userId', '0', '0', '1', '1', '1', '1', '1', 'EQ', 'input', '', 2, 'admin', '2026-03-25 21:02:36', '', '2026-03-25 21:22:17');
INSERT INTO `gen_table_column` VALUES (46, 4, 'user_name', 'дёҡдё»е§“еҗҚпјҲеҶ—дҪҷпјү', 'varchar(50)', 'String', 'userName', '0', '0', '1', '1', '1', '1', '1', 'LIKE', 'input', '', 3, 'admin', '2026-03-25 21:02:36', '', '2026-03-25 21:22:17');
INSERT INTO `gen_table_column` VALUES (47, 4, 'user_room', 'дёҡдё»жҲҝеҸ·пјҲеҶ—дҪҷпјү', 'varchar(50)', 'String', 'userRoom', '0', '0', '1', '1', '1', '1', '1', 'EQ', 'input', '', 4, 'admin', '2026-03-25 21:02:36', '', '2026-03-25 21:22:17');
INSERT INTO `gen_table_column` VALUES (48, 4, 'property_month', 'и®Ўиҙ№жңҲд»ҪпјҲж јејҸпјҡYYYY-MMпјү', 'varchar(20)', 'String', 'propertyMonth', '0', '0', '1', '1', '1', '1', '1', 'EQ', 'input', '', 5, 'admin', '2026-03-25 21:02:36', '', '2026-03-25 21:22:17');
INSERT INTO `gen_table_column` VALUES (49, 4, 'house_area', 'жҲҝеұӢе»әзӯ‘йқўз§ҜпјҲгҺЎпјү', 'decimal(10,2)', 'BigDecimal', 'houseArea', '0', '0', '1', '1', '1', '1', '1', 'EQ', 'input', '', 6, 'admin', '2026-03-25 21:02:36', '', '2026-03-25 21:22:17');
INSERT INTO `gen_table_column` VALUES (50, 4, 'unit_price', 'зү©дёҡиҙ№еҚ•д»·пјҲе…ғ/гҺЎ/жңҲпјү', 'decimal(10,2)', 'BigDecimal', 'unitPrice', '0', '0', '1', '1', '1', '1', '1', 'EQ', 'input', '', 7, 'admin', '2026-03-25 21:02:36', '', '2026-03-25 21:22:17');
INSERT INTO `gen_table_column` VALUES (51, 4, 'total_fee', 'зү©дёҡиҙ№жҖ»йўқпјҲе…ғпјү', 'decimal(10,2)', 'BigDecimal', 'totalFee', '0', '0', '1', '1', '1', '1', '1', 'EQ', 'input', '', 8, 'admin', '2026-03-25 21:02:36', '', '2026-03-25 21:22:17');
INSERT INTO `gen_table_column` VALUES (52, 4, 'fee_status', 'зјҙиҙ№зҠ¶жҖҒпјҲunpaid:жңӘзјҙиҙ№, paid:е·Ізјҙиҙ№, overdue:йҖҫжңҹпјү', 'varchar(20)', 'String', 'feeStatus', '0', '0', '1', '1', '1', '1', '1', 'EQ', 'radio', '', 9, 'admin', '2026-03-25 21:02:36', '', '2026-03-25 21:22:17');
INSERT INTO `gen_table_column` VALUES (53, 4, 'due_date', 'зјҙиҙ№жҲӘжӯўж—Ҙжңҹ', 'datetime', 'Date', 'dueDate', '0', '0', '1', '1', '1', '1', '1', 'EQ', 'datetime', '', 10, 'admin', '2026-03-25 21:02:36', '', '2026-03-25 21:22:17');
INSERT INTO `gen_table_column` VALUES (54, 4, 'payment_time', 'зјҙиҙ№ж—¶й—ҙ', 'datetime', 'Date', 'paymentTime', '0', '0', '0', '1', '1', '1', '1', 'EQ', 'datetime', '', 11, 'admin', '2026-03-25 21:02:36', '', '2026-03-25 21:22:17');
INSERT INTO `gen_table_column` VALUES (55, 4, 'payment_no', 'зјҙиҙ№и®ўеҚ•еҸ·', 'varchar(64)', 'String', 'paymentNo', '0', '0', '0', '1', '1', '1', '1', 'EQ', 'input', '', 12, 'admin', '2026-03-25 21:02:36', '', '2026-03-25 21:22:17');
INSERT INTO `gen_table_column` VALUES (56, 4, 'overdue_amount', 'йҖҫжңҹж»һзәійҮ‘пјҲе…ғпјү', 'decimal(10,2)', 'BigDecimal', 'overdueAmount', '0', '0', '0', '1', '1', '1', '1', 'EQ', 'input', '', 13, 'admin', '2026-03-25 21:02:36', '', '2026-03-25 21:22:17');
INSERT INTO `gen_table_column` VALUES (57, 4, 'create_time', 'еҲӣе»әж—¶й—ҙ', 'datetime', 'Date', 'createTime', '0', '0', '0', '1', NULL, NULL, NULL, 'EQ', 'datetime', '', 14, 'admin', '2026-03-25 21:02:36', '', '2026-03-25 21:22:17');
INSERT INTO `gen_table_column` VALUES (58, 4, 'update_time', 'жӣҙж–°ж—¶й—ҙ', 'datetime', 'Date', 'updateTime', '0', '0', '0', '1', '1', NULL, NULL, 'EQ', 'datetime', '', 15, 'admin', '2026-03-25 21:02:36', '', '2026-03-25 21:22:17');
INSERT INTO `gen_table_column` VALUES (59, 4, 'remark', 'еӨҮжіЁ', 'varchar(500)', 'String', 'remark', '0', '0', '0', '1', '1', '1', NULL, 'EQ', 'textarea', '', 16, 'admin', '2026-03-25 21:02:36', '', '2026-03-25 21:22:17');
INSERT INTO `gen_table_column` VALUES (60, 5, 'activity_id', 'жҙ»еҠЁIDпјҲдё»й”®пјү', 'bigint', 'Long', 'activityId', '1', '1', '0', '1', NULL, NULL, NULL, 'EQ', 'input', '', 1, 'admin', '2026-03-27 19:15:17', '', NULL);
INSERT INTO `gen_table_column` VALUES (61, 5, 'activity_title', 'жҙ»еҠЁж Үйўҳ', 'varchar(100)', 'String', 'activityTitle', '0', '0', '1', '1', '1', '1', '1', 'EQ', 'input', '', 2, 'admin', '2026-03-27 19:15:17', '', NULL);
INSERT INTO `gen_table_column` VALUES (62, 5, 'activity_type', 'жҙ»еҠЁеҲҶзұ»пјҲvolunteer:еҝ—ж„ҝжңҚеҠЎ, good_deed:еҘҪдәәеҘҪдәӢ, daily_share:ж—ҘеёёеҲҶдә«пјү', 'varchar(20)', 'String', 'activityType', '0', '0', '1', '1', '1', '1', '1', 'EQ', 'select', '', 3, 'admin', '2026-03-27 19:15:17', '', NULL);
INSERT INTO `gen_table_column` VALUES (63, 5, 'activity_content', 'жҙ»еҠЁеҶ…е®№', 'text', 'String', 'activityContent', '0', '0', '1', '1', '1', '1', '1', 'EQ', 'editor', '', 4, 'admin', '2026-03-27 19:15:17', '', NULL);
INSERT INTO `gen_table_column` VALUES (64, 5, 'activity_time', 'жҙ»еҠЁж—¶й—ҙ', 'datetime', 'Date', 'activityTime', '0', '0', '1', '1', '1', '1', '1', 'EQ', 'datetime', '', 5, 'admin', '2026-03-27 19:15:17', '', NULL);
INSERT INTO `gen_table_column` VALUES (65, 5, 'activity_location', 'жҙ»еҠЁең°зӮ№', 'varchar(200)', 'String', 'activityLocation', '0', '0', '1', '1', '1', '1', '1', 'EQ', 'input', '', 6, 'admin', '2026-03-27 19:15:17', '', NULL);
INSERT INTO `gen_table_column` VALUES (66, 5, 'publisher_id', 'еҸ‘еёғдәәIDпјҲе…іиҒ”community_userиЎЁidпјү', 'bigint', 'Long', 'publisherId', '0', '0', '1', '1', '1', '1', '1', 'EQ', 'input', '', 7, 'admin', '2026-03-27 19:15:17', '', NULL);
INSERT INTO `gen_table_column` VALUES (67, 5, 'publisher_name', 'еҸ‘еёғдәәе§“еҗҚпјҲеҶ—дҪҷпјү', 'varchar(50)', 'String', 'publisherName', '0', '0', '1', '1', '1', '1', '1', 'LIKE', 'input', '', 8, 'admin', '2026-03-27 19:15:17', '', NULL);
INSERT INTO `gen_table_column` VALUES (68, 5, 'signup_start_time', 'жҠҘеҗҚејҖе§Ӣж—¶й—ҙ', 'datetime', 'Date', 'signupStartTime', '0', '0', '1', '1', '1', '1', '1', 'EQ', 'datetime', '', 9, 'admin', '2026-03-27 19:15:17', '', NULL);
INSERT INTO `gen_table_column` VALUES (69, 5, 'signup_end_time', 'жҠҘеҗҚз»“жқҹж—¶й—ҙ', 'datetime', 'Date', 'signupEndTime', '0', '0', '1', '1', '1', '1', '1', 'EQ', 'datetime', '', 10, 'admin', '2026-03-27 19:15:17', '', NULL);
INSERT INTO `gen_table_column` VALUES (70, 5, 'max_participants', 'жңҖеӨ§еҸӮдёҺдәәж•°пјҲ0иЎЁзӨәж— йҷҗеҲ¶пјү', 'int', 'Long', 'maxParticipants', '0', '0', '0', '1', '1', '1', '1', 'EQ', 'input', '', 11, 'admin', '2026-03-27 19:15:17', '', NULL);
INSERT INTO `gen_table_column` VALUES (71, 5, 'current_participants', 'еҪ“еүҚжҠҘеҗҚдәәж•°', 'int', 'Long', 'currentParticipants', '0', '0', '0', '1', '1', '1', '1', 'EQ', 'input', '', 12, 'admin', '2026-03-27 19:15:17', '', NULL);
INSERT INTO `gen_table_column` VALUES (72, 5, 'status', 'жҙ»еҠЁзҠ¶жҖҒпјҲdraft:иҚүзЁҝ, published:е·ІеҸ‘еёғ, ongoing:иҝӣиЎҢдёӯ, completed:е·Із»“жқҹ, cancelled:е·ІеҸ–ж¶Ҳпјү', 'varchar(20)', 'String', 'status', '0', '0', '1', '1', '1', '1', '1', 'EQ', 'radio', '', 13, 'admin', '2026-03-27 19:15:17', '', NULL);
INSERT INTO `gen_table_column` VALUES (73, 5, 'create_time', 'еҲӣе»әж—¶й—ҙ', 'datetime', 'Date', 'createTime', '0', '0', '0', '1', NULL, NULL, NULL, 'EQ', 'datetime', '', 14, 'admin', '2026-03-27 19:15:17', '', NULL);
INSERT INTO `gen_table_column` VALUES (74, 5, 'update_time', 'жӣҙж–°ж—¶й—ҙ', 'datetime', 'Date', 'updateTime', '0', '0', '0', '1', '1', NULL, NULL, 'EQ', 'datetime', '', 15, 'admin', '2026-03-27 19:15:18', '', NULL);
INSERT INTO `gen_table_column` VALUES (75, 5, 'remark', 'еӨҮжіЁ', 'varchar(500)', 'String', 'remark', '0', '0', '0', '1', '1', '1', NULL, 'EQ', 'textarea', '', 16, 'admin', '2026-03-27 19:15:18', '', NULL);
INSERT INTO `gen_table_column` VALUES (130, 10, 'order_id', 'еҚ•жҚ®IDпјҲдё»й”®пјү', 'bigint', 'Long', 'orderId', '1', '1', '0', '1', NULL, NULL, NULL, 'EQ', 'input', '', 1, 'admin', '2026-03-27 19:15:18', '', NULL);
INSERT INTO `gen_table_column` VALUES (131, 10, 'repair_id', 'е…іиҒ”з»ҙдҝ®IDпјҲе…іиҒ”community_repairиЎЁrepair_idпјү', 'bigint', 'Long', 'repairId', '0', '0', '1', '1', '1', '1', '1', 'EQ', 'input', '', 2, 'admin', '2026-03-27 19:15:18', '', NULL);
INSERT INTO `gen_table_column` VALUES (132, 10, 'user_id', 'жҠҘдҝ®дәәIDпјҲе…іиҒ”community_userиЎЁidпјү', 'bigint', 'Long', 'userId', '0', '0', '1', '1', '1', '1', '1', 'EQ', 'input', '', 3, 'admin', '2026-03-27 19:15:18', '', NULL);
INSERT INTO `gen_table_column` VALUES (133, 10, 'user_name', 'жҠҘдҝ®дәәе§“еҗҚпјҲеҶ—дҪҷпјү', 'varchar(50)', 'String', 'userName', '0', '0', '1', '1', '1', '1', '1', 'LIKE', 'input', '', 4, 'admin', '2026-03-27 19:15:18', '', NULL);
INSERT INTO `gen_table_column` VALUES (134, 10, 'user_room', 'жҠҘдҝ®дәәжҲҝеҸ·пјҲеҶ—дҪҷпјү', 'varchar(50)', 'String', 'userRoom', '0', '0', '1', '1', '1', '1', '1', 'EQ', 'input', '', 5, 'admin', '2026-03-27 19:15:18', '', NULL);
INSERT INTO `gen_table_column` VALUES (135, 10, 'user_phone', 'жҠҘдҝ®дәәз”өиҜқпјҲеҶ—дҪҷпјү', 'varchar(20)', 'String', 'userPhone', '0', '0', '1', '1', '1', '1', '1', 'EQ', 'input', '', 6, 'admin', '2026-03-27 19:15:18', '', NULL);
INSERT INTO `gen_table_column` VALUES (136, 10, 'repair_type', 'жҠҘдҝ®зұ»еһӢпјҲwater:ж°ҙз”өз»ҙдҝ®, furniture:е®¶з”өз»ҙдҝ®, decoration:иЈ…дҝ®з»ҙдҝ®, other:е…¶д»–пјү', 'varchar(30)', 'String', 'repairType', '0', '0', '1', '1', '1', '1', '1', 'EQ', 'select', '', 7, 'admin', '2026-03-27 19:15:18', '', NULL);
INSERT INTO `gen_table_column` VALUES (137, 10, 'repair_address', 'з»ҙдҝ®ең°еқҖ', 'varchar(200)', 'String', 'repairAddress', '0', '0', '1', '1', '1', '1', '1', 'EQ', 'input', '', 8, 'admin', '2026-03-27 19:15:18', '', NULL);
INSERT INTO `gen_table_column` VALUES (138, 10, 'repair_desc', 'ж•…йҡңжҸҸиҝ°', 'text', 'String', 'repairDesc', '0', '0', '1', '1', '1', '1', '1', 'EQ', 'textarea', '', 9, 'admin', '2026-03-27 19:15:18', '', NULL);
INSERT INTO `gen_table_column` VALUES (139, 10, 'repair_images', 'ж•…йҡңеӣҫзүҮпјҲеӨҡдёӘең°еқҖз”ЁйҖ—еҸ·еҲҶйҡ”пјү', 'varchar(1000)', 'String', 'repairImages', '0', '0', '0', '1', '1', '1', '1', 'EQ', 'textarea', '', 10, 'admin', '2026-03-27 19:15:18', '', NULL);
INSERT INTO `gen_table_column` VALUES (140, 10, 'order_status', 'еҚ•жҚ®зҠ¶жҖҒпјҲpending:еҫ…жҙҫеҚ•, assigned:е·ІжҙҫеҚ•, processing:з»ҙдҝ®дёӯ, completed:е·Іе®ҢжҲҗ, cancelled:е·ІеҸ–ж¶Ҳпјү', 'varchar(20)', 'String', 'orderStatus', '0', '0', '1', '1', '1', '1', '1', 'EQ', 'radio', '', 11, 'admin', '2026-03-27 19:15:18', '', NULL);
INSERT INTO `gen_table_column` VALUES (141, 10, 'create_time', 'еҲӣе»әж—¶й—ҙ', 'datetime', 'Date', 'createTime', '0', '0', '0', '1', NULL, NULL, NULL, 'EQ', 'datetime', '', 12, 'admin', '2026-03-27 19:15:18', '', NULL);
INSERT INTO `gen_table_column` VALUES (142, 10, 'update_time', 'жӣҙж–°ж—¶й—ҙ', 'datetime', 'Date', 'updateTime', '0', '0', '0', '1', '1', NULL, NULL, 'EQ', 'datetime', '', 13, 'admin', '2026-03-27 19:15:18', '', NULL);
INSERT INTO `gen_table_column` VALUES (143, 10, 'remark', 'еӨҮжіЁ', 'varchar(500)', 'String', 'remark', '0', '0', '0', '1', '1', '1', NULL, 'EQ', 'textarea', '', 14, 'admin', '2026-03-27 19:15:18', '', NULL);
INSERT INTO `gen_table_column` VALUES (144, 11, 'reservation_id', 'йў„зәҰIDпјҲдё»й”®пјү', 'bigint', 'Long', 'reservationId', '1', '1', '0', '1', NULL, NULL, NULL, 'EQ', 'input', '', 1, 'admin', '2026-03-27 19:15:18', '', NULL);
INSERT INTO `gen_table_column` VALUES (145, 11, 'space_name', 'еңәең°еҗҚз§°пјҲеҰӮпјҡзӨҫеҢәзӨје ӮгҖҒеҒҘиә«жҲҝгҖҒдјҡи®®е®Өпјү', 'varchar(100)', 'String', 'spaceName', '0', '0', '1', '1', '1', '1', '1', 'LIKE', 'input', '', 2, 'admin', '2026-03-27 19:15:18', '', NULL);
INSERT INTO `gen_table_column` VALUES (146, 11, 'user_id', 'йў„зәҰдәәIDпјҲе…іиҒ”community_userиЎЁidпјү', 'bigint', 'Long', 'userId', '0', '0', '1', '1', '1', '1', '1', 'EQ', 'input', '', 3, 'admin', '2026-03-27 19:15:18', '', NULL);
INSERT INTO `gen_table_column` VALUES (147, 11, 'user_name', 'йў„зәҰдәәе§“еҗҚпјҲеҶ—дҪҷпјү', 'varchar(50)', 'String', 'userName', '0', '0', '1', '1', '1', '1', '1', 'LIKE', 'input', '', 4, 'admin', '2026-03-27 19:15:18', '', NULL);
INSERT INTO `gen_table_column` VALUES (148, 11, 'user_phone', 'йў„зәҰдәәз”өиҜқпјҲеҶ—дҪҷпјү', 'varchar(20)', 'String', 'userPhone', '0', '0', '1', '1', '1', '1', '1', 'EQ', 'input', '', 5, 'admin', '2026-03-27 19:15:18', '', NULL);
INSERT INTO `gen_table_column` VALUES (149, 11, 'reserve_date', 'йў„зәҰж—Ҙжңҹ', 'date', 'Date', 'reserveDate', '0', '0', '1', '1', '1', '1', '1', 'EQ', 'datetime', '', 6, 'admin', '2026-03-27 19:15:18', '', NULL);
INSERT INTO `gen_table_column` VALUES (150, 11, 'start_time', 'дҪҝз”ЁејҖе§Ӣж—¶й—ҙ', 'time', 'Date', 'startTime', '0', '0', '1', '1', '1', '1', '1', 'EQ', 'datetime', '', 7, 'admin', '2026-03-27 19:15:18', '', NULL);
INSERT INTO `gen_table_column` VALUES (151, 11, 'end_time', 'дҪҝз”Ёз»“жқҹж—¶й—ҙ', 'time', 'Date', 'endTime', '0', '0', '1', '1', '1', '1', '1', 'EQ', 'datetime', '', 8, 'admin', '2026-03-27 19:15:18', '', NULL);
INSERT INTO `gen_table_column` VALUES (152, 11, 'reservation_purpose', 'йў„зәҰз”ЁйҖ”', 'varchar(500)', 'String', 'reservationPurpose', '0', '0', '0', '1', '1', '1', '1', 'EQ', 'textarea', '', 9, 'admin', '2026-03-27 19:15:18', '', NULL);
INSERT INTO `gen_table_column` VALUES (153, 11, 'reservation_status', 'йў„зәҰзҠ¶жҖҒпјҲpending:еҫ…е®Ўж ё, approved:е·ІйҖҡиҝҮ, rejected:е·ІжӢ’з»қ, completed:е·Іе®ҢжҲҗ, cancelled:е·ІеҸ–ж¶Ҳпјү', 'varchar(20)', 'String', 'reservationStatus', '0', '0', '1', '1', '1', '1', '1', 'EQ', 'radio', '', 10, 'admin', '2026-03-27 19:15:18', '', NULL);
INSERT INTO `gen_table_column` VALUES (154, 11, 'reject_reason', 'жӢ’з»қеҺҹеӣ ', 'varchar(500)', 'String', 'rejectReason', '0', '0', '0', '1', '1', '1', '1', 'EQ', 'textarea', '', 11, 'admin', '2026-03-27 19:15:18', '', NULL);
INSERT INTO `gen_table_column` VALUES (155, 11, 'approver_id', 'е®Ўж ёдәәIDпјҲе…іиҒ”sys_userиЎЁidпјү', 'bigint', 'Long', 'approverId', '0', '0', '0', '1', '1', '1', '1', 'EQ', 'input', '', 12, 'admin', '2026-03-27 19:15:18', '', NULL);
INSERT INTO `gen_table_column` VALUES (156, 11, 'approve_time', 'е®Ўж ёж—¶й—ҙ', 'datetime', 'Date', 'approveTime', '0', '0', '0', '1', '1', '1', '1', 'EQ', 'datetime', '', 13, 'admin', '2026-03-27 19:15:18', '', NULL);
INSERT INTO `gen_table_column` VALUES (157, 11, 'create_time', 'еҲӣе»әж—¶й—ҙ', 'datetime', 'Date', 'createTime', '0', '0', '0', '1', NULL, NULL, NULL, 'EQ', 'datetime', '', 14, 'admin', '2026-03-27 19:15:18', '', NULL);
INSERT INTO `gen_table_column` VALUES (158, 11, 'update_time', 'жӣҙж–°ж—¶й—ҙ', 'datetime', 'Date', 'updateTime', '0', '0', '0', '1', '1', NULL, NULL, 'EQ', 'datetime', '', 15, 'admin', '2026-03-27 19:15:18', '', NULL);
INSERT INTO `gen_table_column` VALUES (159, 11, 'remark', 'еӨҮжіЁ', 'varchar(500)', 'String', 'remark', '0', '0', '0', '1', '1', '1', NULL, 'EQ', 'textarea', '', 16, 'admin', '2026-03-27 19:15:18', '', NULL);
INSERT INTO `gen_table_column` VALUES (160, 12, 'id', 'дё»й”®ID', 'bigint', 'Long', 'id', '1', '1', '0', '1', NULL, NULL, NULL, 'EQ', 'input', '', 1, 'admin', '2026-03-27 19:15:18', '', NULL);
INSERT INTO `gen_table_column` VALUES (161, 12, 'user_id', 'з”ЁжҲ·IDпјҲе…іиҒ”sys_userиЎЁuser_idпјү', 'bigint', 'Long', 'userId', '0', '0', '1', '1', '1', '1', '1', 'EQ', 'input', '', 2, 'admin', '2026-03-27 19:15:18', '', NULL);
INSERT INTO `gen_table_column` VALUES (162, 12, 'user_name', 'з”ЁжҲ·е§“еҗҚпјҲеҶ—дҪҷпјҢе…іиҒ”sys_userиЎЁnick_nameпјү', 'varchar(50)', 'String', 'userName', '0', '0', '1', '1', '1', '1', '1', 'LIKE', 'input', '', 3, 'admin', '2026-03-27 19:15:18', '', NULL);
INSERT INTO `gen_table_column` VALUES (163, 12, 'user_phone', 'з”ЁжҲ·жүӢжңәеҸ·пјҲеҶ—дҪҷпјҢе…іиҒ”sys_userиЎЁphonenumberпјү', 'varchar(20)', 'String', 'userPhone', '0', '0', '1', '1', '1', '1', '1', 'EQ', 'input', '', 4, 'admin', '2026-03-27 19:15:18', '', NULL);
INSERT INTO `gen_table_column` VALUES (164, 12, 'user_room', 'з”ЁжҲ·жҲҝеҸ·пјҲеҶ—дҪҷпјҢдёҺзӨҫеҢәе…¶д»–иЎЁдҝқжҢҒдёҖиҮҙпјү', 'varchar(50)', 'String', 'userRoom', '0', '0', '0', '1', '1', '1', '1', 'EQ', 'input', '', 5, 'admin', '2026-03-27 19:15:18', '', NULL);
INSERT INTO `gen_table_column` VALUES (165, 12, 'order_no', 'и®ўеҚ•еҸ·пјҲе”ҜдёҖпјү', 'varchar(64)', 'String', 'orderNo', '0', '0', '1', '1', '1', '1', '1', 'EQ', 'input', '', 6, 'admin', '2026-03-27 19:15:18', '', NULL);
INSERT INTO `gen_table_column` VALUES (166, 12, 'shop_name', 'е•Ҷе®¶еҗҚз§°', 'varchar(100)', 'String', 'shopName', '0', '0', '1', '1', '1', '1', '1', 'LIKE', 'input', '', 7, 'admin', '2026-03-27 19:15:18', '', NULL);
INSERT INTO `gen_table_column` VALUES (167, 12, 'shop_phone', 'е•Ҷе®¶з”өиҜқ', 'varchar(20)', 'String', 'shopPhone', '0', '0', '0', '1', '1', '1', '1', 'EQ', 'input', '', 8, 'admin', '2026-03-27 19:15:18', '', NULL);
INSERT INTO `gen_table_column` VALUES (168, 12, 'total_amount', 'и®ўеҚ•жҖ»йҮ‘йўқ', 'decimal(10,2)', 'BigDecimal', 'totalAmount', '0', '0', '1', '1', '1', '1', '1', 'EQ', 'input', '', 9, 'admin', '2026-03-27 19:15:18', '', NULL);
INSERT INTO `gen_table_column` VALUES (169, 12, 'delivery_fee', 'й…ҚйҖҒиҙ№', 'decimal(10,2)', 'BigDecimal', 'deliveryFee', '0', '0', '0', '1', '1', '1', '1', 'EQ', 'input', '', 10, 'admin', '2026-03-27 19:15:18', '', NULL);
INSERT INTO `gen_table_column` VALUES (170, 12, 'actual_amount', 'е®һд»ҳйҮ‘йўқ', 'decimal(10,2)', 'BigDecimal', 'actualAmount', '0', '0', '1', '1', '1', '1', '1', 'EQ', 'input', '', 11, 'admin', '2026-03-27 19:15:18', '', NULL);
INSERT INTO `gen_table_column` VALUES (171, 12, 'order_status', 'и®ўеҚ•зҠ¶жҖҒпјҲpending:еҫ…ж”Ҝд»ҳ, paid:е·Іж”Ҝд»ҳ, preparing:еӨҮйӨҗдёӯ, delivering:й…ҚйҖҒдёӯ, completed:е·Іе®ҢжҲҗ, cancelled:е·ІеҸ–ж¶Ҳ, refunding:йҖҖж¬ҫдёӯпјү', 'varchar(20)', 'String', 'orderStatus', '0', '0', '1', '1', '1', '1', '1', 'EQ', 'radio', '', 12, 'admin', '2026-03-27 19:15:18', '', NULL);
INSERT INTO `gen_table_column` VALUES (172, 12, 'payment_method', 'ж”Ҝд»ҳж–№ејҸпјҲwechat:еҫ®дҝЎ, alipay:ж”Ҝд»ҳе®қ, card:еҲ·еҚЎпјү', 'varchar(20)', 'String', 'paymentMethod', '0', '0', '0', '1', '1', '1', '1', 'EQ', 'input', '', 13, 'admin', '2026-03-27 19:15:18', '', NULL);
INSERT INTO `gen_table_column` VALUES (173, 12, 'payment_time', 'ж”Ҝд»ҳж—¶й—ҙ', 'datetime', 'Date', 'paymentTime', '0', '0', '0', '1', '1', '1', '1', 'EQ', 'datetime', '', 14, 'admin', '2026-03-27 19:15:18', '', NULL);
INSERT INTO `gen_table_column` VALUES (174, 12, 'delivery_time', 'йў„и®ЎйҖҒиҫҫж—¶й—ҙ', 'datetime', 'Date', 'deliveryTime', '0', '0', '0', '1', '1', '1', '1', 'EQ', 'datetime', '', 15, 'admin', '2026-03-27 19:15:18', '', NULL);
INSERT INTO `gen_table_column` VALUES (175, 12, 'actual_delivery_time', 'е®һйҷ…йҖҒиҫҫж—¶й—ҙ', 'datetime', 'Date', 'actualDeliveryTime', '0', '0', '0', '1', '1', '1', '1', 'EQ', 'datetime', '', 16, 'admin', '2026-03-27 19:15:18', '', NULL);
INSERT INTO `gen_table_column` VALUES (176, 12, 'delivery_address', 'й…ҚйҖҒең°еқҖ', 'varchar(200)', 'String', 'deliveryAddress', '0', '0', '1', '1', '1', '1', '1', 'EQ', 'input', '', 17, 'admin', '2026-03-27 19:15:18', '', NULL);
INSERT INTO `gen_table_column` VALUES (177, 12, 'remark', 'и®ўеҚ•еӨҮжіЁ', 'varchar(500)', 'String', 'remark', '0', '0', '0', '1', '1', '1', NULL, 'EQ', 'textarea', '', 18, 'admin', '2026-03-27 19:15:18', '', NULL);
INSERT INTO `gen_table_column` VALUES (178, 12, 'cancel_reason', 'еҸ–ж¶ҲеҺҹеӣ ', 'varchar(500)', 'String', 'cancelReason', '0', '0', '0', '1', '1', '1', '1', 'EQ', 'textarea', '', 19, 'admin', '2026-03-27 19:15:18', '', NULL);
INSERT INTO `gen_table_column` VALUES (179, 12, 'reservation_id', 'е…іиҒ”йў„зәҰIDпјҲе…іиҒ”community_reservationиЎЁidпјҢеҸҜйҖүпјү', 'bigint', 'Long', 'reservationId', '0', '0', '0', '1', '1', '1', '1', 'EQ', 'input', '', 20, 'admin', '2026-03-27 19:15:18', '', NULL);
INSERT INTO `gen_table_column` VALUES (180, 12, 'complaint_id', 'е…іиҒ”жҠ•иҜүIDпјҲе…іиҒ”community_complaintиЎЁidпјҢеҸҜйҖүпјү', 'bigint', 'Long', 'complaintId', '0', '0', '0', '1', '1', '1', '1', 'EQ', 'input', '', 21, 'admin', '2026-03-27 19:15:18', '', NULL);
INSERT INTO `gen_table_column` VALUES (181, 12, 'create_by', 'еҲӣе»әдәә', 'varchar(64)', 'String', 'createBy', '0', '0', '0', '1', NULL, NULL, NULL, 'EQ', 'input', '', 22, 'admin', '2026-03-27 19:15:18', '', NULL);
INSERT INTO `gen_table_column` VALUES (182, 12, 'create_time', 'еҲӣе»әж—¶й—ҙ', 'datetime', 'Date', 'createTime', '0', '0', '0', '1', NULL, NULL, NULL, 'EQ', 'datetime', '', 23, 'admin', '2026-03-27 19:15:18', '', NULL);
INSERT INTO `gen_table_column` VALUES (183, 12, 'update_by', 'дҝ®ж”№дәә', 'varchar(64)', 'String', 'updateBy', '0', '0', '0', '1', '1', NULL, NULL, 'EQ', 'input', '', 24, 'admin', '2026-03-27 19:15:18', '', NULL);
INSERT INTO `gen_table_column` VALUES (184, 12, 'update_time', 'дҝ®ж”№ж—¶й—ҙ', 'datetime', 'Date', 'updateTime', '0', '0', '0', '1', '1', NULL, NULL, 'EQ', 'datetime', '', 25, 'admin', '2026-03-27 19:15:18', '', NULL);
INSERT INTO `gen_table_column` VALUES (185, 13, 'id', 'дё»й”®IDпјҲдҪҸжҲ·е”ҜдёҖж ҮиҜҶпјү', 'bigint', 'Long', 'id', '1', '1', '0', '1', NULL, NULL, NULL, 'EQ', 'input', '', 1, 'admin', '2026-03-27 19:15:18', '', NULL);
INSERT INTO `gen_table_column` VALUES (186, 13, 'name', 'дҪҸжҲ·е§“еҗҚ', 'varchar(32)', 'String', 'name', '0', '0', '1', '1', '1', '1', '1', 'LIKE', 'input', '', 2, 'admin', '2026-03-27 19:15:18', '', NULL);
INSERT INTO `gen_table_column` VALUES (187, 13, 'phone', 'жүӢжңәеҸ·пјҲ11дҪҚпјҢе”ҜдёҖпјү', 'varchar(11)', 'String', 'phone', '0', '0', '1', '1', '1', '1', '1', 'EQ', 'input', '', 3, 'admin', '2026-03-27 19:15:18', '', NULL);
INSERT INTO `gen_table_column` VALUES (188, 13, 'id_card', 'иә«д»ҪиҜҒеҸ·пјҲеҸҜйҖүпјҢи„ұж•ҸеӯҳеӮЁпјү', 'varchar(18)', 'String', 'idCard', '0', '0', '0', '1', '1', '1', '1', 'EQ', 'input', '', 4, 'admin', '2026-03-27 19:15:18', '', NULL);
INSERT INTO `gen_table_column` VALUES (189, 13, 'gender', 'жҖ§еҲ«пјҡ0-жңӘзҹҘпјҢ1-з”·пјҢ2-еҘі', 'tinyint', 'Long', 'gender', '0', '0', '0', '1', '1', '1', '1', 'EQ', 'input', '', 5, 'admin', '2026-03-27 19:15:18', '', NULL);
INSERT INTO `gen_table_column` VALUES (190, 13, 'birthday', 'еҮәз”ҹж—Ҙжңҹ', 'date', 'Date', 'birthday', '0', '0', '0', '1', '1', '1', '1', 'EQ', 'datetime', '', 6, 'admin', '2026-03-27 19:15:18', '', NULL);
INSERT INTO `gen_table_column` VALUES (191, 13, 'live_data', 'е…ҘдҪҸж—Ҙжңҹ', 'date', 'Date', 'liveData', '0', '0', '0', '1', '1', '1', '1', 'EQ', 'datetime', '', 7, 'admin', '2026-03-27 19:15:18', '', NULL);
INSERT INTO `gen_table_column` VALUES (192, 13, 'specific_address', 'е…·дҪ“дҪҸеқҖпјҲеҰӮпјҡ3еҸ·жҘј2еҚ•е…ғ08е®Ө/10еҸ·жҘј1еҚ•е…ғ102е®Өпјү', 'varchar(64)', 'String', 'specificAddress', '0', '0', '1', '1', '1', '1', '1', 'EQ', 'input', '', 8, 'admin', '2026-03-27 19:15:18', '', NULL);
INSERT INTO `gen_table_column` VALUES (193, 13, 'emergency_contact', 'зҙ§жҖҘиҒ”зі»дәәе§“еҗҚ', 'varchar(32)', 'String', 'emergencyContact', '0', '0', '0', '1', '1', '1', '1', 'EQ', 'input', '', 9, 'admin', '2026-03-27 19:15:18', '', NULL);
INSERT INTO `gen_table_column` VALUES (194, 13, 'emergency_phone', 'зҙ§жҖҘиҒ”зі»дәәжүӢжңәеҸ·', 'varchar(11)', 'String', 'emergencyPhone', '0', '0', '0', '1', '1', '1', '1', 'EQ', 'input', '', 10, 'admin', '2026-03-27 19:15:18', '', NULL);
INSERT INTO `gen_table_column` VALUES (195, 13, 'create_time', 'еҲӣе»әж—¶й—ҙ', 'datetime', 'Date', 'createTime', '0', '0', '1', '1', NULL, NULL, NULL, 'EQ', 'datetime', '', 11, 'admin', '2026-03-27 19:15:18', '', NULL);
INSERT INTO `gen_table_column` VALUES (196, 13, 'update_time', 'жӣҙж–°ж—¶й—ҙ', 'datetime', 'Date', 'updateTime', '0', '0', '1', '1', '1', NULL, NULL, 'EQ', 'datetime', '', 12, 'admin', '2026-03-27 19:15:18', '', NULL);
INSERT INTO `gen_table_column` VALUES (197, 13, 'create_by', 'еҲӣе»әдәә', 'varchar(64)', 'String', 'createBy', '0', '0', '0', '1', NULL, NULL, NULL, 'EQ', 'input', '', 13, 'admin', '2026-03-27 19:15:18', '', NULL);
INSERT INTO `gen_table_column` VALUES (198, 13, 'update_by', 'жӣҙж–°дәә', 'varchar(64)', 'String', 'updateBy', '0', '0', '0', '1', '1', NULL, NULL, 'EQ', 'input', '', 14, 'admin', '2026-03-27 19:15:18', '', NULL);
INSERT INTO `gen_table_column` VALUES (199, 13, 'remark', 'еӨҮжіЁпјҲеҰӮпјҡзү№ж®ҠйңҖжұӮгҖҒеӨҮжіЁдҝЎжҒҜпјү', 'varchar(500)', 'String', 'remark', '0', '0', '0', '1', '1', '1', NULL, 'EQ', 'textarea', '', 15, 'admin', '2026-03-27 19:15:18', '', NULL);
INSERT INTO `gen_table_column` VALUES (200, 13, 'password', 'еҜҶз Ғ', 'varchar(100)', 'String', 'password', '0', '0', '0', '1', '1', '1', '1', 'EQ', 'input', '', 16, 'admin', '2026-03-27 19:15:18', '', NULL);
INSERT INTO `gen_table_column` VALUES (221, 15, 'id', 'дё»й”®ID', 'bigint', 'Long', 'id', '1', '1', '0', '1', NULL, NULL, NULL, 'EQ', 'input', '', 1, 'admin', '2026-03-27 19:36:40', '', '2026-03-27 19:54:51');
INSERT INTO `gen_table_column` VALUES (222, 15, 'express_no', 'еҝ«йҖ’еҚ•еҸ·пјҲе”ҜдёҖпјү', 'varchar(64)', 'String', 'expressNo', '0', '0', '1', '1', '1', '1', '1', 'EQ', 'input', '', 2, 'admin', '2026-03-27 19:36:40', '', '2026-03-27 19:54:51');
INSERT INTO `gen_table_column` VALUES (223, 15, 'user_id', 'дёҡдё»IDпјҲе…іиҒ”sys_userиЎЁidпјү', 'bigint', 'Long', 'userId', '0', '0', '1', '1', '1', '1', '1', 'EQ', 'input', '', 3, 'admin', '2026-03-27 19:36:40', '', '2026-03-27 19:54:51');
INSERT INTO `gen_table_column` VALUES (224, 15, 'user_name', 'дёҡдё»е§“еҗҚпјҲеҶ—дҪҷпјү', 'varchar(50)', 'String', 'userName', '0', '0', '1', '1', '1', '1', '1', 'LIKE', 'input', '', 4, 'admin', '2026-03-27 19:36:40', '', '2026-03-27 19:54:51');
INSERT INTO `gen_table_column` VALUES (225, 15, 'user_phone', 'дёҡдё»жүӢжңәеҸ·пјҲеҶ—дҪҷпјү', 'varchar(20)', 'String', 'userPhone', '0', '0', '0', '1', '1', '1', '1', 'EQ', 'input', '', 5, 'admin', '2026-03-27 19:36:40', '', '2026-03-27 19:54:51');
INSERT INTO `gen_table_column` VALUES (226, 15, 'user_room', 'дёҡдё»жҲҝеҸ·пјҲеҶ—дҪҷпјү', 'varchar(50)', 'String', 'userRoom', '0', '0', '0', '1', '1', '1', '1', 'EQ', 'input', '', 6, 'admin', '2026-03-27 19:36:40', '', '2026-03-27 19:54:51');
INSERT INTO `gen_table_column` VALUES (227, 15, 'express_company', 'еҝ«йҖ’е…¬еҸёпјҲsf:йЎәдё°, yto:еңҶйҖҡ, zto:дёӯйҖҡ, sto:з”ійҖҡ, yunda:йҹөиҫҫпјү', 'varchar(30)', 'String', 'expressCompany', '0', '0', '1', '1', '1', '1', '1', 'EQ', 'input', '', 7, 'admin', '2026-03-27 19:36:40', '', '2026-03-27 19:54:51');
INSERT INTO `gen_table_column` VALUES (228, 15, 'station_status', 'й©ҝз«ҷзҠ¶жҖҒпјҲin_storage:е·Іе…Ҙеә“, picked:е·ІеҸ–д»¶, overdue:йҖҫжңҹжңӘеҸ–пјү', 'varchar(20)', 'String', 'stationStatus', '0', '0', '1', '1', '1', '1', '1', 'EQ', 'radio', '', 8, 'admin', '2026-03-27 19:36:40', '', '2026-03-27 19:54:51');
INSERT INTO `gen_table_column` VALUES (229, 15, 'storage_time', 'е…Ҙеә“ж—¶й—ҙ', 'datetime', 'Date', 'storageTime', '0', '0', '1', '1', '1', '1', '1', 'EQ', 'datetime', '', 9, 'admin', '2026-03-27 19:36:40', '', '2026-03-27 19:54:51');
INSERT INTO `gen_table_column` VALUES (230, 15, 'pick_time', 'еҸ–д»¶ж—¶й—ҙ', 'datetime', 'Date', 'pickTime', '0', '0', '0', '1', '1', '1', '1', 'EQ', 'datetime', '', 10, 'admin', '2026-03-27 19:36:40', '', '2026-03-27 19:54:51');
INSERT INTO `gen_table_column` VALUES (231, 15, 'operator', 'й©ҝз«ҷж“ҚдҪңе‘ҳ', 'varchar(50)', 'String', 'operator', '0', '0', '0', '1', '1', '1', '1', 'EQ', 'input', '', 11, 'admin', '2026-03-27 19:36:40', '', '2026-03-27 19:54:51');
INSERT INTO `gen_table_column` VALUES (232, 15, 'create_by', 'еҲӣе»әдәә', 'varchar(64)', 'String', 'createBy', '0', '0', '0', '1', NULL, NULL, NULL, 'EQ', 'input', '', 12, 'admin', '2026-03-27 19:36:40', '', '2026-03-27 19:54:51');
INSERT INTO `gen_table_column` VALUES (233, 15, 'create_time', 'еҲӣе»әж—¶й—ҙ', 'datetime', 'Date', 'createTime', '0', '0', '0', '1', NULL, NULL, NULL, 'EQ', 'datetime', '', 13, 'admin', '2026-03-27 19:36:40', '', '2026-03-27 19:54:51');
INSERT INTO `gen_table_column` VALUES (234, 15, 'update_by', 'дҝ®ж”№дәә', 'varchar(64)', 'String', 'updateBy', '0', '0', '0', '1', '1', NULL, NULL, 'EQ', 'input', '', 14, 'admin', '2026-03-27 19:36:40', '', '2026-03-27 19:54:51');
INSERT INTO `gen_table_column` VALUES (235, 15, 'update_time', 'дҝ®ж”№ж—¶й—ҙ', 'datetime', 'Date', 'updateTime', '0', '0', '0', '1', '1', NULL, NULL, 'EQ', 'datetime', '', 15, 'admin', '2026-03-27 19:36:40', '', '2026-03-27 19:54:51');
INSERT INTO `gen_table_column` VALUES (236, 15, 'remark', 'еӨҮжіЁдҝЎжҒҜ', 'varchar(500)', 'String', 'remark', '0', '0', '0', '1', '1', '1', NULL, 'EQ', 'textarea', '', 16, 'admin', '2026-03-27 19:36:40', '', '2026-03-27 19:54:51');
INSERT INTO `gen_table_column` VALUES (237, 16, 'id', 'дё»й”®ID', 'bigint', 'Long', 'id', '1', '1', '0', '1', NULL, NULL, NULL, 'EQ', 'input', '', 1, 'admin', '2026-03-29 00:57:48', '', '2026-03-29 01:32:14');
INSERT INTO `gen_table_column` VALUES (238, 16, 'visitor_name', 'и®ҝе®ўе§“еҗҚ', 'varchar(50)', 'String', 'visitorName', '0', '0', '1', '1', '1', '1', '1', 'LIKE', 'input', '', 2, 'admin', '2026-03-29 00:57:48', '', '2026-03-29 01:32:14');
INSERT INTO `gen_table_column` VALUES (239, 16, 'visitor_id_card', 'и®ҝе®ўиә«д»ҪиҜҒеҸ·пјҲе”ҜдёҖпјү', 'varchar(18)', 'String', 'visitorIdCard', '0', '0', '1', '1', '1', '1', '1', 'EQ', 'input', '', 3, 'admin', '2026-03-29 00:57:48', '', '2026-03-29 01:32:14');
INSERT INTO `gen_table_column` VALUES (240, 16, 'visitor_phone', 'и®ҝе®ўжүӢжңәеҸ·', 'varchar(20)', 'String', 'visitorPhone', '0', '0', '1', '1', '1', '1', '1', 'EQ', 'input', '', 4, 'admin', '2026-03-29 00:57:49', '', '2026-03-29 01:32:14');
INSERT INTO `gen_table_column` VALUES (241, 16, 'visit_user_id', 'иў«и®ҝдёҡдё»IDпјҲе…іиҒ”sys_userиЎЁidпјү', 'bigint', 'Long', 'visitUserId', '0', '0', '1', '1', '1', '1', '1', 'EQ', 'input', '', 5, 'admin', '2026-03-29 00:57:49', '', '2026-03-29 01:32:14');
INSERT INTO `gen_table_column` VALUES (242, 16, 'visit_user_name', 'иў«и®ҝдёҡдё»е§“еҗҚпјҲеҶ—дҪҷпјү', 'varchar(50)', 'String', 'visitUserName', '0', '0', '1', '1', '1', '1', '1', 'LIKE', 'input', '', 6, 'admin', '2026-03-29 00:57:49', '', '2026-03-29 01:32:14');
INSERT INTO `gen_table_column` VALUES (243, 16, 'visit_user_room', 'иў«и®ҝдёҡдё»жҲҝеҸ·пјҲеҶ—дҪҷпјү', 'varchar(50)', 'String', 'visitUserRoom', '0', '0', '1', '1', '1', '1', '1', 'EQ', 'input', '', 7, 'admin', '2026-03-29 00:57:49', '', '2026-03-29 01:32:14');
INSERT INTO `gen_table_column` VALUES (244, 16, 'visit_type', 'и®ҝй—®зұ»еһӢпјҲfamily:жҺўдәІ, repair:з»ҙдҝ®, delivery:й…ҚйҖҒ, other:е…¶д»–пјү', 'varchar(20)', 'String', 'visitType', '0', '0', '1', '1', '1', '1', '1', 'EQ', 'select', '', 8, 'admin', '2026-03-29 00:57:49', '', '2026-03-29 01:32:14');
INSERT INTO `gen_table_column` VALUES (245, 16, 'check_in_time', 'е…ҘдҪҸ/иҝӣе…Ҙж—¶й—ҙ', 'datetime', 'Date', 'checkInTime', '0', '0', '1', '1', '1', '1', '1', 'EQ', 'datetime', '', 9, 'admin', '2026-03-29 00:57:49', '', '2026-03-29 01:32:14');
INSERT INTO `gen_table_column` VALUES (246, 16, 'check_out_time', 'зҰ»ејҖж—¶й—ҙ', 'datetime', 'Date', 'checkOutTime', '0', '0', '0', '1', '1', '1', '1', 'EQ', 'datetime', '', 10, 'admin', '2026-03-29 00:57:49', '', '2026-03-29 01:32:14');
INSERT INTO `gen_table_column` VALUES (247, 16, 'visitor_status', 'и®ҝе®ўзҠ¶жҖҒпјҲin_community:еңЁе°ҸеҢәеҶ…, out:е·ІзҰ»ејҖпјү', 'varchar(20)', 'String', 'visitorStatus', '0', '0', '1', '1', '1', '1', '1', 'EQ', 'radio', '', 11, 'admin', '2026-03-29 00:57:49', '', '2026-03-29 01:32:14');
INSERT INTO `gen_table_column` VALUES (248, 16, 'gate_operator', 'й—ЁеІ—ж“ҚдҪңе‘ҳ', 'varchar(50)', 'String', 'gateOperator', '0', '0', '0', '1', '1', '1', '1', 'EQ', 'input', '', 12, 'admin', '2026-03-29 00:57:49', '', '2026-03-29 01:32:14');
INSERT INTO `gen_table_column` VALUES (249, 16, 'create_by', 'еҲӣе»әдәә', 'varchar(64)', 'String', 'createBy', '0', '0', '0', '1', NULL, NULL, NULL, 'EQ', 'input', '', 13, 'admin', '2026-03-29 00:57:49', '', '2026-03-29 01:32:14');
INSERT INTO `gen_table_column` VALUES (250, 16, 'create_time', 'еҲӣе»әж—¶й—ҙ', 'datetime', 'Date', 'createTime', '0', '0', '0', '1', NULL, NULL, NULL, 'EQ', 'datetime', '', 14, 'admin', '2026-03-29 00:57:49', '', '2026-03-29 01:32:14');
INSERT INTO `gen_table_column` VALUES (251, 16, 'update_by', 'дҝ®ж”№дәә', 'varchar(64)', 'String', 'updateBy', '0', '0', '0', '1', '1', NULL, NULL, 'EQ', 'input', '', 15, 'admin', '2026-03-29 00:57:49', '', '2026-03-29 01:32:14');
INSERT INTO `gen_table_column` VALUES (252, 16, 'update_time', 'дҝ®ж”№ж—¶й—ҙ', 'datetime', 'Date', 'updateTime', '0', '0', '0', '1', '1', NULL, NULL, 'EQ', 'datetime', '', 16, 'admin', '2026-03-29 00:57:49', '', '2026-03-29 01:32:14');
INSERT INTO `gen_table_column` VALUES (253, 16, 'remark', 'еӨҮжіЁдҝЎжҒҜ', 'varchar(500)', 'String', 'remark', '0', '0', '0', '1', '1', '1', NULL, 'EQ', 'textarea', '', 17, 'admin', '2026-03-29 00:57:49', '', '2026-03-29 01:32:14');
INSERT INTO `gen_table_column` VALUES (254, 17, 'id', NULL, 'bigint', 'Long', 'id', '1', '1', '0', '1', NULL, NULL, NULL, 'EQ', 'input', '', 1, 'admin', '2026-03-30 18:58:54', '', '2026-03-30 19:02:37');
INSERT INTO `gen_table_column` VALUES (255, 17, 'event_title', 'дәӢд»¶ж Үйўҳ', 'varchar(255)', 'String', 'eventTitle', '0', '0', '0', '1', '1', '1', '1', 'EQ', 'input', '', 2, 'admin', '2026-03-30 18:58:54', '', '2026-03-30 19:02:37');
INSERT INTO `gen_table_column` VALUES (256, 17, 'event_content', 'дәӢд»¶еҶ…е®№', 'text', 'String', 'eventContent', '0', '0', '0', '1', '1', '1', '1', 'EQ', 'editor', '', 3, 'admin', '2026-03-30 18:58:54', '', '2026-03-30 19:02:37');
INSERT INTO `gen_table_column` VALUES (257, 17, 'event_type', 'дәӢд»¶зұ»еһӢ weather-еӨ©ж°” safety-е®үе…Ё policy-ж”ҝзӯ– notice-е…¬е‘Ҡ', 'varchar(50)', 'String', 'eventType', '0', '0', '0', '1', '1', '1', '1', 'EQ', 'select', '', 4, 'admin', '2026-03-30 18:58:54', '', '2026-03-30 19:02:37');
INSERT INTO `gen_table_column` VALUES (258, 17, 'event_level', 'дәӢд»¶зӯүзә§ normal/warning/urgent', 'varchar(10)', 'String', 'eventLevel', '0', '0', '0', '1', '1', '1', '1', 'EQ', 'input', '', 5, 'admin', '2026-03-30 18:58:54', '', '2026-03-30 19:02:37');
INSERT INTO `gen_table_column` VALUES (259, 17, 'ai_suggest', 'AIеӨ„зҗҶе»әи®®', 'text', 'String', 'aiSuggest', '0', '0', '0', '1', '1', '1', '1', 'EQ', 'textarea', '', 6, 'admin', '2026-03-30 18:58:54', '', '2026-03-30 19:02:37');
INSERT INTO `gen_table_column` VALUES (260, 17, 'status', 'зҠ¶жҖҒ 0еҫ…еӨ„зҗҶ 1е·Із”ҹжҲҗе…¬е‘Ҡ 2е·ІжҙҫеҚ• 3е·Іе®Ңз»“', 'char(1)', 'String', 'status', '0', '0', '0', '1', '1', '1', '1', 'EQ', 'radio', '', 7, 'admin', '2026-03-30 18:58:54', '', '2026-03-30 19:02:37');
INSERT INTO `gen_table_column` VALUES (261, 17, 'create_time', NULL, 'datetime', 'Date', 'createTime', '0', '0', '0', '1', NULL, NULL, NULL, 'EQ', 'datetime', '', 8, 'admin', '2026-03-30 18:58:54', '', '2026-03-30 19:02:37');

-- ----------------------------
-- Table structure for java_course_enrollment
-- ----------------------------
DROP TABLE IF EXISTS `java_course_enrollment`;
CREATE TABLE `java_course_enrollment`  (
  `id` bigint NOT NULL AUTO_INCREMENT COMMENT 'иҮӘеўһдё»й”®ID',
  `student_name` varchar(50) CHARACTER SET utf8mb4 COLLATE utf8mb4_0900_ai_ci NOT NULL COMMENT 'еӯҰз”ҹе§“еҗҚ',
  `phone_number` varchar(11) CHARACTER SET utf8mb4 COLLATE utf8mb4_0900_ai_ci NOT NULL COMMENT 'жүӢжңәеҸ·',
  `intended_class` varchar(50) CHARACTER SET utf8mb4 COLLATE utf8mb4_0900_ai_ci NOT NULL DEFAULT 'Java еҹәзЎҖзҸӯ' COMMENT 'ж„Ҹеҗ‘зҸӯзә§',
  `create_time` datetime NOT NULL DEFAULT CURRENT_TIMESTAMP COMMENT 'жҠҘеҗҚеҲӣе»әж—¶й—ҙ',
  `update_time` datetime NOT NULL DEFAULT CURRENT_TIMESTAMP ON UPDATE CURRENT_TIMESTAMP COMMENT 'дҝЎжҒҜжӣҙж–°ж—¶й—ҙ',
  PRIMARY KEY (`id`) USING BTREE,
  UNIQUE INDEX `phone_number`(`phone_number` ASC) USING BTREE
) ENGINE = InnoDB CHARACTER SET = utf8mb4 COLLATE = utf8mb4_0900_ai_ci COMMENT = 'JavaиҜҫзЁӢжҠҘеҗҚдҝЎжҒҜиЎЁ' ROW_FORMAT = DYNAMIC;

-- ----------------------------
-- Records of java_course_enrollment
-- ----------------------------

-- ----------------------------
-- Table structure for my_chart
-- ----------------------------
DROP TABLE IF EXISTS `my_chart`;
CREATE TABLE `my_chart`  (
  `chart_id` int NOT NULL AUTO_INCREMENT,
  `type` varchar(255) CHARACTER SET utf8mb4 COLLATE utf8mb4_general_ci NULL DEFAULT NULL,
  `chart_data` varchar(255) CHARACTER SET utf8mb4 COLLATE utf8mb4_general_ci NULL DEFAULT NULL,
  `update_date` datetime NULL DEFAULT NULL,
  PRIMARY KEY (`chart_id`) USING BTREE
) ENGINE = InnoDB AUTO_INCREMENT = 6 CHARACTER SET = utf8mb4 COLLATE = utf8mb4_general_ci ROW_FORMAT = DYNAMIC;

-- ----------------------------
-- Records of my_chart
-- ----------------------------
INSERT INTO `my_chart` VALUES (1, 'panelGroup', '[{\"name\":\"и®ҝе®ў\", \"count\": 10011},{\"name\":\"ж¶ҲжҒҜ\", \"count\": 80001},{\"name\":\"йҮ‘йўқ\", \"count\": 9001},{\"name\":\"и®ўеҚ•\", \"count\": 13001}]', NULL);
INSERT INTO `my_chart` VALUES (2, 'raddar', '[{\"value\": [5000, 10000, 10000, 10000,10000, 10000], \"name\": \"plan A\"},{\"value\": [4000, 9000, 15000, 15000, 13000, 11000], \"name\": \"plan B\"}, {\"value\": [5500, 11000, 12000, 15000, 12000, 12000], \"name\": \"plan C\"}]', NULL);
INSERT INTO `my_chart` VALUES (3, 'pie', '[{\"value\": 1000,\"name\": \"й»„й“ң\" },{\"value\": 800,\"name\": \"зҷҪй“¶\" }, {\"value\": 810,\"name\": \"й»„йҮ‘\" }, {\"value\": 720,\"name\": \"зҷҪйҮ‘\"}, {\"value\": 600,\"name\": \"еӨ§еёҲ\" }]', NULL);
INSERT INTO `my_chart` VALUES (4, 'line', '{\"expectedData\": [100, 120, 140, 160, 180, 200, 220], \"actualData\": [120, 110, 100, 90, 80, 70, 60]}', NULL);
INSERT INTO `my_chart` VALUES (5, 'bar', NULL, NULL);

-- ----------------------------
-- Table structure for my_stu
-- ----------------------------
DROP TABLE IF EXISTS `my_stu`;
CREATE TABLE `my_stu`  (
  `stu_id` int NOT NULL AUTO_INCREMENT COMMENT 'id',
  `stu_name` varchar(20) CHARACTER SET utf8mb4 COLLATE utf8mb4_general_ci NULL DEFAULT NULL COMMENT 'е§“еҗҚ',
  `image` varchar(255) CHARACTER SET utf8mb4 COLLATE utf8mb4_general_ci NULL DEFAULT NULL COMMENT 'еӣҫзүҮ',
  `age` int NULL DEFAULT NULL COMMENT 'е№ҙйҫ„',
  `sex` varchar(20) CHARACTER SET utf8mb4 COLLATE utf8mb4_general_ci NULL DEFAULT NULL COMMENT 'жҖ§еҲ«',
  `create_by` varchar(20) CHARACTER SET utf8mb4 COLLATE utf8mb4_general_ci NULL DEFAULT NULL COMMENT 'еҲӣе»әдәә',
  `create_time` datetime NULL DEFAULT NULL COMMENT 'еҲӣе»әж—¶й—ҙ',
  `update_by` varchar(20) CHARACTER SET utf8mb4 COLLATE utf8mb4_general_ci NULL DEFAULT NULL COMMENT 'дҝ®ж”№дәә',
  `update_time` datetime NULL DEFAULT NULL COMMENT 'дҝ®ж”№ж—¶й—ҙ',
  `remark` varchar(255) CHARACTER SET utf8mb4 COLLATE utf8mb4_general_ci NULL DEFAULT NULL COMMENT 'еӨҮжіЁ',
  PRIMARY KEY (`stu_id`) USING BTREE
) ENGINE = InnoDB AUTO_INCREMENT = 2 CHARACTER SET = utf8mb4 COLLATE = utf8mb4_general_ci COMMENT = 'еӯҰз”ҹз®ЎзҗҶиЎЁ' ROW_FORMAT = DYNAMIC;

-- ----------------------------
-- Records of my_stu
-- ----------------------------
INSERT INTO `my_stu` VALUES (1, 'еј дёү', NULL, 18, 'з”·', NULL, NULL, NULL, NULL, NULL);

-- ----------------------------
-- Table structure for package_track
-- ----------------------------
DROP TABLE IF EXISTS `package_track`;
CREATE TABLE `package_track`  (
  `id` bigint NOT NULL AUTO_INCREMENT COMMENT 'дё»й”®id',
  `package_id` bigint NOT NULL COMMENT 'еҝ«йҖ’id',
  `time` datetime NOT NULL COMMENT 'еҲ°иҫҫж—¶й—ҙ',
  `description` varchar(255) CHARACTER SET utf8mb4 COLLATE utf8mb4_0900_ai_ci NOT NULL COMMENT 'еӨҮжіЁ',
  PRIMARY KEY (`id`) USING BTREE,
  INDEX `idx_pkg`(`package_id` ASC) USING BTREE
) ENGINE = InnoDB AUTO_INCREMENT = 13 CHARACTER SET = utf8mb4 COLLATE = utf8mb4_0900_ai_ci ROW_FORMAT = DYNAMIC;

-- ----------------------------
-- Records of package_track
-- ----------------------------
INSERT INTO `package_track` VALUES (1, 1, '2025-03-21 14:30:00', 'еҢ…иЈ№е·ІеҲ°иҫҫгҖҗзӨҫеҢәеҝ«йҖ’й©ҝз«ҷгҖ‘');
INSERT INTO `package_track` VALUES (2, 1, '2025-03-20 12:00:00', 'еҢ…иЈ№е·ІеҲ°иҫҫгҖҗеёӮеҲҶжӢЁдёӯеҝғгҖ‘');
INSERT INTO `package_track` VALUES (3, 1, '2025-03-19 12:00:00', 'еҢ…иЈ№е·ІеҸ‘еҫҖгҖҗеёӮеҲҶжӢЁдёӯеҝғгҖ‘');
INSERT INTO `package_track` VALUES (4, 1, '2025-03-18 12:00:00', 'гҖҗXXзңҒиҪ¬иҝҗдёӯеҝғгҖ‘е·ІеҸ‘еҮә');
INSERT INTO `package_track` VALUES (5, 2, '2025-03-21 10:15:00', 'еҢ…иЈ№е·ІеҲ°иҫҫгҖҗзӨҫеҢәеҝ«йҖ’й©ҝз«ҷгҖ‘');
INSERT INTO `package_track` VALUES (6, 2, '2025-03-20 12:00:00', 'еҢ…иЈ№е·ІеҲ°иҫҫгҖҗеёӮеҲҶжӢЁдёӯеҝғгҖ‘');
INSERT INTO `package_track` VALUES (7, 3, '2025-03-20 18:20:00', 'жӮЁе·ІеҸ–иө°еҢ…иЈ№');
INSERT INTO `package_track` VALUES (8, 4, '2025-03-20 09:45:00', 'еҢ…иЈ№жӯЈеңЁиҝҗиҫ“йҖ”дёӯ');
INSERT INTO `package_track` VALUES (9, 5, '2025-03-19 16:30:00', 'еҝ«йҖ’е‘ҳжӯЈеңЁжҙҫйҖҒдёӯ');
INSERT INTO `package_track` VALUES (10, 1, '2026-04-01 00:40:27', 'еҝ«йҖ’е·Іиў«еҸ–д»¶');
INSERT INTO `package_track` VALUES (11, 3, '2026-04-06 13:13:28', 'еҝ«йҖ’е·Іиў«еҸ–д»¶');
INSERT INTO `package_track` VALUES (12, 5, '2026-04-06 13:39:31', 'еҝ«йҖ’е·Іиў«еҸ–д»¶');

-- ----------------------------
-- Table structure for packages
-- ----------------------------
DROP TABLE IF EXISTS `packages`;
CREATE TABLE `packages`  (
  `id` bigint NOT NULL AUTO_INCREMENT COMMENT 'дё»й”®id',
  `company` varchar(64) CHARACTER SET utf8mb4 COLLATE utf8mb4_0900_ai_ci NOT NULL COMMENT 'еҝ«йҖ’е…¬еҸё',
  `express_icon` varchar(16) CHARACTER SET utf8mb4 COLLATE utf8mb4_0900_ai_ci NULL DEFAULT NULL COMMENT 'еӣҫж Ү',
  `pickup_code` varchar(32) CHARACTER SET utf8mb4 COLLATE utf8mb4_0900_ai_ci NULL DEFAULT NULL COMMENT 'еҸ–д»¶з Ғ',
  `tracking_no` varchar(64) CHARACTER SET utf8mb4 COLLATE utf8mb4_0900_ai_ci NULL DEFAULT NULL COMMENT 'еҝ«йҖ’еҚ•еҸ·',
  `arrival_time` datetime NULL DEFAULT NULL COMMENT 'еҲ°иҫҫж—¶й—ҙ',
  `status` tinyint NOT NULL DEFAULT 0 COMMENT 'еҝ«йҖ’зҠ¶жҖҒпјҡ0-еҫ…жҸҪж”¶ 1-иҝҗиҫ“дёӯ 2-е·ІеҲ°иҫҫ 3-е·Ізӯҫж”¶ 4-ејӮеёё',
  PRIMARY KEY (`id`) USING BTREE
) ENGINE = InnoDB AUTO_INCREMENT = 6 CHARACTER SET = utf8mb4 COLLATE = utf8mb4_0900_ai_ci ROW_FORMAT = DYNAMIC;

-- ----------------------------
-- Records of packages
-- ----------------------------
INSERT INTO `packages` VALUES (1, 'йЎәдё°йҖҹиҝҗ', 'рҹ“Ұ', 'A1-2345', NULL, '2025-03-21 14:30:00', 3);
INSERT INTO `packages` VALUES (2, 'дёӯйҖҡеҝ«йҖ’', 'рҹ“Ұ', 'B3-8765', NULL, '2025-03-21 10:15:00', 2);
INSERT INTO `packages` VALUES (3, 'дә¬дёңзү©жөҒ', 'рҹ“Ұ', NULL, 'JD12345678', '2025-03-20 18:20:00', 3);
INSERT INTO `packages` VALUES (4, 'еңҶйҖҡйҖҹйҖ’', 'рҹ“Ұ', NULL, 'YT98765432', '2025-03-20 09:45:00', 1);
INSERT INTO `packages` VALUES (5, 'йҹөиҫҫеҝ«йҖ’', 'рҹ“Ұ', NULL, 'YD11223344', '2025-03-19 16:30:00', 3);

-- ----------------------------
-- Table structure for sys_config
-- ----------------------------
DROP TABLE IF EXISTS `sys_config`;
CREATE TABLE `sys_config`  (
  `config_id` int NOT NULL AUTO_INCREMENT COMMENT 'еҸӮж•°дё»й”®',
  `config_name` varchar(100) CHARACTER SET utf8mb4 COLLATE utf8mb4_0900_ai_ci NULL DEFAULT '' COMMENT 'еҸӮж•°еҗҚз§°',
  `config_key` varchar(100) CHARACTER SET utf8mb4 COLLATE utf8mb4_0900_ai_ci NULL DEFAULT '' COMMENT 'еҸӮж•°й”®еҗҚ',
  `config_value` varchar(500) CHARACTER SET utf8mb4 COLLATE utf8mb4_0900_ai_ci NULL DEFAULT '' COMMENT 'еҸӮж•°й”®еҖј',
  `config_type` char(1) CHARACTER SET utf8mb4 COLLATE utf8mb4_0900_ai_ci NULL DEFAULT 'N' COMMENT 'зі»з»ҹеҶ…зҪ®пјҲYжҳҜ NеҗҰпјү',
  `create_by` varchar(64) CHARACTER SET utf8mb4 COLLATE utf8mb4_0900_ai_ci NULL DEFAULT '' COMMENT 'еҲӣе»әиҖ…',
  `create_time` datetime NULL DEFAULT NULL COMMENT 'еҲӣе»әж—¶й—ҙ',
  `update_by` varchar(64) CHARACTER SET utf8mb4 COLLATE utf8mb4_0900_ai_ci NULL DEFAULT '' COMMENT 'жӣҙж–°иҖ…',
  `update_time` datetime NULL DEFAULT NULL COMMENT 'жӣҙж–°ж—¶й—ҙ',
  `remark` varchar(500) CHARACTER SET utf8mb4 COLLATE utf8mb4_0900_ai_ci NULL DEFAULT NULL COMMENT 'еӨҮжіЁ',
  PRIMARY KEY (`config_id`) USING BTREE
) ENGINE = InnoDB AUTO_INCREMENT = 100 CHARACTER SET = utf8mb4 COLLATE = utf8mb4_0900_ai_ci COMMENT = 'еҸӮж•°й…ҚзҪ®иЎЁ' ROW_FORMAT = DYNAMIC;

-- ----------------------------
-- Records of sys_config
-- ----------------------------
INSERT INTO `sys_config` VALUES (1, 'дё»жЎҶжһ¶йЎө-й»ҳи®Өзҡ®иӮӨж ·ејҸеҗҚз§°', 'sys.index.skinName', 'skin-blue', 'Y', 'admin', '2026-03-15 15:58:04', '', NULL, 'и“қиүІ skin-blueгҖҒз»ҝиүІ skin-greenгҖҒзҙ«иүІ skin-purpleгҖҒзәўиүІ skin-redгҖҒй»„иүІ skin-yellow');
INSERT INTO `sys_config` VALUES (2, 'з”ЁжҲ·з®ЎзҗҶ-иҙҰеҸ·еҲқе§ӢеҜҶз Ғ', 'sys.user.initPassword', '123456', 'Y', 'admin', '2026-03-15 15:58:04', '', NULL, 'еҲқе§ӢеҢ–еҜҶз Ғ 123456');
INSERT INTO `sys_config` VALUES (3, 'дё»жЎҶжһ¶йЎө-дҫ§иҫ№ж Ҹдё»йўҳ', 'sys.index.sideTheme', 'theme-dark', 'Y', 'admin', '2026-03-15 15:58:04', '', NULL, 'ж·ұиүІдё»йўҳtheme-darkпјҢжө…иүІдё»йўҳtheme-light');
INSERT INTO `sys_config` VALUES (4, 'иҙҰеҸ·иҮӘеҠ©-йӘҢиҜҒз ҒејҖе…і', 'sys.account.captchaEnabled', 'true', 'Y', 'admin', '2026-03-15 15:58:04', '', NULL, 'жҳҜеҗҰејҖеҗҜйӘҢиҜҒз ҒеҠҹиғҪпјҲtrueејҖеҗҜпјҢfalseе…ій—ӯпјү');
INSERT INTO `sys_config` VALUES (5, 'иҙҰеҸ·иҮӘеҠ©-жҳҜеҗҰејҖеҗҜз”ЁжҲ·жіЁеҶҢеҠҹиғҪ', 'sys.account.registerUser', 'true', 'Y', 'admin', '2026-03-15 15:58:04', '', NULL, 'жҳҜеҗҰејҖеҗҜжіЁеҶҢз”ЁжҲ·еҠҹиғҪпјҲtrueејҖеҗҜпјҢfalseе…ій—ӯпјү');
INSERT INTO `sys_config` VALUES (6, 'з”ЁжҲ·зҷ»еҪ•-й»‘еҗҚеҚ•еҲ—иЎЁ', 'sys.login.blackIPList', '', 'Y', 'admin', '2026-03-15 15:58:04', '', NULL, 'и®ҫзҪ®зҷ»еҪ•IPй»‘еҗҚеҚ•йҷҗеҲ¶пјҢеӨҡдёӘеҢ№й…ҚйЎ№д»Ҙ;еҲҶйҡ”пјҢж”ҜжҢҒеҢ№й…ҚпјҲ*йҖҡй…ҚгҖҒзҪ‘ж®өпјү');
INSERT INTO `sys_config` VALUES (7, 'з”ЁжҲ·з®ЎзҗҶ-еҲқе§ӢеҜҶз Ғдҝ®ж”№зӯ–з•Ҙ', 'sys.account.initPasswordModify', '1', 'Y', 'admin', '2026-03-15 15:58:04', '', NULL, '0пјҡеҲқе§ӢеҜҶз Ғдҝ®ж”№зӯ–з•Ҙе…ій—ӯпјҢжІЎжңүд»»дҪ•жҸҗзӨәпјҢ1пјҡжҸҗйҶ’з”ЁжҲ·пјҢеҰӮжһңжңӘдҝ®ж”№еҲқе§ӢеҜҶз ҒпјҢеҲҷеңЁзҷ»еҪ•ж—¶е°ұдјҡжҸҗйҶ’дҝ®ж”№еҜҶз ҒеҜ№иҜқжЎҶ');
INSERT INTO `sys_config` VALUES (8, 'з”ЁжҲ·з®ЎзҗҶ-иҙҰеҸ·еҜҶз Ғжӣҙж–°е‘Ёжңҹ', 'sys.account.passwordValidateDays', '0', 'Y', 'admin', '2026-03-15 15:58:04', '', NULL, 'еҜҶз Ғжӣҙж–°е‘ЁжңҹпјҲеЎ«еҶҷж•°еӯ—пјҢж•°жҚ®еҲқе§ӢеҢ–еҖјдёә0дёҚйҷҗеҲ¶пјҢиӢҘдҝ®ж”№еҝ…йЎ»дёәеӨ§дәҺ0е°ҸдәҺ365зҡ„жӯЈж•ҙж•°пјүпјҢеҰӮжһңи¶…иҝҮиҝҷдёӘе‘Ёжңҹзҷ»еҪ•зі»з»ҹж—¶пјҢеҲҷеңЁзҷ»еҪ•ж—¶е°ұдјҡжҸҗйҶ’дҝ®ж”№еҜҶз ҒеҜ№иҜқжЎҶ');

-- ----------------------------
-- Table structure for sys_config_copy1
-- ----------------------------
DROP TABLE IF EXISTS `sys_config_copy1`;
CREATE TABLE `sys_config_copy1`  (
  `config_id` int NOT NULL AUTO_INCREMENT COMMENT 'еҸӮж•°дё»й”®',
  `config_name` varchar(100) CHARACTER SET utf8mb4 COLLATE utf8mb4_0900_ai_ci NULL DEFAULT '' COMMENT 'еҸӮж•°еҗҚз§°',
  `config_key` varchar(100) CHARACTER SET utf8mb4 COLLATE utf8mb4_0900_ai_ci NULL DEFAULT '' COMMENT 'еҸӮж•°й”®еҗҚ',
  `config_value` varchar(500) CHARACTER SET utf8mb4 COLLATE utf8mb4_0900_ai_ci NULL DEFAULT '' COMMENT 'еҸӮж•°й”®еҖј',
  `config_type` char(1) CHARACTER SET utf8mb4 COLLATE utf8mb4_0900_ai_ci NULL DEFAULT 'N' COMMENT 'зі»з»ҹеҶ…зҪ®пјҲYжҳҜ NеҗҰпјү',
  `create_by` varchar(64) CHARACTER SET utf8mb4 COLLATE utf8mb4_0900_ai_ci NULL DEFAULT '' COMMENT 'еҲӣе»әиҖ…',
  `create_time` datetime NULL DEFAULT NULL COMMENT 'еҲӣе»әж—¶й—ҙ',
  `update_by` varchar(64) CHARACTER SET utf8mb4 COLLATE utf8mb4_0900_ai_ci NULL DEFAULT '' COMMENT 'жӣҙж–°иҖ…',
  `update_time` datetime NULL DEFAULT NULL COMMENT 'жӣҙж–°ж—¶й—ҙ',
  `remark` varchar(500) CHARACTER SET utf8mb4 COLLATE utf8mb4_0900_ai_ci NULL DEFAULT NULL COMMENT 'еӨҮжіЁ',
  PRIMARY KEY (`config_id`) USING BTREE
) ENGINE = InnoDB AUTO_INCREMENT = 100 CHARACTER SET = utf8mb4 COLLATE = utf8mb4_0900_ai_ci COMMENT = 'еҸӮж•°й…ҚзҪ®иЎЁ' ROW_FORMAT = DYNAMIC;

-- ----------------------------
-- Records of sys_config_copy1
-- ----------------------------
INSERT INTO `sys_config_copy1` VALUES (1, 'дё»жЎҶжһ¶йЎө-й»ҳи®Өзҡ®иӮӨж ·ејҸеҗҚз§°', 'sys.index.skinName', 'skin-blue', 'Y', 'admin', '2026-03-13 20:53:50', '', NULL, 'и“қиүІ skin-blueгҖҒз»ҝиүІ skin-greenгҖҒзҙ«иүІ skin-purpleгҖҒзәўиүІ skin-redгҖҒй»„иүІ skin-yellow');
INSERT INTO `sys_config_copy1` VALUES (2, 'з”ЁжҲ·з®ЎзҗҶ-иҙҰеҸ·еҲқе§ӢеҜҶз Ғ', 'sys.user.initPassword', '123456', 'Y', 'admin', '2026-03-13 20:53:50', '', NULL, 'еҲқе§ӢеҢ–еҜҶз Ғ 123456');
INSERT INTO `sys_config_copy1` VALUES (3, 'дё»жЎҶжһ¶йЎө-дҫ§иҫ№ж Ҹдё»йўҳ', 'sys.index.sideTheme', 'theme-dark', 'Y', 'admin', '2026-03-13 20:53:50', '', NULL, 'ж·ұиүІдё»йўҳtheme-darkпјҢжө…иүІдё»йўҳtheme-light');
INSERT INTO `sys_config_copy1` VALUES (4, 'иҙҰеҸ·иҮӘеҠ©-йӘҢиҜҒз ҒејҖе…і', 'sys.account.captchaEnabled', 'true', 'Y', 'admin', '2026-03-13 20:53:50', '', NULL, 'жҳҜеҗҰејҖеҗҜйӘҢиҜҒз ҒеҠҹиғҪпјҲtrueејҖеҗҜпјҢfalseе…ій—ӯпјү');
INSERT INTO `sys_config_copy1` VALUES (5, 'иҙҰеҸ·иҮӘеҠ©-жҳҜеҗҰејҖеҗҜз”ЁжҲ·жіЁеҶҢеҠҹиғҪ', 'sys.account.registerUser', 'false', 'Y', 'admin', '2026-03-13 20:53:50', '', NULL, 'жҳҜеҗҰејҖеҗҜжіЁеҶҢз”ЁжҲ·еҠҹиғҪпјҲtrueејҖеҗҜпјҢfalseе…ій—ӯпјү');
INSERT INTO `sys_config_copy1` VALUES (6, 'з”ЁжҲ·зҷ»еҪ•-й»‘еҗҚеҚ•еҲ—иЎЁ', 'sys.login.blackIPList', '', 'Y', 'admin', '2026-03-13 20:53:50', '', NULL, 'и®ҫзҪ®зҷ»еҪ•IPй»‘еҗҚеҚ•йҷҗеҲ¶пјҢеӨҡдёӘеҢ№й…ҚйЎ№д»Ҙ;еҲҶйҡ”пјҢж”ҜжҢҒеҢ№й…ҚпјҲ*йҖҡй…ҚгҖҒзҪ‘ж®өпјү');
INSERT INTO `sys_config_copy1` VALUES (7, 'з”ЁжҲ·з®ЎзҗҶ-еҲқе§ӢеҜҶз Ғдҝ®ж”№зӯ–з•Ҙ', 'sys.account.initPasswordModify', '1', 'Y', 'admin', '2026-03-13 20:53:50', '', NULL, '0пјҡеҲқе§ӢеҜҶз Ғдҝ®ж”№зӯ–з•Ҙе…ій—ӯпјҢжІЎжңүд»»дҪ•жҸҗзӨәпјҢ1пјҡжҸҗйҶ’з”ЁжҲ·пјҢеҰӮжһңжңӘдҝ®ж”№еҲқе§ӢеҜҶз ҒпјҢеҲҷеңЁзҷ»еҪ•ж—¶е°ұдјҡжҸҗйҶ’дҝ®ж”№еҜҶз ҒеҜ№иҜқжЎҶ');
INSERT INTO `sys_config_copy1` VALUES (8, 'з”ЁжҲ·з®ЎзҗҶ-иҙҰеҸ·еҜҶз Ғжӣҙж–°е‘Ёжңҹ', 'sys.account.passwordValidateDays', '0', 'Y', 'admin', '2026-03-13 20:53:50', '', NULL, 'еҜҶз Ғжӣҙж–°е‘ЁжңҹпјҲеЎ«еҶҷж•°еӯ—пјҢж•°жҚ®еҲқе§ӢеҢ–еҖјдёә0дёҚйҷҗеҲ¶пјҢиӢҘдҝ®ж”№еҝ…йЎ»дёәеӨ§дәҺ0е°ҸдәҺ365зҡ„жӯЈж•ҙж•°пјүпјҢеҰӮжһңи¶…иҝҮиҝҷдёӘе‘Ёжңҹзҷ»еҪ•зі»з»ҹж—¶пјҢеҲҷеңЁзҷ»еҪ•ж—¶е°ұдјҡжҸҗйҶ’дҝ®ж”№еҜҶз ҒеҜ№иҜқжЎҶ');

-- ----------------------------
-- Table structure for sys_dept
-- ----------------------------
DROP TABLE IF EXISTS `sys_dept`;
CREATE TABLE `sys_dept`  (
  `dept_id` bigint NOT NULL AUTO_INCREMENT COMMENT 'йғЁй—Ёid',
  `parent_id` bigint NULL DEFAULT 0 COMMENT 'зҲ¶йғЁй—Ёid',
  `ancestors` varchar(50) CHARACTER SET utf8mb4 COLLATE utf8mb4_0900_ai_ci NULL DEFAULT '' COMMENT 'зҘ–зә§еҲ—иЎЁ',
  `dept_name` varchar(30) CHARACTER SET utf8mb4 COLLATE utf8mb4_0900_ai_ci NULL DEFAULT '' COMMENT 'йғЁй—ЁеҗҚз§°',
  `order_num` int NULL DEFAULT 0 COMMENT 'жҳҫзӨәйЎәеәҸ',
  `leader` varchar(20) CHARACTER SET utf8mb4 COLLATE utf8mb4_0900_ai_ci NULL DEFAULT NULL COMMENT 'иҙҹиҙЈдәә',
  `phone` varchar(11) CHARACTER SET utf8mb4 COLLATE utf8mb4_0900_ai_ci NULL DEFAULT NULL COMMENT 'иҒ”зі»з”өиҜқ',
  `email` varchar(50) CHARACTER SET utf8mb4 COLLATE utf8mb4_0900_ai_ci NULL DEFAULT NULL COMMENT 'йӮ®з®ұ',
  `status` char(1) CHARACTER SET utf8mb4 COLLATE utf8mb4_0900_ai_ci NULL DEFAULT '0' COMMENT 'йғЁй—ЁзҠ¶жҖҒпјҲ0жӯЈеёё 1еҒңз”Ёпјү',
  `del_flag` char(1) CHARACTER SET utf8mb4 COLLATE utf8mb4_0900_ai_ci NULL DEFAULT '0' COMMENT 'еҲ йҷӨж Үеҝ—пјҲ0д»ЈиЎЁеӯҳеңЁ 2д»ЈиЎЁеҲ йҷӨпјү',
  `create_by` varchar(64) CHARACTER SET utf8mb4 COLLATE utf8mb4_0900_ai_ci NULL DEFAULT '' COMMENT 'еҲӣе»әиҖ…',
  `create_time` datetime NULL DEFAULT NULL COMMENT 'еҲӣе»әж—¶й—ҙ',
  `update_by` varchar(64) CHARACTER SET utf8mb4 COLLATE utf8mb4_0900_ai_ci NULL DEFAULT '' COMMENT 'жӣҙж–°иҖ…',
  `update_time` datetime NULL DEFAULT NULL COMMENT 'жӣҙж–°ж—¶й—ҙ',
  PRIMARY KEY (`dept_id`) USING BTREE
) ENGINE = InnoDB AUTO_INCREMENT = 200 CHARACTER SET = utf8mb4 COLLATE = utf8mb4_0900_ai_ci COMMENT = 'йғЁй—ЁиЎЁ' ROW_FORMAT = DYNAMIC;

-- ----------------------------
-- Records of sys_dept
-- ----------------------------
INSERT INTO `sys_dept` VALUES (100, 0, '0', 'иӢҘдҫқз§‘жҠҖ', 0, 'иӢҘдҫқ', '15888888888', 'ry@qq.com', '0', '0', 'admin', '2026-03-15 15:58:03', '', NULL);
INSERT INTO `sys_dept` VALUES (101, 100, '0,100', 'ж·ұеңіжҖ»е…¬еҸё', 1, 'иӢҘдҫқ', '15888888888', 'ry@qq.com', '0', '0', 'admin', '2026-03-15 15:58:03', '', NULL);
INSERT INTO `sys_dept` VALUES (102, 100, '0,100', 'й•ҝжІҷеҲҶе…¬еҸё', 2, 'иӢҘдҫқ', '15888888888', 'ry@qq.com', '0', '0', 'admin', '2026-03-15 15:58:03', '', NULL);
INSERT INTO `sys_dept` VALUES (103, 101, '0,100,101', 'з ”еҸ‘йғЁй—Ё', 1, 'иӢҘдҫқ', '15888888888', 'ry@qq.com', '0', '0', 'admin', '2026-03-15 15:58:03', '', NULL);
INSERT INTO `sys_dept` VALUES (104, 101, '0,100,101', 'еёӮеңәйғЁй—Ё', 2, 'иӢҘдҫқ', '15888888888', 'ry@qq.com', '0', '0', 'admin', '2026-03-15 15:58:03', '', NULL);
INSERT INTO `sys_dept` VALUES (105, 101, '0,100,101', 'жөӢиҜ•йғЁй—Ё', 3, 'иӢҘдҫқ', '15888888888', 'ry@qq.com', '0', '0', 'admin', '2026-03-15 15:58:03', '', NULL);
INSERT INTO `sys_dept` VALUES (106, 101, '0,100,101', 'иҙўеҠЎйғЁй—Ё', 4, 'иӢҘдҫқ', '15888888888', 'ry@qq.com', '0', '0', 'admin', '2026-03-15 15:58:03', '', NULL);
INSERT INTO `sys_dept` VALUES (107, 101, '0,100,101', 'иҝҗз»ҙйғЁй—Ё', 5, 'иӢҘдҫқ', '15888888888', 'ry@qq.com', '0', '0', 'admin', '2026-03-15 15:58:03', '', NULL);
INSERT INTO `sys_dept` VALUES (108, 102, '0,100,102', 'еёӮеңәйғЁй—Ё', 1, 'иӢҘдҫқ', '15888888888', 'ry@qq.com', '0', '0', 'admin', '2026-03-15 15:58:03', '', NULL);
INSERT INTO `sys_dept` VALUES (109, 102, '0,100,102', 'иҙўеҠЎйғЁй—Ё', 2, 'иӢҘдҫқ', '15888888888', 'ry@qq.com', '0', '0', 'admin', '2026-03-15 15:58:03', '', NULL);

-- ----------------------------
-- Table structure for sys_dict_data
-- ----------------------------
DROP TABLE IF EXISTS `sys_dict_data`;
CREATE TABLE `sys_dict_data`  (
  `dict_code` bigint NOT NULL AUTO_INCREMENT COMMENT 'еӯ—е…ёзј–з Ғ',
  `dict_sort` int NULL DEFAULT 0 COMMENT 'еӯ—е…ёжҺ’еәҸ',
  `dict_label` varchar(100) CHARACTER SET utf8mb4 COLLATE utf8mb4_0900_ai_ci NULL DEFAULT '' COMMENT 'еӯ—е…ёж Үзӯҫ',
  `dict_value` varchar(100) CHARACTER SET utf8mb4 COLLATE utf8mb4_0900_ai_ci NULL DEFAULT '' COMMENT 'еӯ—е…ёй”®еҖј',
  `dict_type` varchar(100) CHARACTER SET utf8mb4 COLLATE utf8mb4_0900_ai_ci NULL DEFAULT '' COMMENT 'еӯ—е…ёзұ»еһӢ',
  `css_class` varchar(100) CHARACTER SET utf8mb4 COLLATE utf8mb4_0900_ai_ci NULL DEFAULT NULL COMMENT 'ж ·ејҸеұһжҖ§пјҲе…¶д»–ж ·ејҸжү©еұ•пјү',
  `list_class` varchar(100) CHARACTER SET utf8mb4 COLLATE utf8mb4_0900_ai_ci NULL DEFAULT NULL COMMENT 'иЎЁж јеӣһжҳҫж ·ејҸ',
  `is_default` char(1) CHARACTER SET utf8mb4 COLLATE utf8mb4_0900_ai_ci NULL DEFAULT 'N' COMMENT 'жҳҜеҗҰй»ҳи®ӨпјҲYжҳҜ NеҗҰпјү',
  `status` char(1) CHARACTER SET utf8mb4 COLLATE utf8mb4_0900_ai_ci NULL DEFAULT '0' COMMENT 'зҠ¶жҖҒпјҲ0жӯЈеёё 1еҒңз”Ёпјү',
  `create_by` varchar(64) CHARACTER SET utf8mb4 COLLATE utf8mb4_0900_ai_ci NULL DEFAULT '' COMMENT 'еҲӣе»әиҖ…',
  `create_time` datetime NULL DEFAULT NULL COMMENT 'еҲӣе»әж—¶й—ҙ',
  `update_by` varchar(64) CHARACTER SET utf8mb4 COLLATE utf8mb4_0900_ai_ci NULL DEFAULT '' COMMENT 'жӣҙж–°иҖ…',
  `update_time` datetime NULL DEFAULT NULL COMMENT 'жӣҙж–°ж—¶й—ҙ',
  `remark` varchar(500) CHARACTER SET utf8mb4 COLLATE utf8mb4_0900_ai_ci NULL DEFAULT NULL COMMENT 'еӨҮжіЁ',
  PRIMARY KEY (`dict_code`) USING BTREE
) ENGINE = InnoDB AUTO_INCREMENT = 101 CHARACTER SET = utf8mb4 COLLATE = utf8mb4_0900_ai_ci COMMENT = 'еӯ—е…ёж•°жҚ®иЎЁ' ROW_FORMAT = DYNAMIC;

-- ----------------------------
-- Records of sys_dict_data
-- ----------------------------
INSERT INTO `sys_dict_data` VALUES (1, 1, 'з”·', '0', 'sys_user_sex', '', '', 'Y', '0', 'admin', '2026-03-15 15:58:04', '', NULL, 'жҖ§еҲ«з”·');
INSERT INTO `sys_dict_data` VALUES (2, 2, 'еҘі', '1', 'sys_user_sex', '', '', 'N', '0', 'admin', '2026-03-15 15:58:04', '', NULL, 'жҖ§еҲ«еҘі');
INSERT INTO `sys_dict_data` VALUES (3, 3, 'жңӘзҹҘ', '2', 'sys_user_sex', '', '', 'N', '0', 'admin', '2026-03-15 15:58:04', '', NULL, 'жҖ§еҲ«жңӘзҹҘ');
INSERT INTO `sys_dict_data` VALUES (4, 1, 'жҳҫзӨә', '0', 'sys_show_hide', '', 'primary', 'Y', '0', 'admin', '2026-03-15 15:58:04', '', NULL, 'жҳҫзӨәиҸңеҚ•');
INSERT INTO `sys_dict_data` VALUES (5, 2, 'йҡҗи—Ҹ', '1', 'sys_show_hide', '', 'danger', 'N', '0', 'admin', '2026-03-15 15:58:04', '', NULL, 'йҡҗи—ҸиҸңеҚ•');
INSERT INTO `sys_dict_data` VALUES (6, 1, 'жӯЈеёё', '0', 'sys_normal_disable', '', 'primary', 'Y', '0', 'admin', '2026-03-15 15:58:04', '', NULL, 'жӯЈеёёзҠ¶жҖҒ');
INSERT INTO `sys_dict_data` VALUES (7, 2, 'еҒңз”Ё', '1', 'sys_normal_disable', '', 'danger', 'N', '0', 'admin', '2026-03-15 15:58:04', '', NULL, 'еҒңз”ЁзҠ¶жҖҒ');
INSERT INTO `sys_dict_data` VALUES (8, 1, 'жӯЈеёё', '0', 'sys_job_status', '', 'primary', 'Y', '0', 'admin', '2026-03-15 15:58:04', '', NULL, 'жӯЈеёёзҠ¶жҖҒ');
INSERT INTO `sys_dict_data` VALUES (9, 2, 'жҡӮеҒң', '1', 'sys_job_status', '', 'danger', 'N', '0', 'admin', '2026-03-15 15:58:04', '', NULL, 'еҒңз”ЁзҠ¶жҖҒ');
INSERT INTO `sys_dict_data` VALUES (10, 1, 'й»ҳи®Ө', 'DEFAULT', 'sys_job_group', '', '', 'Y', '0', 'admin', '2026-03-15 15:58:04', '', NULL, 'й»ҳи®ӨеҲҶз»„');
INSERT INTO `sys_dict_data` VALUES (11, 2, 'зі»з»ҹ', 'SYSTEM', 'sys_job_group', '', '', 'N', '0', 'admin', '2026-03-15 15:58:04', '', NULL, 'зі»з»ҹеҲҶз»„');
INSERT INTO `sys_dict_data` VALUES (12, 1, 'жҳҜ', 'Y', 'sys_yes_no', '', 'primary', 'Y', '0', 'admin', '2026-03-15 15:58:04', '', NULL, 'зі»з»ҹй»ҳи®ӨжҳҜ');
INSERT INTO `sys_dict_data` VALUES (13, 2, 'еҗҰ', 'N', 'sys_yes_no', '', 'danger', 'N', '0', 'admin', '2026-03-15 15:58:04', '', NULL, 'зі»з»ҹй»ҳи®ӨеҗҰ');
INSERT INTO `sys_dict_data` VALUES (14, 1, 'йҖҡзҹҘ', '1', 'sys_notice_type', '', 'warning', 'Y', '0', 'admin', '2026-03-15 15:58:04', '', NULL, 'йҖҡзҹҘ');
INSERT INTO `sys_dict_data` VALUES (15, 2, 'е…¬е‘Ҡ', '2', 'sys_notice_type', '', 'success', 'N', '0', 'admin', '2026-03-15 15:58:04', '', NULL, 'е…¬е‘Ҡ');
INSERT INTO `sys_dict_data` VALUES (16, 1, 'жӯЈеёё', '0', 'sys_notice_status', '', 'primary', 'Y', '0', 'admin', '2026-03-15 15:58:04', '', NULL, 'жӯЈеёёзҠ¶жҖҒ');
INSERT INTO `sys_dict_data` VALUES (17, 2, 'е…ій—ӯ', '1', 'sys_notice_status', '', 'danger', 'N', '0', 'admin', '2026-03-15 15:58:04', '', NULL, 'е…ій—ӯзҠ¶жҖҒ');
INSERT INTO `sys_dict_data` VALUES (18, 99, 'е…¶д»–', '0', 'sys_oper_type', '', 'info', 'N', '0', 'admin', '2026-03-15 15:58:04', '', NULL, 'е…¶д»–ж“ҚдҪң');
INSERT INTO `sys_dict_data` VALUES (19, 1, 'ж–°еўһ', '1', 'sys_oper_type', '', 'info', 'N', '0', 'admin', '2026-03-15 15:58:04', '', NULL, 'ж–°еўһж“ҚдҪң');
INSERT INTO `sys_dict_data` VALUES (20, 2, 'дҝ®ж”№', '2', 'sys_oper_type', '', 'info', 'N', '0', 'admin', '2026-03-15 15:58:04', '', NULL, 'дҝ®ж”№ж“ҚдҪң');
INSERT INTO `sys_dict_data` VALUES (21, 3, 'еҲ йҷӨ', '3', 'sys_oper_type', '', 'danger', 'N', '0', 'admin', '2026-03-15 15:58:04', '', NULL, 'еҲ йҷӨж“ҚдҪң');
INSERT INTO `sys_dict_data` VALUES (22, 4, 'жҺҲжқғ', '4', 'sys_oper_type', '', 'primary', 'N', '0', 'admin', '2026-03-15 15:58:04', '', NULL, 'жҺҲжқғж“ҚдҪң');
INSERT INTO `sys_dict_data` VALUES (23, 5, 'еҜјеҮә', '5', 'sys_oper_type', '', 'warning', 'N', '0', 'admin', '2026-03-15 15:58:04', '', NULL, 'еҜјеҮәж“ҚдҪң');
INSERT INTO `sys_dict_data` VALUES (24, 6, 'еҜје…Ҙ', '6', 'sys_oper_type', '', 'warning', 'N', '0', 'admin', '2026-03-15 15:58:04', '', NULL, 'еҜје…Ҙж“ҚдҪң');
INSERT INTO `sys_dict_data` VALUES (25, 7, 'ејәйҖҖ', '7', 'sys_oper_type', '', 'danger', 'N', '0', 'admin', '2026-03-15 15:58:04', '', NULL, 'ејәйҖҖж“ҚдҪң');
INSERT INTO `sys_dict_data` VALUES (26, 8, 'з”ҹжҲҗд»Јз Ғ', '8', 'sys_oper_type', '', 'warning', 'N', '0', 'admin', '2026-03-15 15:58:04', '', NULL, 'з”ҹжҲҗж“ҚдҪң');
INSERT INTO `sys_dict_data` VALUES (27, 9, 'жё…з©әж•°жҚ®', '9', 'sys_oper_type', '', 'danger', 'N', '0', 'admin', '2026-03-15 15:58:04', '', NULL, 'жё…з©әж“ҚдҪң');
INSERT INTO `sys_dict_data` VALUES (28, 1, 'жҲҗеҠҹ', '0', 'sys_common_status', '', 'primary', 'N', '0', 'admin', '2026-03-15 15:58:04', '', NULL, 'жӯЈеёёзҠ¶жҖҒ');
INSERT INTO `sys_dict_data` VALUES (29, 2, 'еӨұиҙҘ', '1', 'sys_common_status', '', 'danger', 'N', '0', 'admin', '2026-03-15 15:58:04', '', NULL, 'еҒңз”ЁзҠ¶жҖҒ');
INSERT INTO `sys_dict_data` VALUES (30, 0, 'зҺҜеўғ', '0', 'community_complaint', NULL, NULL, 'Y', '0', 'admin', NULL, '', NULL, NULL);
INSERT INTO `sys_dict_data` VALUES (31, 1, 'е®үе…Ё', '1', 'community_complaint', NULL, NULL, 'N', '0', 'admin', NULL, '', NULL, NULL);
INSERT INTO `sys_dict_data` VALUES (32, 2, 'жңҚеҠЎ', '2', 'community_complaint', NULL, NULL, 'N', '0', 'admin', NULL, '', NULL, NULL);
INSERT INTO `sys_dict_data` VALUES (33, 3, 'еҷӘйҹі', '3', 'community_complaint', NULL, NULL, 'N', '0', 'admin', NULL, '', NULL, NULL);

-- ----------------------------
-- Table structure for sys_dict_type
-- ----------------------------
DROP TABLE IF EXISTS `sys_dict_type`;
CREATE TABLE `sys_dict_type`  (
  `dict_id` bigint NOT NULL AUTO_INCREMENT COMMENT 'еӯ—е…ёдё»й”®',
  `dict_name` varchar(100) CHARACTER SET utf8mb4 COLLATE utf8mb4_0900_ai_ci NULL DEFAULT '' COMMENT 'еӯ—е…ёеҗҚз§°',
  `dict_type` varchar(100) CHARACTER SET utf8mb4 COLLATE utf8mb4_0900_ai_ci NULL DEFAULT '' COMMENT 'еӯ—е…ёзұ»еһӢ',
  `status` char(1) CHARACTER SET utf8mb4 COLLATE utf8mb4_0900_ai_ci NULL DEFAULT '0' COMMENT 'зҠ¶жҖҒпјҲ0жӯЈеёё 1еҒңз”Ёпјү',
  `create_by` varchar(64) CHARACTER SET utf8mb4 COLLATE utf8mb4_0900_ai_ci NULL DEFAULT '' COMMENT 'еҲӣе»әиҖ…',
  `create_time` datetime NULL DEFAULT NULL COMMENT 'еҲӣе»әж—¶й—ҙ',
  `update_by` varchar(64) CHARACTER SET utf8mb4 COLLATE utf8mb4_0900_ai_ci NULL DEFAULT '' COMMENT 'жӣҙж–°иҖ…',
  `update_time` datetime NULL DEFAULT NULL COMMENT 'жӣҙж–°ж—¶й—ҙ',
  `remark` varchar(500) CHARACTER SET utf8mb4 COLLATE utf8mb4_0900_ai_ci NULL DEFAULT NULL COMMENT 'еӨҮжіЁ',
  PRIMARY KEY (`dict_id`) USING BTREE,
  UNIQUE INDEX `dict_type`(`dict_type` ASC) USING BTREE
) ENGINE = InnoDB AUTO_INCREMENT = 100 CHARACTER SET = utf8mb4 COLLATE = utf8mb4_0900_ai_ci COMMENT = 'еӯ—е…ёзұ»еһӢиЎЁ' ROW_FORMAT = DYNAMIC;

-- ----------------------------
-- Records of sys_dict_type
-- ----------------------------
INSERT INTO `sys_dict_type` VALUES (1, 'з”ЁжҲ·жҖ§еҲ«', 'sys_user_sex', '0', 'admin', '2026-03-15 15:58:04', '', NULL, 'з”ЁжҲ·жҖ§еҲ«еҲ—иЎЁ');
INSERT INTO `sys_dict_type` VALUES (2, 'иҸңеҚ•зҠ¶жҖҒ', 'sys_show_hide', '0', 'admin', '2026-03-15 15:58:04', '', NULL, 'иҸңеҚ•зҠ¶жҖҒеҲ—иЎЁ');
INSERT INTO `sys_dict_type` VALUES (3, 'зі»з»ҹејҖе…і', 'sys_normal_disable', '0', 'admin', '2026-03-15 15:58:04', '', NULL, 'зі»з»ҹејҖе…іеҲ—иЎЁ');
INSERT INTO `sys_dict_type` VALUES (4, 'д»»еҠЎзҠ¶жҖҒ', 'sys_job_status', '0', 'admin', '2026-03-15 15:58:04', '', NULL, 'д»»еҠЎзҠ¶жҖҒеҲ—иЎЁ');
INSERT INTO `sys_dict_type` VALUES (5, 'д»»еҠЎеҲҶз»„', 'sys_job_group', '0', 'admin', '2026-03-15 15:58:04', '', NULL, 'д»»еҠЎеҲҶз»„еҲ—иЎЁ');
INSERT INTO `sys_dict_type` VALUES (6, 'зі»з»ҹжҳҜеҗҰ', 'sys_yes_no', '0', 'admin', '2026-03-15 15:58:04', '', NULL, 'зі»з»ҹжҳҜеҗҰеҲ—иЎЁ');
INSERT INTO `sys_dict_type` VALUES (7, 'йҖҡзҹҘзұ»еһӢ', 'sys_notice_type', '0', 'admin', '2026-03-15 15:58:04', '', NULL, 'йҖҡзҹҘзұ»еһӢеҲ—иЎЁ');
INSERT INTO `sys_dict_type` VALUES (8, 'йҖҡзҹҘзҠ¶жҖҒ', 'sys_notice_status', '0', 'admin', '2026-03-15 15:58:04', '', NULL, 'йҖҡзҹҘзҠ¶жҖҒеҲ—иЎЁ');
INSERT INTO `sys_dict_type` VALUES (9, 'ж“ҚдҪңзұ»еһӢ', 'sys_oper_type', '0', 'admin', '2026-03-15 15:58:04', '', NULL, 'ж“ҚдҪңзұ»еһӢеҲ—иЎЁ');
INSERT INTO `sys_dict_type` VALUES (10, 'зі»з»ҹзҠ¶жҖҒ', 'sys_common_status', '0', 'admin', '2026-03-15 15:58:04', '', NULL, 'зҷ»еҪ•зҠ¶жҖҒеҲ—иЎЁ');
INSERT INTO `sys_dict_type` VALUES (11, 'жҠ•иҜүзұ»еһӢ', 'community_complaint', '0', 'admin', NULL, '', NULL, NULL);

-- ----------------------------
-- Table structure for sys_job
-- ----------------------------
DROP TABLE IF EXISTS `sys_job`;
CREATE TABLE `sys_job`  (
  `job_id` bigint NOT NULL AUTO_INCREMENT COMMENT 'д»»еҠЎID',
  `job_name` varchar(64) CHARACTER SET utf8mb4 COLLATE utf8mb4_0900_ai_ci NOT NULL DEFAULT '' COMMENT 'д»»еҠЎеҗҚз§°',
  `job_group` varchar(64) CHARACTER SET utf8mb4 COLLATE utf8mb4_0900_ai_ci NOT NULL DEFAULT 'DEFAULT' COMMENT 'д»»еҠЎз»„еҗҚ',
  `invoke_target` varchar(500) CHARACTER SET utf8mb4 COLLATE utf8mb4_0900_ai_ci NOT NULL COMMENT 'и°ғз”Ёзӣ®ж Үеӯ—з¬ҰдёІ',
  `cron_expression` varchar(255) CHARACTER SET utf8mb4 COLLATE utf8mb4_0900_ai_ci NULL DEFAULT '' COMMENT 'cronжү§иЎҢиЎЁиҫҫејҸ',
  `misfire_policy` varchar(20) CHARACTER SET utf8mb4 COLLATE utf8mb4_0900_ai_ci NULL DEFAULT '3' COMMENT 'и®ЎеҲ’жү§иЎҢй”ҷиҜҜзӯ–з•ҘпјҲ1з«ӢеҚіжү§иЎҢ 2жү§иЎҢдёҖж¬Ў 3ж”ҫејғжү§иЎҢпјү',
  `concurrent` char(1) CHARACTER SET utf8mb4 COLLATE utf8mb4_0900_ai_ci NULL DEFAULT '1' COMMENT 'жҳҜеҗҰе№¶еҸ‘жү§иЎҢпјҲ0е…Ғи®ё 1зҰҒжӯўпјү',
  `status` char(1) CHARACTER SET utf8mb4 COLLATE utf8mb4_0900_ai_ci NULL DEFAULT '0' COMMENT 'зҠ¶жҖҒпјҲ0жӯЈеёё 1жҡӮеҒңпјү',
  `create_by` varchar(64) CHARACTER SET utf8mb4 COLLATE utf8mb4_0900_ai_ci NULL DEFAULT '' COMMENT 'еҲӣе»әиҖ…',
  `create_time` datetime NULL DEFAULT NULL COMMENT 'еҲӣе»әж—¶й—ҙ',
  `update_by` varchar(64) CHARACTER SET utf8mb4 COLLATE utf8mb4_0900_ai_ci NULL DEFAULT '' COMMENT 'жӣҙж–°иҖ…',
  `update_time` datetime NULL DEFAULT NULL COMMENT 'жӣҙж–°ж—¶й—ҙ',
  `remark` varchar(500) CHARACTER SET utf8mb4 COLLATE utf8mb4_0900_ai_ci NULL DEFAULT '' COMMENT 'еӨҮжіЁдҝЎжҒҜ',
  PRIMARY KEY (`job_id`, `job_name`, `job_group`) USING BTREE
) ENGINE = InnoDB AUTO_INCREMENT = 100 CHARACTER SET = utf8mb4 COLLATE = utf8mb4_0900_ai_ci COMMENT = 'е®ҡж—¶д»»еҠЎи°ғеәҰиЎЁ' ROW_FORMAT = DYNAMIC;

-- ----------------------------
-- Records of sys_job
-- ----------------------------
INSERT INTO `sys_job` VALUES (1, 'зі»з»ҹй»ҳи®ӨпјҲж— еҸӮпјү', 'DEFAULT', 'ryTask.ryNoParams', '0/10 * * * * ?', '3', '1', '1', 'admin', '2026-03-15 15:58:04', '', NULL, '');
INSERT INTO `sys_job` VALUES (2, 'зі»з»ҹй»ҳи®ӨпјҲжңүеҸӮпјү', 'DEFAULT', 'ryTask.ryParams(\'ry\')', '0/15 * * * * ?', '3', '1', '1', 'admin', '2026-03-15 15:58:04', '', NULL, '');
INSERT INTO `sys_job` VALUES (3, 'зі»з»ҹй»ҳи®ӨпјҲеӨҡеҸӮпјү', 'DEFAULT', 'ryTask.ryMultipleParams(\'ry\', true, 2000L, 316.50D, 100)', '0/20 * * * * ?', '3', '1', '1', 'admin', '2026-03-15 15:58:04', '', NULL, '');

-- ----------------------------
-- Table structure for sys_job_log
-- ----------------------------
DROP TABLE IF EXISTS `sys_job_log`;
CREATE TABLE `sys_job_log`  (
  `job_log_id` bigint NOT NULL AUTO_INCREMENT COMMENT 'д»»еҠЎж—Ҙеҝ—ID',
  `job_name` varchar(64) CHARACTER SET utf8mb4 COLLATE utf8mb4_0900_ai_ci NOT NULL COMMENT 'д»»еҠЎеҗҚз§°',
  `job_group` varchar(64) CHARACTER SET utf8mb4 COLLATE utf8mb4_0900_ai_ci NOT NULL COMMENT 'д»»еҠЎз»„еҗҚ',
  `invoke_target` varchar(500) CHARACTER SET utf8mb4 COLLATE utf8mb4_0900_ai_ci NOT NULL COMMENT 'и°ғз”Ёзӣ®ж Үеӯ—з¬ҰдёІ',
  `job_message` varchar(500) CHARACTER SET utf8mb4 COLLATE utf8mb4_0900_ai_ci NULL DEFAULT NULL COMMENT 'ж—Ҙеҝ—дҝЎжҒҜ',
  `status` char(1) CHARACTER SET utf8mb4 COLLATE utf8mb4_0900_ai_ci NULL DEFAULT '0' COMMENT 'жү§иЎҢзҠ¶жҖҒпјҲ0жӯЈеёё 1еӨұиҙҘпјү',
  `exception_info` varchar(2000) CHARACTER SET utf8mb4 COLLATE utf8mb4_0900_ai_ci NULL DEFAULT '' COMMENT 'ејӮеёёдҝЎжҒҜ',
  `create_time` datetime NULL DEFAULT NULL COMMENT 'еҲӣе»әж—¶й—ҙ',
  PRIMARY KEY (`job_log_id`) USING BTREE
) ENGINE = InnoDB AUTO_INCREMENT = 1 CHARACTER SET = utf8mb4 COLLATE = utf8mb4_0900_ai_ci COMMENT = 'е®ҡж—¶д»»еҠЎи°ғеәҰж—Ҙеҝ—иЎЁ' ROW_FORMAT = DYNAMIC;

-- ----------------------------
-- Records of sys_job_log
-- ----------------------------

-- ----------------------------
-- Table structure for sys_logininfor
-- ----------------------------
DROP TABLE IF EXISTS `sys_logininfor`;
CREATE TABLE `sys_logininfor`  (
  `info_id` bigint NOT NULL AUTO_INCREMENT COMMENT 'и®ҝй—®ID',
  `user_name` varchar(50) CHARACTER SET utf8mb4 COLLATE utf8mb4_0900_ai_ci NULL DEFAULT '' COMMENT 'з”ЁжҲ·иҙҰеҸ·',
  `ipaddr` varchar(128) CHARACTER SET utf8mb4 COLLATE utf8mb4_0900_ai_ci NULL DEFAULT '' COMMENT 'зҷ»еҪ•IPең°еқҖ',
  `login_location` varchar(255) CHARACTER SET utf8mb4 COLLATE utf8mb4_0900_ai_ci NULL DEFAULT '' COMMENT 'зҷ»еҪ•ең°зӮ№',
  `browser` varchar(50) CHARACTER SET utf8mb4 COLLATE utf8mb4_0900_ai_ci NULL DEFAULT '' COMMENT 'жөҸи§ҲеҷЁзұ»еһӢ',
  `os` varchar(50) CHARACTER SET utf8mb4 COLLATE utf8mb4_0900_ai_ci NULL DEFAULT '' COMMENT 'ж“ҚдҪңзі»з»ҹ',
  `status` char(1) CHARACTER SET utf8mb4 COLLATE utf8mb4_0900_ai_ci NULL DEFAULT '0' COMMENT 'зҷ»еҪ•зҠ¶жҖҒпјҲ0жҲҗеҠҹ 1еӨұиҙҘпјү',
  `msg` varchar(255) CHARACTER SET utf8mb4 COLLATE utf8mb4_0900_ai_ci NULL DEFAULT '' COMMENT 'жҸҗзӨәж¶ҲжҒҜ',
  `login_time` datetime NULL DEFAULT NULL COMMENT 'и®ҝй—®ж—¶й—ҙ',
  PRIMARY KEY (`info_id`) USING BTREE,
  INDEX `idx_sys_logininfor_s`(`status` ASC) USING BTREE,
  INDEX `idx_sys_logininfor_lt`(`login_time` ASC) USING BTREE
) ENGINE = InnoDB AUTO_INCREMENT = 272 CHARACTER SET = utf8mb4 COLLATE = utf8mb4_0900_ai_ci COMMENT = 'зі»з»ҹи®ҝй—®и®°еҪ•' ROW_FORMAT = DYNAMIC;

-- ----------------------------
-- Records of sys_logininfor
-- ----------------------------
INSERT INTO `sys_logininfor` VALUES (100, 'admin', '127.0.0.1', 'еҶ…зҪ‘IP', 'Edge 145', 'Windows >=10', '0', 'зҷ»еҪ•жҲҗеҠҹ', '2026-03-15 15:58:29');
INSERT INTO `sys_logininfor` VALUES (101, 'admin', '127.0.0.1', 'еҶ…зҪ‘IP', 'Edge 145', 'Windows >=10', '1', 'йӘҢиҜҒз Ғй”ҷиҜҜ', '2026-03-15 17:07:45');
INSERT INTO `sys_logininfor` VALUES (102, 'admin', '127.0.0.1', 'еҶ…зҪ‘IP', 'Edge 145', 'Windows >=10', '0', 'зҷ»еҪ•жҲҗеҠҹ', '2026-03-15 17:07:46');
INSERT INTO `sys_logininfor` VALUES (103, 'admin', '127.0.0.1', 'еҶ…зҪ‘IP', 'Edge 146', 'Windows >=10', '1', 'йӘҢиҜҒз Ғй”ҷиҜҜ', '2026-03-17 19:38:03');
INSERT INTO `sys_logininfor` VALUES (104, 'admin', '127.0.0.1', 'еҶ…зҪ‘IP', 'Edge 146', 'Windows >=10', '0', 'зҷ»еҪ•жҲҗеҠҹ', '2026-03-17 19:38:07');
INSERT INTO `sys_logininfor` VALUES (105, 'admin', '127.0.0.1', 'еҶ…зҪ‘IP', 'Edge 146', 'Windows >=10', '0', 'зҷ»еҪ•жҲҗеҠҹ', '2026-03-17 20:58:30');
INSERT INTO `sys_logininfor` VALUES (106, 'admin', '127.0.0.1', 'еҶ…зҪ‘IP', 'Edge 146', 'Windows >=10', '0', 'йҖҖеҮәжҲҗеҠҹ', '2026-03-17 21:26:01');
INSERT INTO `sys_logininfor` VALUES (107, 'admin', '127.0.0.1', 'еҶ…зҪ‘IP', 'Edge 146', 'Windows >=10', '0', 'зҷ»еҪ•жҲҗеҠҹ', '2026-03-17 21:26:04');
INSERT INTO `sys_logininfor` VALUES (108, 'admin', '127.0.0.1', 'еҶ…зҪ‘IP', 'Edge 146', 'Windows >=10', '0', 'зҷ»еҪ•жҲҗеҠҹ', '2026-03-19 12:35:49');
INSERT INTO `sys_logininfor` VALUES (109, 'admin', '127.0.0.1', 'еҶ…зҪ‘IP', 'Edge 146', 'Windows >=10', '0', 'зҷ»еҪ•жҲҗеҠҹ', '2026-03-19 13:06:09');
INSERT INTO `sys_logininfor` VALUES (110, 'admin', '127.0.0.1', 'еҶ…зҪ‘IP', 'Edge 146', 'Windows >=10', '0', 'зҷ»еҪ•жҲҗеҠҹ', '2026-03-19 17:04:19');
INSERT INTO `sys_logininfor` VALUES (111, 'admin', '127.0.0.1', 'еҶ…зҪ‘IP', 'Edge 146', 'Windows >=10', '0', 'зҷ»еҪ•жҲҗеҠҹ', '2026-03-19 18:37:56');
INSERT INTO `sys_logininfor` VALUES (112, 'admin', '127.0.0.1', 'еҶ…зҪ‘IP', 'Edge 146', 'Windows >=10', '0', 'зҷ»еҪ•жҲҗеҠҹ', '2026-03-19 19:43:27');
INSERT INTO `sys_logininfor` VALUES (113, 'admin', '127.0.0.1', 'еҶ…зҪ‘IP', 'Edge 146', 'Windows >=10', '0', 'зҷ»еҪ•жҲҗеҠҹ', '2026-03-20 13:07:41');
INSERT INTO `sys_logininfor` VALUES (114, 'admin', '127.0.0.1', 'еҶ…зҪ‘IP', 'Edge 146', 'Windows >=10', '0', 'зҷ»еҪ•жҲҗеҠҹ', '2026-03-20 14:40:04');
INSERT INTO `sys_logininfor` VALUES (115, 'admin', '127.0.0.1', 'еҶ…зҪ‘IP', 'Edge 146', 'Windows >=10', '0', 'йҖҖеҮәжҲҗеҠҹ', '2026-03-20 14:43:40');
INSERT INTO `sys_logininfor` VALUES (116, 'admin', '127.0.0.1', 'еҶ…зҪ‘IP', 'Edge 146', 'Windows >=10', '0', 'зҷ»еҪ•жҲҗеҠҹ', '2026-03-20 14:43:43');
INSERT INTO `sys_logininfor` VALUES (117, 'admin', '127.0.0.1', 'еҶ…зҪ‘IP', 'Edge 146', 'Windows >=10', '0', 'зҷ»еҪ•жҲҗеҠҹ', '2026-03-20 19:03:24');
INSERT INTO `sys_logininfor` VALUES (118, 'admin', '127.0.0.1', 'еҶ…зҪ‘IP', 'Edge 146', 'Windows >=10', '0', 'зҷ»еҪ•жҲҗеҠҹ', '2026-03-21 10:20:47');
INSERT INTO `sys_logininfor` VALUES (119, 'admin', '127.0.0.1', 'еҶ…зҪ‘IP', 'Edge 146', 'Windows >=10', '0', 'зҷ»еҪ•жҲҗеҠҹ', '2026-03-25 20:08:24');
INSERT INTO `sys_logininfor` VALUES (120, 'admin', '127.0.0.1', 'еҶ…зҪ‘IP', 'Edge 146', 'Windows >=10', '0', 'зҷ»еҪ•жҲҗеҠҹ', '2026-03-25 21:20:04');
INSERT INTO `sys_logininfor` VALUES (121, 'admin', '127.0.0.1', 'еҶ…зҪ‘IP', 'Edge 146', 'Windows >=10', '0', 'зҷ»еҪ•жҲҗеҠҹ', '2026-03-26 18:45:41');
INSERT INTO `sys_logininfor` VALUES (122, 'admin', '127.0.0.1', 'еҶ…зҪ‘IP', 'Edge 146', 'Windows >=10', '0', 'зҷ»еҪ•жҲҗеҠҹ', '2026-03-26 19:35:43');
INSERT INTO `sys_logininfor` VALUES (123, 'admin', '127.0.0.1', 'еҶ…зҪ‘IP', 'Edge 146', 'Windows >=10', '0', 'зҷ»еҪ•жҲҗеҠҹ', '2026-03-26 20:17:27');
INSERT INTO `sys_logininfor` VALUES (124, 'admin', '127.0.0.1', 'еҶ…зҪ‘IP', 'Edge 146', 'Windows >=10', '0', 'йҖҖеҮәжҲҗеҠҹ', '2026-03-26 20:27:39');
INSERT INTO `sys_logininfor` VALUES (125, 'admin', '127.0.0.1', 'еҶ…зҪ‘IP', 'Edge 146', 'Windows >=10', '0', 'зҷ»еҪ•жҲҗеҠҹ', '2026-03-26 20:27:51');
INSERT INTO `sys_logininfor` VALUES (126, 'admin', '127.0.0.1', 'еҶ…зҪ‘IP', 'Edge 146', 'Windows >=10', '0', 'йҖҖеҮәжҲҗеҠҹ', '2026-03-26 20:34:44');
INSERT INTO `sys_logininfor` VALUES (127, 'admin', '127.0.0.1', 'еҶ…зҪ‘IP', 'Edge 146', 'Windows >=10', '0', 'зҷ»еҪ•жҲҗеҠҹ', '2026-03-26 20:34:47');
INSERT INTO `sys_logininfor` VALUES (128, 'admin', '127.0.0.1', 'еҶ…зҪ‘IP', 'Edge 146', 'Windows >=10', '0', 'зҷ»еҪ•жҲҗеҠҹ', '2026-03-26 21:16:45');
INSERT INTO `sys_logininfor` VALUES (129, 'admin', '127.0.0.1', 'еҶ…зҪ‘IP', 'Edge 146', 'Windows >=10', '0', 'зҷ»еҪ•жҲҗеҠҹ', '2026-03-27 14:37:50');
INSERT INTO `sys_logininfor` VALUES (130, 'admin', '127.0.0.1', 'еҶ…зҪ‘IP', 'Edge 146', 'Windows >=10', '0', 'зҷ»еҪ•жҲҗеҠҹ', '2026-03-27 15:46:44');
INSERT INTO `sys_logininfor` VALUES (131, 'admin', '127.0.0.1', 'еҶ…зҪ‘IP', 'Edge 146', 'Windows >=10', '1', 'йӘҢиҜҒз Ғй”ҷиҜҜ', '2026-03-27 16:36:16');
INSERT INTO `sys_logininfor` VALUES (132, 'admin', '127.0.0.1', 'еҶ…зҪ‘IP', 'Edge 146', 'Windows >=10', '0', 'зҷ»еҪ•жҲҗеҠҹ', '2026-03-27 16:36:20');
INSERT INTO `sys_logininfor` VALUES (133, 'admin', '127.0.0.1', 'еҶ…зҪ‘IP', 'Edge 146', 'Windows >=10', '0', 'зҷ»еҪ•жҲҗеҠҹ', '2026-03-27 19:04:05');
INSERT INTO `sys_logininfor` VALUES (134, 'admin', '127.0.0.1', 'еҶ…зҪ‘IP', 'Edge 146', 'Windows >=10', '0', 'зҷ»еҪ•жҲҗеҠҹ', '2026-03-27 20:10:59');
INSERT INTO `sys_logininfor` VALUES (135, 'admin', '127.0.0.1', 'еҶ…зҪ‘IP', 'Edge 146', 'Windows >=10', '0', 'зҷ»еҪ•жҲҗеҠҹ', '2026-03-28 10:34:14');
INSERT INTO `sys_logininfor` VALUES (136, 'admin', '127.0.0.1', 'еҶ…зҪ‘IP', 'Edge 146', 'Windows >=10', '0', 'йҖҖеҮәжҲҗеҠҹ', '2026-03-28 11:08:31');
INSERT INTO `sys_logininfor` VALUES (137, 'admin', '127.0.0.1', 'еҶ…зҪ‘IP', 'Edge 146', 'Windows >=10', '0', 'зҷ»еҪ•жҲҗеҠҹ', '2026-03-28 11:08:39');
INSERT INTO `sys_logininfor` VALUES (138, 'admin', '127.0.0.1', 'еҶ…зҪ‘IP', 'Edge 146', 'Windows >=10', '0', 'йҖҖеҮәжҲҗеҠҹ', '2026-03-28 11:17:24');
INSERT INTO `sys_logininfor` VALUES (139, 'admin', '127.0.0.1', 'еҶ…зҪ‘IP', 'Edge 146', 'Windows >=10', '0', 'зҷ»еҪ•жҲҗеҠҹ', '2026-03-28 11:17:27');
INSERT INTO `sys_logininfor` VALUES (140, 'admin', '127.0.0.1', 'еҶ…зҪ‘IP', 'Edge 146', 'Windows >=10', '0', 'зҷ»еҪ•жҲҗеҠҹ', '2026-03-28 11:58:53');
INSERT INTO `sys_logininfor` VALUES (141, 'admin', '127.0.0.1', 'еҶ…зҪ‘IP', 'Edge 146', 'Windows >=10', '0', 'зҷ»еҪ•жҲҗеҠҹ', '2026-03-28 12:46:17');
INSERT INTO `sys_logininfor` VALUES (142, 'admin', '127.0.0.1', 'еҶ…зҪ‘IP', 'Edge 146', 'Windows >=10', '1', 'йӘҢиҜҒз Ғе·ІеӨұж•Ҳ', '2026-03-28 14:37:12');
INSERT INTO `sys_logininfor` VALUES (143, 'admin', '127.0.0.1', 'еҶ…зҪ‘IP', 'Edge 146', 'Windows >=10', '1', 'йӘҢиҜҒз Ғе·ІеӨұж•Ҳ', '2026-03-28 14:37:30');
INSERT INTO `sys_logininfor` VALUES (144, 'admin', '127.0.0.1', 'еҶ…зҪ‘IP', 'Edge 146', 'Windows >=10', '0', 'зҷ»еҪ•жҲҗеҠҹ', '2026-03-28 14:37:34');
INSERT INTO `sys_logininfor` VALUES (145, 'admin', '127.0.0.1', 'еҶ…зҪ‘IP', 'Edge 146', 'Windows >=10', '0', 'зҷ»еҪ•жҲҗеҠҹ', '2026-03-28 16:31:30');
INSERT INTO `sys_logininfor` VALUES (146, 'admin', '127.0.0.1', 'еҶ…зҪ‘IP', 'Edge 146', 'Windows >=10', '1', 'йӘҢиҜҒз Ғй”ҷиҜҜ', '2026-03-28 17:38:14');
INSERT INTO `sys_logininfor` VALUES (147, 'admin', '127.0.0.1', 'еҶ…зҪ‘IP', 'Edge 146', 'Windows >=10', '0', 'зҷ»еҪ•жҲҗеҠҹ', '2026-03-28 17:38:16');
INSERT INTO `sys_logininfor` VALUES (148, 'admin', '127.0.0.1', 'еҶ…зҪ‘IP', 'Edge 146', 'Windows >=10', '0', 'зҷ»еҪ•жҲҗеҠҹ', '2026-03-28 18:54:59');
INSERT INTO `sys_logininfor` VALUES (149, 'admin', '127.0.0.1', 'еҶ…зҪ‘IP', 'Edge 146', 'Windows >=10', '0', 'зҷ»еҪ•жҲҗеҠҹ', '2026-03-28 23:59:53');
INSERT INTO `sys_logininfor` VALUES (150, 'admin', '127.0.0.1', 'еҶ…зҪ‘IP', 'Edge 146', 'Windows >=10', '0', 'зҷ»еҪ•жҲҗеҠҹ', '2026-03-29 00:45:20');
INSERT INTO `sys_logininfor` VALUES (151, 'admin', '127.0.0.1', 'еҶ…зҪ‘IP', 'Edge 146', 'Windows >=10', '0', 'зҷ»еҪ•жҲҗеҠҹ', '2026-03-29 01:15:58');
INSERT INTO `sys_logininfor` VALUES (152, 'admin', '127.0.0.1', 'еҶ…зҪ‘IP', 'Edge 146', 'Windows >=10', '0', 'зҷ»еҪ•жҲҗеҠҹ', '2026-03-29 10:10:19');
INSERT INTO `sys_logininfor` VALUES (153, 'admin', '127.0.0.1', 'еҶ…зҪ‘IP', 'Edge 146', 'Windows >=10', '1', 'йӘҢиҜҒз Ғй”ҷиҜҜ', '2026-03-29 17:50:16');
INSERT INTO `sys_logininfor` VALUES (154, 'admin', '127.0.0.1', 'еҶ…зҪ‘IP', 'Edge 146', 'Windows >=10', '1', 'йӘҢиҜҒз Ғй”ҷиҜҜ', '2026-03-29 17:50:16');
INSERT INTO `sys_logininfor` VALUES (155, 'admin', '127.0.0.1', 'еҶ…зҪ‘IP', 'Edge 146', 'Windows >=10', '0', 'зҷ»еҪ•жҲҗеҠҹ', '2026-03-29 17:50:18');
INSERT INTO `sys_logininfor` VALUES (156, 'admin', '127.0.0.1', 'еҶ…зҪ‘IP', 'Edge 146', 'Windows >=10', '0', 'зҷ»еҪ•жҲҗеҠҹ', '2026-03-29 18:45:25');
INSERT INTO `sys_logininfor` VALUES (157, 'admin', '127.0.0.1', 'еҶ…зҪ‘IP', 'Edge 146', 'Windows >=10', '0', 'зҷ»еҪ•жҲҗеҠҹ', '2026-03-30 18:17:42');
INSERT INTO `sys_logininfor` VALUES (158, 'admin', '127.0.0.1', 'еҶ…зҪ‘IP', 'Edge 146', 'Windows >=10', '0', 'зҷ»еҪ•жҲҗеҠҹ', '2026-03-30 18:30:30');
INSERT INTO `sys_logininfor` VALUES (159, 'admin', '127.0.0.1', 'еҶ…зҪ‘IP', 'Edge 146', 'Windows >=10', '0', 'зҷ»еҪ•жҲҗеҠҹ', '2026-03-30 19:38:32');
INSERT INTO `sys_logininfor` VALUES (160, 'admin', '127.0.0.1', 'еҶ…зҪ‘IP', 'Edge 146', 'Windows >=10', '0', 'зҷ»еҪ•жҲҗеҠҹ', '2026-03-30 20:32:20');
INSERT INTO `sys_logininfor` VALUES (161, 'admin', '127.0.0.1', 'еҶ…зҪ‘IP', 'Edge 146', 'Windows >=10', '0', 'зҷ»еҪ•жҲҗеҠҹ', '2026-03-31 14:37:23');
INSERT INTO `sys_logininfor` VALUES (162, 'admin', '127.0.0.1', 'еҶ…зҪ‘IP', 'Edge 146', 'Windows >=10', '0', 'зҷ»еҪ•жҲҗеҠҹ', '2026-04-01 18:43:19');
INSERT INTO `sys_logininfor` VALUES (163, 'admin', '127.0.0.1', 'еҶ…зҪ‘IP', 'Firefox 149.0', 'Windows >=10', '0', 'зҷ»еҪ•жҲҗеҠҹ', '2026-04-02 16:48:41');
INSERT INTO `sys_logininfor` VALUES (164, 'admin', '192.168.0.105', 'еҶ…зҪ‘IP', 'WeChat 8.0.5', 'iOS 15.0', '1', 'йӘҢиҜҒз Ғй”ҷиҜҜ', '2026-04-02 17:52:55');
INSERT INTO `sys_logininfor` VALUES (165, 'admin', '192.168.0.105', 'еҶ…зҪ‘IP', 'WeChat 8.0.5', 'iOS 15.0', '0', 'зҷ»еҪ•жҲҗеҠҹ', '2026-04-02 17:52:56');
INSERT INTO `sys_logininfor` VALUES (166, 'admin', '127.0.0.1', 'еҶ…зҪ‘IP', 'Firefox 149.0', 'Windows >=10', '0', 'зҷ»еҪ•жҲҗеҠҹ', '2026-04-02 18:27:24');
INSERT INTO `sys_logininfor` VALUES (167, 'admin', '192.168.0.105', 'еҶ…зҪ‘IP', 'WeChat 8.0.5', 'iOS 15.0', '0', 'зҷ»еҪ•жҲҗеҠҹ', '2026-04-02 18:51:59');
INSERT INTO `sys_logininfor` VALUES (168, 'admin', '192.168.0.105', 'еҶ…зҪ‘IP', 'WeChat 8.0.5', 'iOS 15.0', '0', 'зҷ»еҪ•жҲҗеҠҹ', '2026-04-02 18:54:57');
INSERT INTO `sys_logininfor` VALUES (169, 'admin', '192.168.0.105', 'еҶ…зҪ‘IP', 'WeChat 8.0.5', 'iOS 15.0', '0', 'зҷ»еҪ•жҲҗеҠҹ', '2026-04-02 19:00:57');
INSERT INTO `sys_logininfor` VALUES (170, 'admin', '192.168.0.105', 'еҶ…зҪ‘IP', 'WeChat 8.0.5', 'iOS 15.0', '0', 'зҷ»еҪ•жҲҗеҠҹ', '2026-04-02 19:13:09');
INSERT INTO `sys_logininfor` VALUES (171, 'admin', '192.168.0.105', 'еҶ…зҪ‘IP', 'WeChat 8.0.5', 'iOS 15.0', '0', 'зҷ»еҪ•жҲҗеҠҹ', '2026-04-02 19:40:48');
INSERT INTO `sys_logininfor` VALUES (172, 'admin', '192.168.0.105', 'еҶ…зҪ‘IP', 'WeChat 8.0.5', 'iOS 15.0', '0', 'зҷ»еҪ•жҲҗеҠҹ', '2026-04-02 20:13:48');
INSERT INTO `sys_logininfor` VALUES (173, 'admin', '192.168.0.105', 'еҶ…зҪ‘IP', 'WeChat 8.0.5', 'iOS 15.0', '0', 'зҷ»еҪ•жҲҗеҠҹ', '2026-04-02 20:15:20');
INSERT INTO `sys_logininfor` VALUES (174, 'admin', '192.168.0.105', 'еҶ…зҪ‘IP', 'WeChat 8.0.5', 'iOS 15.0', '0', 'зҷ»еҪ•жҲҗеҠҹ', '2026-04-02 20:16:47');
INSERT INTO `sys_logininfor` VALUES (175, 'admin', '127.0.0.1', 'еҶ…зҪ‘IP', 'Firefox 149.0', 'Windows >=10', '0', 'зҷ»еҪ•жҲҗеҠҹ', '2026-04-02 20:52:22');
INSERT INTO `sys_logininfor` VALUES (176, 'admin', '192.168.0.105', 'еҶ…зҪ‘IP', 'WeChat 8.0.5', 'iOS 15.0', '0', 'зҷ»еҪ•жҲҗеҠҹ', '2026-04-02 21:06:23');
INSERT INTO `sys_logininfor` VALUES (177, 'admin', '192.168.0.105', 'еҶ…зҪ‘IP', 'WeChat 8.0.5', 'iOS 15.0', '0', 'зҷ»еҪ•жҲҗеҠҹ', '2026-04-02 21:28:08');
INSERT INTO `sys_logininfor` VALUES (178, 'admin', '192.168.0.105', 'еҶ…зҪ‘IP', 'WeChat 8.0.5', 'iOS 15.0', '0', 'зҷ»еҪ•жҲҗеҠҹ', '2026-04-02 21:29:09');
INSERT INTO `sys_logininfor` VALUES (179, 'admin', '192.168.0.105', 'еҶ…зҪ‘IP', 'WeChat 8.0.5', 'iOS 15.0', '0', 'зҷ»еҪ•жҲҗеҠҹ', '2026-04-02 21:43:06');
INSERT INTO `sys_logininfor` VALUES (180, 'admin', '192.168.0.105', 'еҶ…зҪ‘IP', 'WeChat 8.0.5', 'iOS 15.0', '1', 'йӘҢиҜҒз Ғй”ҷиҜҜ', '2026-04-02 21:53:52');
INSERT INTO `sys_logininfor` VALUES (181, 'admin', '192.168.0.105', 'еҶ…зҪ‘IP', 'WeChat 8.0.5', 'iOS 15.0', '0', 'зҷ»еҪ•жҲҗеҠҹ', '2026-04-02 21:53:53');
INSERT INTO `sys_logininfor` VALUES (182, 'admin', '192.168.0.105', 'еҶ…зҪ‘IP', 'WeChat 8.0.5', 'iOS 15.0', '0', 'зҷ»еҪ•жҲҗеҠҹ', '2026-04-02 21:54:43');
INSERT INTO `sys_logininfor` VALUES (183, 'admin', '127.0.0.1', 'еҶ…зҪ‘IP', 'WeChat 8.0.5', 'iOS 15.0', '0', 'зҷ»еҪ•жҲҗеҠҹ', '2026-04-06 11:56:49');
INSERT INTO `sys_logininfor` VALUES (184, 'admin', '127.0.0.1', 'еҶ…зҪ‘IP', 'WeChat 8.0.5', 'iOS 15.0', '1', 'йӘҢиҜҒз Ғй”ҷиҜҜ', '2026-04-06 12:00:32');
INSERT INTO `sys_logininfor` VALUES (185, 'admin', '127.0.0.1', 'еҶ…зҪ‘IP', 'WeChat 8.0.5', 'iOS 15.0', '0', 'зҷ»еҪ•жҲҗеҠҹ', '2026-04-06 12:00:35');
INSERT INTO `sys_logininfor` VALUES (186, 'admin', '127.0.0.1', 'еҶ…зҪ‘IP', 'WeChat 8.0.5', 'iOS 15.0', '0', 'зҷ»еҪ•жҲҗеҠҹ', '2026-04-06 12:12:30');
INSERT INTO `sys_logininfor` VALUES (187, 'admin', '127.0.0.1', 'еҶ…зҪ‘IP', 'WeChat 8.0.5', 'iOS 15.0', '0', 'зҷ»еҪ•жҲҗеҠҹ', '2026-04-06 12:26:42');
INSERT INTO `sys_logininfor` VALUES (188, 'admin', '127.0.0.1', 'еҶ…зҪ‘IP', 'WeChat 8.0.5', 'iOS 15.0', '0', 'зҷ»еҪ•жҲҗеҠҹ', '2026-04-06 12:30:54');
INSERT INTO `sys_logininfor` VALUES (189, 'admin', '127.0.0.1', 'еҶ…зҪ‘IP', 'WeChat 8.0.5', 'iOS 15.0', '0', 'зҷ»еҪ•жҲҗеҠҹ', '2026-04-06 12:42:52');
INSERT INTO `sys_logininfor` VALUES (190, 'admin', '127.0.0.1', 'еҶ…зҪ‘IP', 'WeChat 8.0.5', 'iOS 15.0', '0', 'зҷ»еҪ•жҲҗеҠҹ', '2026-04-06 12:44:52');
INSERT INTO `sys_logininfor` VALUES (191, 'admin', '127.0.0.1', 'еҶ…зҪ‘IP', 'WeChat 8.0.5', 'iOS 15.0', '0', 'зҷ»еҪ•жҲҗеҠҹ', '2026-04-06 12:47:49');
INSERT INTO `sys_logininfor` VALUES (192, 'admin', '127.0.0.1', 'еҶ…зҪ‘IP', 'WeChat 8.0.5', 'iOS 15.0', '0', 'зҷ»еҪ•жҲҗеҠҹ', '2026-04-06 12:49:46');
INSERT INTO `sys_logininfor` VALUES (193, 'admin', '127.0.0.1', 'еҶ…зҪ‘IP', 'WeChat 8.0.5', 'iOS 15.0', '1', 'з”ЁжҲ·дёҚеӯҳеңЁ/еҜҶз Ғй”ҷиҜҜ', '2026-04-06 12:59:01');
INSERT INTO `sys_logininfor` VALUES (194, 'admin', '127.0.0.1', 'еҶ…зҪ‘IP', 'WeChat 8.0.5', 'iOS 15.0', '1', 'йӘҢиҜҒз Ғй”ҷиҜҜ', '2026-04-06 12:59:04');
INSERT INTO `sys_logininfor` VALUES (195, 'admin', '127.0.0.1', 'еҶ…зҪ‘IP', 'WeChat 8.0.5', 'iOS 15.0', '0', 'зҷ»еҪ•жҲҗеҠҹ', '2026-04-06 12:59:08');
INSERT INTO `sys_logininfor` VALUES (196, 'admin', '127.0.0.1', 'еҶ…зҪ‘IP', 'WeChat 8.0.5', 'iOS 15.0', '0', 'зҷ»еҪ•жҲҗеҠҹ', '2026-04-06 13:01:39');
INSERT INTO `sys_logininfor` VALUES (197, 'admin', '127.0.0.1', 'еҶ…зҪ‘IP', 'WeChat 8.0.5', 'iOS 15.0', '0', 'зҷ»еҪ•жҲҗеҠҹ', '2026-04-06 13:03:37');
INSERT INTO `sys_logininfor` VALUES (198, 'admin', '127.0.0.1', 'еҶ…зҪ‘IP', 'WeChat 8.0.5', 'iOS 15.0', '0', 'зҷ»еҪ•жҲҗеҠҹ', '2026-04-06 13:11:17');
INSERT INTO `sys_logininfor` VALUES (199, 'admin', '127.0.0.1', 'еҶ…зҪ‘IP', 'WeChat 8.0.5', 'iOS 15.0', '0', 'зҷ»еҪ•жҲҗеҠҹ', '2026-04-06 13:13:17');
INSERT INTO `sys_logininfor` VALUES (200, 'admin', '127.0.0.1', 'еҶ…зҪ‘IP', 'WeChat 8.0.5', 'iOS 15.0', '0', 'зҷ»еҪ•жҲҗеҠҹ', '2026-04-06 13:19:00');
INSERT INTO `sys_logininfor` VALUES (201, 'admin', '127.0.0.1', 'еҶ…зҪ‘IP', 'WeChat 8.0.5', 'iOS 15.0', '0', 'зҷ»еҪ•жҲҗеҠҹ', '2026-04-06 13:19:25');
INSERT INTO `sys_logininfor` VALUES (202, 'admin', '127.0.0.1', 'еҶ…зҪ‘IP', 'WeChat 8.0.5', 'iOS 15.0', '0', 'зҷ»еҪ•жҲҗеҠҹ', '2026-04-06 13:24:41');
INSERT INTO `sys_logininfor` VALUES (203, 'admin', '127.0.0.1', 'еҶ…зҪ‘IP', 'WeChat 8.0.5', 'iOS 15.0', '0', 'зҷ»еҪ•жҲҗеҠҹ', '2026-04-06 13:34:10');
INSERT INTO `sys_logininfor` VALUES (204, 'admin', '127.0.0.1', 'еҶ…зҪ‘IP', 'WeChat 8.0.5', 'iOS 15.0', '0', 'зҷ»еҪ•жҲҗеҠҹ', '2026-04-06 13:37:11');
INSERT INTO `sys_logininfor` VALUES (205, 'admin', '127.0.0.1', 'еҶ…зҪ‘IP', 'WeChat 8.0.5', 'iOS 15.0', '0', 'зҷ»еҪ•жҲҗеҠҹ', '2026-04-06 13:39:21');
INSERT INTO `sys_logininfor` VALUES (206, 'admin', '127.0.0.1', 'еҶ…зҪ‘IP', 'WeChat 8.0.5', 'iOS 15.0', '0', 'зҷ»еҪ•жҲҗеҠҹ', '2026-04-06 13:43:20');
INSERT INTO `sys_logininfor` VALUES (207, 'admin', '127.0.0.1', 'еҶ…зҪ‘IP', 'WeChat 8.0.5', 'iOS 15.0', '0', 'зҷ»еҪ•жҲҗеҠҹ', '2026-04-06 13:45:58');
INSERT INTO `sys_logininfor` VALUES (208, 'admin', '127.0.0.1', 'еҶ…зҪ‘IP', 'Firefox 149.0', 'Windows >=10', '0', 'зҷ»еҪ•жҲҗеҠҹ', '2026-04-06 14:39:54');
INSERT INTO `sys_logininfor` VALUES (209, 'admin', '127.0.0.1', 'еҶ…зҪ‘IP', 'WeChat 8.0.5', 'iOS 15.0', '0', 'зҷ»еҪ•жҲҗеҠҹ', '2026-04-06 14:52:01');
INSERT INTO `sys_logininfor` VALUES (210, 'admin', '127.0.0.1', 'еҶ…зҪ‘IP', 'WeChat 8.0.5', 'iOS 15.0', '0', 'зҷ»еҪ•жҲҗеҠҹ', '2026-04-06 14:55:15');
INSERT INTO `sys_logininfor` VALUES (211, 'admin', '127.0.0.1', 'еҶ…зҪ‘IP', 'Firefox 149.0', 'Windows >=10', '0', 'зҷ»еҪ•жҲҗеҠҹ', '2026-04-06 16:07:40');
INSERT INTO `sys_logininfor` VALUES (212, 'admin', '127.0.0.1', 'еҶ…зҪ‘IP', 'WeChat 8.0.5', 'iOS 15.0', '0', 'зҷ»еҪ•жҲҗеҠҹ', '2026-04-06 16:08:30');
INSERT INTO `sys_logininfor` VALUES (213, 'admin', '127.0.0.1', 'еҶ…зҪ‘IP', 'WeChat 8.0.5', 'iOS 15.0', '0', 'зҷ»еҪ•жҲҗеҠҹ', '2026-04-06 16:26:30');
INSERT INTO `sys_logininfor` VALUES (214, 'admin', '127.0.0.1', 'еҶ…зҪ‘IP', 'WeChat 8.0.5', 'iOS 15.0', '0', 'зҷ»еҪ•жҲҗеҠҹ', '2026-04-06 16:31:02');
INSERT INTO `sys_logininfor` VALUES (215, 'admin', '127.0.0.1', 'еҶ…зҪ‘IP', 'WeChat 8.0.5', 'iOS 15.0', '0', 'зҷ»еҪ•жҲҗеҠҹ', '2026-04-06 16:34:41');
INSERT INTO `sys_logininfor` VALUES (216, 'admin', '127.0.0.1', 'еҶ…зҪ‘IP', 'Firefox 149.0', 'Windows >=10', '0', 'зҷ»еҪ•жҲҗеҠҹ', '2026-04-06 16:52:49');
INSERT INTO `sys_logininfor` VALUES (217, 'admin', '127.0.0.1', 'еҶ…зҪ‘IP', 'Firefox 149.0', 'Windows >=10', '0', 'йҖҖеҮәжҲҗеҠҹ', '2026-04-06 16:53:22');
INSERT INTO `sys_logininfor` VALUES (218, 'admin', '127.0.0.1', 'еҶ…зҪ‘IP', 'WeChat 8.0.5', 'iOS 15.0', '0', 'зҷ»еҪ•жҲҗеҠҹ', '2026-04-06 17:18:22');
INSERT INTO `sys_logininfor` VALUES (219, 'admin', '127.0.0.1', 'еҶ…зҪ‘IP', 'Firefox 149.0', 'Windows >=10', '1', 'йӘҢиҜҒз Ғе·ІеӨұж•Ҳ', '2026-04-06 17:22:55');
INSERT INTO `sys_logininfor` VALUES (220, 'admin', '127.0.0.1', 'еҶ…зҪ‘IP', 'Firefox 149.0', 'Windows >=10', '0', 'зҷ»еҪ•жҲҗеҠҹ', '2026-04-06 17:22:56');
INSERT INTO `sys_logininfor` VALUES (221, 'admin', '127.0.0.1', 'еҶ…зҪ‘IP', 'WeChat 8.0.5', 'iOS 15.0', '1', 'йӘҢиҜҒз Ғй”ҷиҜҜ', '2026-04-06 17:54:25');
INSERT INTO `sys_logininfor` VALUES (222, 'admin', '127.0.0.1', 'еҶ…зҪ‘IP', 'WeChat 8.0.5', 'iOS 15.0', '0', 'зҷ»еҪ•жҲҗеҠҹ', '2026-04-06 17:54:30');
INSERT INTO `sys_logininfor` VALUES (223, 'admin', '127.0.0.1', 'еҶ…зҪ‘IP', 'WeChat 8.0.5', 'iOS 15.0', '0', 'зҷ»еҪ•жҲҗеҠҹ', '2026-04-06 18:00:25');
INSERT INTO `sys_logininfor` VALUES (224, 'admin', '127.0.0.1', 'еҶ…зҪ‘IP', 'WeChat 8.0.5', 'iOS 15.0', '0', 'зҷ»еҪ•жҲҗеҠҹ', '2026-04-06 18:02:52');
INSERT INTO `sys_logininfor` VALUES (225, 'admin', '127.0.0.1', 'еҶ…зҪ‘IP', 'WeChat 8.0.5', 'iOS 15.0', '0', 'зҷ»еҪ•жҲҗеҠҹ', '2026-04-06 19:09:01');
INSERT INTO `sys_logininfor` VALUES (226, 'admin', '127.0.0.1', 'еҶ…зҪ‘IP', 'WeChat 8.0.5', 'iOS 15.0', '0', 'зҷ»еҪ•жҲҗеҠҹ', '2026-04-06 20:10:04');
INSERT INTO `sys_logininfor` VALUES (227, 'admin', '127.0.0.1', 'еҶ…зҪ‘IP', 'WeChat 8.0.5', 'iOS 15.0', '0', 'зҷ»еҪ•жҲҗеҠҹ', '2026-04-06 20:14:19');
INSERT INTO `sys_logininfor` VALUES (228, 'admin', '127.0.0.1', 'еҶ…зҪ‘IP', 'WeChat 8.0.5', 'iOS 15.0', '0', 'зҷ»еҪ•жҲҗеҠҹ', '2026-04-06 20:17:41');
INSERT INTO `sys_logininfor` VALUES (229, 'admin', '127.0.0.1', 'еҶ…зҪ‘IP', 'WeChat 8.0.5', 'iOS 15.0', '0', 'зҷ»еҪ•жҲҗеҠҹ', '2026-04-06 20:42:12');
INSERT INTO `sys_logininfor` VALUES (230, 'admin', '127.0.0.1', 'еҶ…зҪ‘IP', 'WeChat 8.0.5', 'iOS 15.0', '0', 'зҷ»еҪ•жҲҗеҠҹ', '2026-04-06 20:43:46');
INSERT INTO `sys_logininfor` VALUES (231, 'admin', '127.0.0.1', 'еҶ…зҪ‘IP', 'WeChat 8.0.5', 'iOS 15.0', '0', 'зҷ»еҪ•жҲҗеҠҹ', '2026-04-06 20:46:06');
INSERT INTO `sys_logininfor` VALUES (232, 'admin', '127.0.0.1', 'еҶ…зҪ‘IP', 'WeChat 8.0.5', 'iOS 15.0', '0', 'зҷ»еҪ•жҲҗеҠҹ', '2026-04-06 20:48:49');
INSERT INTO `sys_logininfor` VALUES (233, 'admin', '127.0.0.1', 'еҶ…зҪ‘IP', 'WeChat 8.0.5', 'iOS 15.0', '0', 'зҷ»еҪ•жҲҗеҠҹ', '2026-04-06 20:58:36');
INSERT INTO `sys_logininfor` VALUES (234, 'admin', '127.0.0.1', 'еҶ…зҪ‘IP', 'WeChat 8.0.5', 'iOS 15.0', '0', 'зҷ»еҪ•жҲҗеҠҹ', '2026-04-06 21:02:05');
INSERT INTO `sys_logininfor` VALUES (235, 'admin', '127.0.0.1', 'еҶ…зҪ‘IP', 'WeChat 8.0.5', 'iOS 15.0', '1', 'йӘҢиҜҒз Ғй”ҷиҜҜ', '2026-04-06 21:04:21');
INSERT INTO `sys_logininfor` VALUES (236, 'admin', '127.0.0.1', 'еҶ…зҪ‘IP', 'WeChat 8.0.5', 'iOS 15.0', '0', 'зҷ»еҪ•жҲҗеҠҹ', '2026-04-06 21:04:21');
INSERT INTO `sys_logininfor` VALUES (237, 'admin', '127.0.0.1', 'еҶ…зҪ‘IP', 'WeChat 8.0.5', 'iOS 15.0', '0', 'зҷ»еҪ•жҲҗеҠҹ', '2026-04-06 21:06:49');
INSERT INTO `sys_logininfor` VALUES (238, 'admin', '127.0.0.1', 'еҶ…зҪ‘IP', 'WeChat 8.0.5', 'iOS 15.0', '0', 'зҷ»еҪ•жҲҗеҠҹ', '2026-04-06 21:11:03');
INSERT INTO `sys_logininfor` VALUES (239, 'admin', '127.0.0.1', 'еҶ…зҪ‘IP', 'WeChat 8.0.5', 'iOS 15.0', '0', 'зҷ»еҪ•жҲҗеҠҹ', '2026-04-06 21:16:34');
INSERT INTO `sys_logininfor` VALUES (240, 'admin', '127.0.0.1', 'еҶ…зҪ‘IP', 'WeChat 8.0.5', 'iOS 15.0', '1', 'з”ЁжҲ·дёҚеӯҳеңЁ/еҜҶз Ғй”ҷиҜҜ', '2026-04-06 21:19:44');
INSERT INTO `sys_logininfor` VALUES (241, 'admin', '127.0.0.1', 'еҶ…зҪ‘IP', 'WeChat 8.0.5', 'iOS 15.0', '1', 'йӘҢиҜҒз Ғе·ІеӨұж•Ҳ', '2026-04-06 21:19:44');
INSERT INTO `sys_logininfor` VALUES (242, 'admin', '127.0.0.1', 'еҶ…зҪ‘IP', 'WeChat 8.0.5', 'iOS 15.0', '1', 'з”ЁжҲ·дёҚеӯҳеңЁ/еҜҶз Ғй”ҷиҜҜ', '2026-04-06 21:19:48');
INSERT INTO `sys_logininfor` VALUES (243, 'admin', '127.0.0.1', 'еҶ…зҪ‘IP', 'WeChat 8.0.5', 'iOS 15.0', '0', 'зҷ»еҪ•жҲҗеҠҹ', '2026-04-06 21:19:55');
INSERT INTO `sys_logininfor` VALUES (244, 'admin', '127.0.0.1', 'еҶ…зҪ‘IP', 'WeChat 8.0.5', 'iOS 15.0', '1', 'з”ЁжҲ·дёҚеӯҳеңЁ/еҜҶз Ғй”ҷиҜҜ', '2026-04-06 21:22:13');
INSERT INTO `sys_logininfor` VALUES (245, 'admin', '127.0.0.1', 'еҶ…зҪ‘IP', 'WeChat 8.0.5', 'iOS 15.0', '1', 'йӘҢиҜҒз Ғй”ҷиҜҜ', '2026-04-06 21:22:16');
INSERT INTO `sys_logininfor` VALUES (246, 'admin', '127.0.0.1', 'еҶ…зҪ‘IP', 'WeChat 8.0.5', 'iOS 15.0', '0', 'зҷ»еҪ•жҲҗеҠҹ', '2026-04-06 21:22:19');
INSERT INTO `sys_logininfor` VALUES (247, 'admin', '127.0.0.1', 'еҶ…зҪ‘IP', 'WeChat 8.0.5', 'iOS 15.0', '1', 'з”ЁжҲ·дёҚеӯҳеңЁ/еҜҶз Ғй”ҷиҜҜ', '2026-04-06 21:23:17');
INSERT INTO `sys_logininfor` VALUES (248, 'admin', '127.0.0.1', 'еҶ…зҪ‘IP', 'WeChat 8.0.5', 'iOS 15.0', '0', 'зҷ»еҪ•жҲҗеҠҹ', '2026-04-06 21:23:24');
INSERT INTO `sys_logininfor` VALUES (249, 'admin', '127.0.0.1', 'еҶ…зҪ‘IP', 'WeChat 8.0.5', 'iOS 15.0', '0', 'зҷ»еҪ•жҲҗеҠҹ', '2026-04-06 21:25:09');
INSERT INTO `sys_logininfor` VALUES (250, 'admin', '127.0.0.1', 'еҶ…зҪ‘IP', 'WeChat 8.0.5', 'iOS 15.0', '0', 'зҷ»еҪ•жҲҗеҠҹ', '2026-04-06 21:28:03');
INSERT INTO `sys_logininfor` VALUES (251, 'admin', '127.0.0.1', 'еҶ…зҪ‘IP', 'WeChat 8.0.5', 'iOS 15.0', '0', 'зҷ»еҪ•жҲҗеҠҹ', '2026-04-06 21:30:23');
INSERT INTO `sys_logininfor` VALUES (252, 'admin', '127.0.0.1', 'еҶ…зҪ‘IP', 'WeChat 8.0.5', 'iOS 15.0', '0', 'зҷ»еҪ•жҲҗеҠҹ', '2026-04-06 22:23:07');
INSERT INTO `sys_logininfor` VALUES (253, 'admin', '127.0.0.1', 'еҶ…зҪ‘IP', 'WeChat 8.0.5', 'iOS 15.0', '0', 'зҷ»еҪ•жҲҗеҠҹ', '2026-04-06 22:31:14');
INSERT INTO `sys_logininfor` VALUES (254, 'admin', '127.0.0.1', 'еҶ…зҪ‘IP', 'WeChat 8.0.5', 'iOS 15.0', '0', 'зҷ»еҪ•жҲҗеҠҹ', '2026-04-06 22:33:22');
INSERT INTO `sys_logininfor` VALUES (255, 'admin', '127.0.0.1', 'еҶ…зҪ‘IP', 'WeChat 8.0.5', 'iOS 15.0', '0', 'зҷ»еҪ•жҲҗеҠҹ', '2026-04-06 22:39:51');
INSERT INTO `sys_logininfor` VALUES (256, 'admin', '127.0.0.1', 'еҶ…зҪ‘IP', 'WeChat 8.0.5', 'iOS 15.0', '0', 'зҷ»еҪ•жҲҗеҠҹ', '2026-04-06 22:42:28');
INSERT INTO `sys_logininfor` VALUES (257, 'admin', '127.0.0.1', 'еҶ…зҪ‘IP', 'WeChat 8.0.5', 'iOS 15.0', '0', 'зҷ»еҪ•жҲҗеҠҹ', '2026-04-06 22:47:04');
INSERT INTO `sys_logininfor` VALUES (258, 'admin', '127.0.0.1', 'еҶ…зҪ‘IP', 'WeChat 8.0.5', 'iOS 15.0', '0', 'зҷ»еҪ•жҲҗеҠҹ', '2026-04-06 22:57:09');
INSERT INTO `sys_logininfor` VALUES (259, 'admin', '127.0.0.1', 'еҶ…зҪ‘IP', 'WeChat 8.0.5', 'iOS 15.0', '0', 'зҷ»еҪ•жҲҗеҠҹ', '2026-04-06 23:02:16');
INSERT INTO `sys_logininfor` VALUES (260, 'admin', '127.0.0.1', 'еҶ…зҪ‘IP', 'WeChat 8.0.5', 'iOS 15.0', '0', 'зҷ»еҪ•жҲҗеҠҹ', '2026-04-06 23:05:44');
INSERT INTO `sys_logininfor` VALUES (261, 'admin', '127.0.0.1', 'еҶ…зҪ‘IP', 'WeChat 8.0.5', 'iOS 15.0', '0', 'зҷ»еҪ•жҲҗеҠҹ', '2026-04-06 23:25:19');
INSERT INTO `sys_logininfor` VALUES (262, 'admin', '127.0.0.1', 'еҶ…зҪ‘IP', 'WeChat 8.0.5', 'iOS 15.0', '1', 'йӘҢиҜҒз Ғй”ҷиҜҜ', '2026-04-06 23:26:47');
INSERT INTO `sys_logininfor` VALUES (263, 'admin', '127.0.0.1', 'еҶ…зҪ‘IP', 'WeChat 8.0.5', 'iOS 15.0', '0', 'зҷ»еҪ•жҲҗеҠҹ', '2026-04-06 23:26:55');
INSERT INTO `sys_logininfor` VALUES (264, 'admin123', '127.0.0.1', 'еҶ…зҪ‘IP', 'WeChat 8.0.5', 'iOS 15.0', '1', 'з”ЁжҲ·дёҚеӯҳеңЁ/еҜҶз Ғй”ҷиҜҜ', '2026-04-06 23:27:11');
INSERT INTO `sys_logininfor` VALUES (265, 'admin', '127.0.0.1', 'еҶ…зҪ‘IP', 'WeChat 8.0.5', 'iOS 15.0', '1', 'йӘҢиҜҒз Ғй”ҷиҜҜ', '2026-04-06 23:27:19');
INSERT INTO `sys_logininfor` VALUES (266, 'admin', '127.0.0.1', 'еҶ…зҪ‘IP', 'WeChat 8.0.5', 'iOS 15.0', '0', 'зҷ»еҪ•жҲҗеҠҹ', '2026-04-06 23:27:23');
INSERT INTO `sys_logininfor` VALUES (267, 'admin', '127.0.0.1', 'еҶ…зҪ‘IP', 'WeChat 8.0.5', 'iOS 15.0', '0', 'зҷ»еҪ•жҲҗеҠҹ', '2026-04-06 23:31:53');
INSERT INTO `sys_logininfor` VALUES (268, 'admin', '127.0.0.1', 'еҶ…зҪ‘IP', 'WeChat 8.0.5', 'iOS 15.0', '0', 'зҷ»еҪ•жҲҗеҠҹ', '2026-04-06 23:33:38');
INSERT INTO `sys_logininfor` VALUES (269, 'admin', '127.0.0.1', 'еҶ…зҪ‘IP', 'WeChat 8.0.5', 'iOS 15.0', '0', 'зҷ»еҪ•жҲҗеҠҹ', '2026-04-06 23:39:20');
INSERT INTO `sys_logininfor` VALUES (270, 'admin', '127.0.0.1', 'еҶ…зҪ‘IP', 'Firefox 149.0', 'Windows >=10', '0', 'зҷ»еҪ•жҲҗеҠҹ', '2026-04-07 09:16:08');
INSERT INTO `sys_logininfor` VALUES (271, 'admin', '127.0.0.1', 'еҶ…зҪ‘IP', 'WeChat 8.0.5', 'iOS 15.0', '0', 'зҷ»еҪ•жҲҗеҠҹ', '2026-04-07 09:17:27');

-- ----------------------------
-- Table structure for sys_menu
-- ----------------------------
DROP TABLE IF EXISTS `sys_menu`;
CREATE TABLE `sys_menu`  (
  `menu_id` bigint NOT NULL AUTO_INCREMENT COMMENT 'иҸңеҚ•ID',
  `menu_name` varchar(50) CHARACTER SET utf8mb4 COLLATE utf8mb4_0900_ai_ci NOT NULL COMMENT 'иҸңеҚ•еҗҚз§°',
  `parent_id` bigint NULL DEFAULT 0 COMMENT 'зҲ¶иҸңеҚ•ID',
  `order_num` int NULL DEFAULT 0 COMMENT 'жҳҫзӨәйЎәеәҸ',
  `path` varchar(200) CHARACTER SET utf8mb4 COLLATE utf8mb4_0900_ai_ci NULL DEFAULT '' COMMENT 'и·Ҝз”ұең°еқҖ',
  `component` varchar(255) CHARACTER SET utf8mb4 COLLATE utf8mb4_0900_ai_ci NULL DEFAULT NULL COMMENT 'з»„д»¶и·Ҝеҫ„',
  `query` varchar(255) CHARACTER SET utf8mb4 COLLATE utf8mb4_0900_ai_ci NULL DEFAULT NULL COMMENT 'и·Ҝз”ұеҸӮж•°',
  `route_name` varchar(50) CHARACTER SET utf8mb4 COLLATE utf8mb4_0900_ai_ci NULL DEFAULT '' COMMENT 'и·Ҝз”ұеҗҚз§°',
  `is_frame` int NULL DEFAULT 1 COMMENT 'жҳҜеҗҰдёәеӨ–й“ҫпјҲ0жҳҜ 1еҗҰпјү',
  `is_cache` int NULL DEFAULT 0 COMMENT 'жҳҜеҗҰзј“еӯҳпјҲ0зј“еӯҳ 1дёҚзј“еӯҳпјү',
  `menu_type` char(1) CHARACTER SET utf8mb4 COLLATE utf8mb4_0900_ai_ci NULL DEFAULT '' COMMENT 'иҸңеҚ•зұ»еһӢпјҲMзӣ®еҪ• CиҸңеҚ• FжҢүй’®пјү',
  `visible` char(1) CHARACTER SET utf8mb4 COLLATE utf8mb4_0900_ai_ci NULL DEFAULT '0' COMMENT 'иҸңеҚ•зҠ¶жҖҒпјҲ0жҳҫзӨә 1йҡҗи—Ҹпјү',
  `status` char(1) CHARACTER SET utf8mb4 COLLATE utf8mb4_0900_ai_ci NULL DEFAULT '0' COMMENT 'иҸңеҚ•зҠ¶жҖҒпјҲ0жӯЈеёё 1еҒңз”Ёпјү',
  `perms` varchar(100) CHARACTER SET utf8mb4 COLLATE utf8mb4_0900_ai_ci NULL DEFAULT NULL COMMENT 'жқғйҷҗж ҮиҜҶ',
  `icon` varchar(100) CHARACTER SET utf8mb4 COLLATE utf8mb4_0900_ai_ci NULL DEFAULT '#' COMMENT 'иҸңеҚ•еӣҫж Ү',
  `create_by` varchar(64) CHARACTER SET utf8mb4 COLLATE utf8mb4_0900_ai_ci NULL DEFAULT '' COMMENT 'еҲӣе»әиҖ…',
  `create_time` datetime NULL DEFAULT NULL COMMENT 'еҲӣе»әж—¶й—ҙ',
  `update_by` varchar(64) CHARACTER SET utf8mb4 COLLATE utf8mb4_0900_ai_ci NULL DEFAULT '' COMMENT 'жӣҙж–°иҖ…',
  `update_time` datetime NULL DEFAULT NULL COMMENT 'жӣҙж–°ж—¶й—ҙ',
  `remark` varchar(500) CHARACTER SET utf8mb4 COLLATE utf8mb4_0900_ai_ci NULL DEFAULT '' COMMENT 'еӨҮжіЁ',
  PRIMARY KEY (`menu_id`) USING BTREE
) ENGINE = InnoDB AUTO_INCREMENT = 2051 CHARACTER SET = utf8mb4 COLLATE = utf8mb4_0900_ai_ci COMMENT = 'иҸңеҚ•жқғйҷҗиЎЁ' ROW_FORMAT = DYNAMIC;

-- ----------------------------
-- Records of sys_menu
-- ----------------------------
INSERT INTO `sys_menu` VALUES (1, 'зі»з»ҹз®ЎзҗҶ', 0, 1, 'system', NULL, '', '', 1, 0, 'M', '0', '0', '', 'system', 'admin', '2026-03-15 15:58:03', '', NULL, 'зі»з»ҹз®ЎзҗҶзӣ®еҪ•');
INSERT INTO `sys_menu` VALUES (2, 'зі»з»ҹзӣ‘жҺ§', 0, 2, 'monitor', NULL, '', '', 1, 0, 'M', '0', '0', '', 'monitor', 'admin', '2026-03-15 15:58:03', '', NULL, 'зі»з»ҹзӣ‘жҺ§зӣ®еҪ•');
INSERT INTO `sys_menu` VALUES (3, 'зі»з»ҹе·Ҙе…·', 0, 3, 'tool', NULL, '', '', 1, 0, 'M', '0', '0', '', 'tool', 'admin', '2026-03-15 15:58:03', '', NULL, 'зі»з»ҹе·Ҙе…·зӣ®еҪ•');
INSERT INTO `sys_menu` VALUES (4, 'иӢҘдҫқе®ҳзҪ‘', 0, 4, 'http://ruoyi.vip', NULL, '', '', 0, 0, 'M', '0', '0', '', 'guide', 'admin', '2026-03-15 15:58:03', '', NULL, 'иӢҘдҫқе®ҳзҪ‘ең°еқҖ');
INSERT INTO `sys_menu` VALUES (100, 'з”ЁжҲ·з®ЎзҗҶ', 1, 1, 'user', 'system/user/index', '', '', 1, 0, 'C', '0', '0', 'system:user:list', 'user', 'admin', '2026-03-15 15:58:03', '', NULL, 'з”ЁжҲ·з®ЎзҗҶиҸңеҚ•');
INSERT INTO `sys_menu` VALUES (101, 'и§’иүІз®ЎзҗҶ', 1, 2, 'role', 'system/role/index', '', '', 1, 0, 'C', '0', '0', 'system:role:list', 'peoples', 'admin', '2026-03-15 15:58:03', '', NULL, 'и§’иүІз®ЎзҗҶиҸңеҚ•');
INSERT INTO `sys_menu` VALUES (102, 'иҸңеҚ•з®ЎзҗҶ', 1, 3, 'menu', 'system/menu/index', '', '', 1, 0, 'C', '0', '0', 'system:menu:list', 'tree-table', 'admin', '2026-03-15 15:58:03', '', NULL, 'иҸңеҚ•з®ЎзҗҶиҸңеҚ•');
INSERT INTO `sys_menu` VALUES (103, 'йғЁй—Ёз®ЎзҗҶ', 1, 4, 'dept', 'system/dept/index', '', '', 1, 0, 'C', '0', '0', 'system:dept:list', 'tree', 'admin', '2026-03-15 15:58:03', '', NULL, 'йғЁй—Ёз®ЎзҗҶиҸңеҚ•');
INSERT INTO `sys_menu` VALUES (104, 'еІ—дҪҚз®ЎзҗҶ', 1, 5, 'post', 'system/post/index', '', '', 1, 0, 'C', '0', '0', 'system:post:list', 'post', 'admin', '2026-03-15 15:58:03', '', NULL, 'еІ—дҪҚз®ЎзҗҶиҸңеҚ•');
INSERT INTO `sys_menu` VALUES (105, 'еӯ—е…ёз®ЎзҗҶ', 1, 6, 'dict', 'system/dict/index', '', '', 1, 0, 'C', '0', '0', 'system:dict:list', 'dict', 'admin', '2026-03-15 15:58:03', '', NULL, 'еӯ—е…ёз®ЎзҗҶиҸңеҚ•');
INSERT INTO `sys_menu` VALUES (106, 'еҸӮж•°и®ҫзҪ®', 1, 7, 'config', 'system/config/index', '', '', 1, 0, 'C', '0', '0', 'system:config:list', 'edit', 'admin', '2026-03-15 15:58:03', '', NULL, 'еҸӮж•°и®ҫзҪ®иҸңеҚ•');
INSERT INTO `sys_menu` VALUES (107, 'йҖҡзҹҘе…¬е‘Ҡ', 1, 8, 'notice5', 'system/notice5/index', '', '', 1, 0, 'C', '0', '0', 'system:notice5:list', 'message', 'admin', '2026-03-15 15:58:03', 'admin', '2026-03-27 20:06:47', 'йҖҡзҹҘе…¬е‘ҠиҸңеҚ•');
INSERT INTO `sys_menu` VALUES (108, 'ж—Ҙеҝ—з®ЎзҗҶ', 1, 9, 'log', '', '', '', 1, 0, 'M', '0', '0', '', 'log', 'admin', '2026-03-15 15:58:03', '', NULL, 'ж—Ҙеҝ—з®ЎзҗҶиҸңеҚ•');
INSERT INTO `sys_menu` VALUES (109, 'еңЁзәҝз”ЁжҲ·', 2, 1, 'online', 'monitor/online/index', '', '', 1, 0, 'C', '0', '0', 'monitor:online:list', 'online', 'admin', '2026-03-15 15:58:03', '', NULL, 'еңЁзәҝз”ЁжҲ·иҸңеҚ•');
INSERT INTO `sys_menu` VALUES (110, 'е®ҡж—¶д»»еҠЎ', 2, 2, 'job', 'monitor/job/index', '', '', 1, 0, 'C', '0', '0', 'monitor:job:list', 'job', 'admin', '2026-03-15 15:58:03', '', NULL, 'е®ҡж—¶д»»еҠЎиҸңеҚ•');
INSERT INTO `sys_menu` VALUES (111, 'ж•°жҚ®зӣ‘жҺ§', 2, 3, 'druid', 'monitor/druid/index', '', '', 1, 0, 'C', '0', '0', 'monitor:druid:list', 'druid', 'admin', '2026-03-15 15:58:03', '', NULL, 'ж•°жҚ®зӣ‘жҺ§иҸңеҚ•');
INSERT INTO `sys_menu` VALUES (112, 'жңҚеҠЎзӣ‘жҺ§', 2, 4, 'server', 'monitor/server/index', '', '', 1, 0, 'C', '0', '0', 'monitor:server:list', 'server', 'admin', '2026-03-15 15:58:03', '', NULL, 'жңҚеҠЎзӣ‘жҺ§иҸңеҚ•');
INSERT INTO `sys_menu` VALUES (113, 'зј“еӯҳзӣ‘жҺ§', 2, 5, 'cache', 'monitor/cache/index', '', '', 1, 0, 'C', '0', '0', 'monitor:cache:list', 'redis', 'admin', '2026-03-15 15:58:03', '', NULL, 'зј“еӯҳзӣ‘жҺ§иҸңеҚ•');
INSERT INTO `sys_menu` VALUES (114, 'зј“еӯҳеҲ—иЎЁ', 2, 6, 'cacheList', 'monitor/cache/list', '', '', 1, 0, 'C', '0', '0', 'monitor:cache:list', 'redis-list', 'admin', '2026-03-15 15:58:03', '', NULL, 'зј“еӯҳеҲ—иЎЁиҸңеҚ•');
INSERT INTO `sys_menu` VALUES (115, 'иЎЁеҚ•жһ„е»ә', 3, 1, 'build', 'tool/build/index', '', '', 1, 0, 'C', '0', '0', 'tool:build:list', 'build', 'admin', '2026-03-15 15:58:03', '', NULL, 'иЎЁеҚ•жһ„е»әиҸңеҚ•');
INSERT INTO `sys_menu` VALUES (116, 'д»Јз Ғз”ҹжҲҗ', 3, 2, 'gen', 'tool/gen/index', '', '', 1, 0, 'C', '0', '0', 'tool:gen:list', 'code', 'admin', '2026-03-15 15:58:03', '', NULL, 'д»Јз Ғз”ҹжҲҗиҸңеҚ•');
INSERT INTO `sys_menu` VALUES (117, 'зі»з»ҹжҺҘеҸЈ', 3, 3, 'swagger', 'tool/swagger/index', '', '', 1, 0, 'C', '0', '0', 'tool:swagger:list', 'swagger', 'admin', '2026-03-15 15:58:03', '', NULL, 'зі»з»ҹжҺҘеҸЈиҸңеҚ•');
INSERT INTO `sys_menu` VALUES (500, 'ж“ҚдҪңж—Ҙеҝ—', 108, 1, 'operlog', 'monitor/operlog/index', '', '', 1, 0, 'C', '0', '0', 'monitor:operlog:list', 'form', 'admin', '2026-03-15 15:58:03', '', NULL, 'ж“ҚдҪңж—Ҙеҝ—иҸңеҚ•');
INSERT INTO `sys_menu` VALUES (501, 'зҷ»еҪ•ж—Ҙеҝ—', 108, 2, 'logininfor', 'monitor/logininfor/index', '', '', 1, 0, 'C', '0', '0', 'monitor:logininfor:list', 'logininfor', 'admin', '2026-03-15 15:58:03', '', NULL, 'зҷ»еҪ•ж—Ҙеҝ—иҸңеҚ•');
INSERT INTO `sys_menu` VALUES (1000, 'з”ЁжҲ·жҹҘиҜў', 100, 1, '', '', '', '', 1, 0, 'F', '0', '0', 'system:user:query', '#', 'admin', '2026-03-15 15:58:03', '', NULL, '');
INSERT INTO `sys_menu` VALUES (1001, 'з”ЁжҲ·ж–°еўһ', 100, 2, '', '', '', '', 1, 0, 'F', '0', '0', 'system:user:add', '#', 'admin', '2026-03-15 15:58:03', '', NULL, '');
INSERT INTO `sys_menu` VALUES (1002, 'з”ЁжҲ·дҝ®ж”№', 100, 3, '', '', '', '', 1, 0, 'F', '0', '0', 'system:user:edit', '#', 'admin', '2026-03-15 15:58:03', '', NULL, '');
INSERT INTO `sys_menu` VALUES (1003, 'з”ЁжҲ·еҲ йҷӨ', 100, 4, '', '', '', '', 1, 0, 'F', '0', '0', 'system:user:remove', '#', 'admin', '2026-03-15 15:58:03', '', NULL, '');
INSERT INTO `sys_menu` VALUES (1004, 'з”ЁжҲ·еҜјеҮә', 100, 5, '', '', '', '', 1, 0, 'F', '0', '0', 'system:user:export', '#', 'admin', '2026-03-15 15:58:03', '', NULL, '');
INSERT INTO `sys_menu` VALUES (1005, 'з”ЁжҲ·еҜје…Ҙ', 100, 6, '', '', '', '', 1, 0, 'F', '0', '0', 'system:user:import', '#', 'admin', '2026-03-15 15:58:03', '', NULL, '');
INSERT INTO `sys_menu` VALUES (1006, 'йҮҚзҪ®еҜҶз Ғ', 100, 7, '', '', '', '', 1, 0, 'F', '0', '0', 'system:user:resetPwd', '#', 'admin', '2026-03-15 15:58:03', '', NULL, '');
INSERT INTO `sys_menu` VALUES (1007, 'и§’иүІжҹҘиҜў', 101, 1, '', '', '', '', 1, 0, 'F', '0', '0', 'system:role:query', '#', 'admin', '2026-03-15 15:58:03', '', NULL, '');
INSERT INTO `sys_menu` VALUES (1008, 'и§’иүІж–°еўһ', 101, 2, '', '', '', '', 1, 0, 'F', '0', '0', 'system:role:add', '#', 'admin', '2026-03-15 15:58:03', '', NULL, '');
INSERT INTO `sys_menu` VALUES (1009, 'и§’иүІдҝ®ж”№', 101, 3, '', '', '', '', 1, 0, 'F', '0', '0', 'system:role:edit', '#', 'admin', '2026-03-15 15:58:03', '', NULL, '');
INSERT INTO `sys_menu` VALUES (1010, 'и§’иүІеҲ йҷӨ', 101, 4, '', '', '', '', 1, 0, 'F', '0', '0', 'system:role:remove', '#', 'admin', '2026-03-15 15:58:03', '', NULL, '');
INSERT INTO `sys_menu` VALUES (1011, 'и§’иүІеҜјеҮә', 101, 5, '', '', '', '', 1, 0, 'F', '0', '0', 'system:role:export', '#', 'admin', '2026-03-15 15:58:03', '', NULL, '');
INSERT INTO `sys_menu` VALUES (1012, 'иҸңеҚ•жҹҘиҜў', 102, 1, '', '', '', '', 1, 0, 'F', '0', '0', 'system:menu:query', '#', 'admin', '2026-03-15 15:58:03', '', NULL, '');
INSERT INTO `sys_menu` VALUES (1013, 'иҸңеҚ•ж–°еўһ', 102, 2, '', '', '', '', 1, 0, 'F', '0', '0', 'system:menu:add', '#', 'admin', '2026-03-15 15:58:03', '', NULL, '');
INSERT INTO `sys_menu` VALUES (1014, 'иҸңеҚ•дҝ®ж”№', 102, 3, '', '', '', '', 1, 0, 'F', '0', '0', 'system:menu:edit', '#', 'admin', '2026-03-15 15:58:03', '', NULL, '');
INSERT INTO `sys_menu` VALUES (1015, 'иҸңеҚ•еҲ йҷӨ', 102, 4, '', '', '', '', 1, 0, 'F', '0', '0', 'system:menu:remove', '#', 'admin', '2026-03-15 15:58:03', '', NULL, '');
INSERT INTO `sys_menu` VALUES (1016, 'йғЁй—ЁжҹҘиҜў', 103, 1, '', '', '', '', 1, 0, 'F', '0', '0', 'system:dept:query', '#', 'admin', '2026-03-15 15:58:03', '', NULL, '');
INSERT INTO `sys_menu` VALUES (1017, 'йғЁй—Ёж–°еўһ', 103, 2, '', '', '', '', 1, 0, 'F', '0', '0', 'system:dept:add', '#', 'admin', '2026-03-15 15:58:03', '', NULL, '');
INSERT INTO `sys_menu` VALUES (1018, 'йғЁй—Ёдҝ®ж”№', 103, 3, '', '', '', '', 1, 0, 'F', '0', '0', 'system:dept:edit', '#', 'admin', '2026-03-15 15:58:03', '', NULL, '');
INSERT INTO `sys_menu` VALUES (1019, 'йғЁй—ЁеҲ йҷӨ', 103, 4, '', '', '', '', 1, 0, 'F', '0', '0', 'system:dept:remove', '#', 'admin', '2026-03-15 15:58:03', '', NULL, '');
INSERT INTO `sys_menu` VALUES (1020, 'еІ—дҪҚжҹҘиҜў', 104, 1, '', '', '', '', 1, 0, 'F', '0', '0', 'system:post:query', '#', 'admin', '2026-03-15 15:58:03', '', NULL, '');
INSERT INTO `sys_menu` VALUES (1021, 'еІ—дҪҚж–°еўһ', 104, 2, '', '', '', '', 1, 0, 'F', '0', '0', 'system:post:add', '#', 'admin', '2026-03-15 15:58:03', '', NULL, '');
INSERT INTO `sys_menu` VALUES (1022, 'еІ—дҪҚдҝ®ж”№', 104, 3, '', '', '', '', 1, 0, 'F', '0', '0', 'system:post:edit', '#', 'admin', '2026-03-15 15:58:03', '', NULL, '');
INSERT INTO `sys_menu` VALUES (1023, 'еІ—дҪҚеҲ йҷӨ', 104, 4, '', '', '', '', 1, 0, 'F', '0', '0', 'system:post:remove', '#', 'admin', '2026-03-15 15:58:03', '', NULL, '');
INSERT INTO `sys_menu` VALUES (1024, 'еІ—дҪҚеҜјеҮә', 104, 5, '', '', '', '', 1, 0, 'F', '0', '0', 'system:post:export', '#', 'admin', '2026-03-15 15:58:03', '', NULL, '');
INSERT INTO `sys_menu` VALUES (1025, 'еӯ—е…ёжҹҘиҜў', 105, 1, '#', '', '', '', 1, 0, 'F', '0', '0', 'system:dict:query', '#', 'admin', '2026-03-15 15:58:03', '', NULL, '');
INSERT INTO `sys_menu` VALUES (1026, 'еӯ—е…ёж–°еўһ', 105, 2, '#', '', '', '', 1, 0, 'F', '0', '0', 'system:dict:add', '#', 'admin', '2026-03-15 15:58:03', '', NULL, '');
INSERT INTO `sys_menu` VALUES (1027, 'еӯ—е…ёдҝ®ж”№', 105, 3, '#', '', '', '', 1, 0, 'F', '0', '0', 'system:dict:edit', '#', 'admin', '2026-03-15 15:58:03', '', NULL, '');
INSERT INTO `sys_menu` VALUES (1028, 'еӯ—е…ёеҲ йҷӨ', 105, 4, '#', '', '', '', 1, 0, 'F', '0', '0', 'system:dict:remove', '#', 'admin', '2026-03-15 15:58:03', '', NULL, '');
INSERT INTO `sys_menu` VALUES (1029, 'еӯ—е…ёеҜјеҮә', 105, 5, '#', '', '', '', 1, 0, 'F', '0', '0', 'system:dict:export', '#', 'admin', '2026-03-15 15:58:03', '', NULL, '');
INSERT INTO `sys_menu` VALUES (1030, 'еҸӮж•°жҹҘиҜў', 106, 1, '#', '', '', '', 1, 0, 'F', '0', '0', 'system:config:query', '#', 'admin', '2026-03-15 15:58:03', '', NULL, '');
INSERT INTO `sys_menu` VALUES (1031, 'еҸӮж•°ж–°еўһ', 106, 2, '#', '', '', '', 1, 0, 'F', '0', '0', 'system:config:add', '#', 'admin', '2026-03-15 15:58:03', '', NULL, '');
INSERT INTO `sys_menu` VALUES (1032, 'еҸӮж•°дҝ®ж”№', 106, 3, '#', '', '', '', 1, 0, 'F', '0', '0', 'system:config:edit', '#', 'admin', '2026-03-15 15:58:03', '', NULL, '');
INSERT INTO `sys_menu` VALUES (1033, 'еҸӮж•°еҲ йҷӨ', 106, 4, '#', '', '', '', 1, 0, 'F', '0', '0', 'system:config:remove', '#', 'admin', '2026-03-15 15:58:03', '', NULL, '');
INSERT INTO `sys_menu` VALUES (1034, 'еҸӮж•°еҜјеҮә', 106, 5, '#', '', '', '', 1, 0, 'F', '0', '0', 'system:config:export', '#', 'admin', '2026-03-15 15:58:03', '', NULL, '');
INSERT INTO `sys_menu` VALUES (1035, 'е…¬е‘ҠжҹҘиҜў', 107, 1, '#', '', '', '', 1, 0, 'F', '0', '0', 'system:notice:query', '#', 'admin', '2026-03-15 15:58:03', '', NULL, '');
INSERT INTO `sys_menu` VALUES (1036, 'е…¬е‘Ҡж–°еўһ', 107, 2, '#', '', '', '', 1, 0, 'F', '0', '0', 'system:notice:add', '#', 'admin', '2026-03-15 15:58:03', '', NULL, '');
INSERT INTO `sys_menu` VALUES (1037, 'е…¬е‘Ҡдҝ®ж”№', 107, 3, '#', '', '', '', 1, 0, 'F', '0', '0', 'system:notice:edit', '#', 'admin', '2026-03-15 15:58:03', '', NULL, '');
INSERT INTO `sys_menu` VALUES (1038, 'е…¬е‘ҠеҲ йҷӨ', 107, 4, '#', '', '', '', 1, 0, 'F', '0', '0', 'system:notice:remove', '#', 'admin', '2026-03-15 15:58:03', '', NULL, '');
INSERT INTO `sys_menu` VALUES (1039, 'ж“ҚдҪңжҹҘиҜў', 500, 1, '#', '', '', '', 1, 0, 'F', '0', '0', 'monitor:operlog:query', '#', 'admin', '2026-03-15 15:58:03', '', NULL, '');
INSERT INTO `sys_menu` VALUES (1040, 'ж“ҚдҪңеҲ йҷӨ', 500, 2, '#', '', '', '', 1, 0, 'F', '0', '0', 'monitor:operlog:remove', '#', 'admin', '2026-03-15 15:58:03', '', NULL, '');
INSERT INTO `sys_menu` VALUES (1041, 'ж—Ҙеҝ—еҜјеҮә', 500, 3, '#', '', '', '', 1, 0, 'F', '0', '0', 'monitor:operlog:export', '#', 'admin', '2026-03-15 15:58:03', '', NULL, '');
INSERT INTO `sys_menu` VALUES (1042, 'зҷ»еҪ•жҹҘиҜў', 501, 1, '#', '', '', '', 1, 0, 'F', '0', '0', 'monitor:logininfor:query', '#', 'admin', '2026-03-15 15:58:03', '', NULL, '');
INSERT INTO `sys_menu` VALUES (1043, 'зҷ»еҪ•еҲ йҷӨ', 501, 2, '#', '', '', '', 1, 0, 'F', '0', '0', 'monitor:logininfor:remove', '#', 'admin', '2026-03-15 15:58:03', '', NULL, '');
INSERT INTO `sys_menu` VALUES (1044, 'ж—Ҙеҝ—еҜјеҮә', 501, 3, '#', '', '', '', 1, 0, 'F', '0', '0', 'monitor:logininfor:export', '#', 'admin', '2026-03-15 15:58:03', '', NULL, '');
INSERT INTO `sys_menu` VALUES (1045, 'иҙҰжҲ·и§Јй”Ғ', 501, 4, '#', '', '', '', 1, 0, 'F', '0', '0', 'monitor:logininfor:unlock', '#', 'admin', '2026-03-15 15:58:03', '', NULL, '');
INSERT INTO `sys_menu` VALUES (1046, 'еңЁзәҝжҹҘиҜў', 109, 1, '#', '', '', '', 1, 0, 'F', '0', '0', 'monitor:online:query', '#', 'admin', '2026-03-15 15:58:03', '', NULL, '');
INSERT INTO `sys_menu` VALUES (1047, 'жү№йҮҸејәйҖҖ', 109, 2, '#', '', '', '', 1, 0, 'F', '0', '0', 'monitor:online:batchLogout', '#', 'admin', '2026-03-15 15:58:03', '', NULL, '');
INSERT INTO `sys_menu` VALUES (1048, 'еҚ•жқЎејәйҖҖ', 109, 3, '#', '', '', '', 1, 0, 'F', '0', '0', 'monitor:online:forceLogout', '#', 'admin', '2026-03-15 15:58:03', '', NULL, '');
INSERT INTO `sys_menu` VALUES (1049, 'д»»еҠЎжҹҘиҜў', 110, 1, '#', '', '', '', 1, 0, 'F', '0', '0', 'monitor:job:query', '#', 'admin', '2026-03-15 15:58:03', '', NULL, '');
INSERT INTO `sys_menu` VALUES (1050, 'д»»еҠЎж–°еўһ', 110, 2, '#', '', '', '', 1, 0, 'F', '0', '0', 'monitor:job:add', '#', 'admin', '2026-03-15 15:58:03', '', NULL, '');
INSERT INTO `sys_menu` VALUES (1051, 'д»»еҠЎдҝ®ж”№', 110, 3, '#', '', '', '', 1, 0, 'F', '0', '0', 'monitor:job:edit', '#', 'admin', '2026-03-15 15:58:03', '', NULL, '');
INSERT INTO `sys_menu` VALUES (1052, 'д»»еҠЎеҲ йҷӨ', 110, 4, '#', '', '', '', 1, 0, 'F', '0', '0', 'monitor:job:remove', '#', 'admin', '2026-03-15 15:58:03', '', NULL, '');
INSERT INTO `sys_menu` VALUES (1053, 'зҠ¶жҖҒдҝ®ж”№', 110, 5, '#', '', '', '', 1, 0, 'F', '0', '0', 'monitor:job:changeStatus', '#', 'admin', '2026-03-15 15:58:03', '', NULL, '');
INSERT INTO `sys_menu` VALUES (1054, 'д»»еҠЎеҜјеҮә', 110, 6, '#', '', '', '', 1, 0, 'F', '0', '0', 'monitor:job:export', '#', 'admin', '2026-03-15 15:58:03', '', NULL, '');
INSERT INTO `sys_menu` VALUES (1055, 'з”ҹжҲҗжҹҘиҜў', 116, 1, '#', '', '', '', 1, 0, 'F', '0', '0', 'tool:gen:query', '#', 'admin', '2026-03-15 15:58:03', '', NULL, '');
INSERT INTO `sys_menu` VALUES (1056, 'з”ҹжҲҗдҝ®ж”№', 116, 2, '#', '', '', '', 1, 0, 'F', '0', '0', 'tool:gen:edit', '#', 'admin', '2026-03-15 15:58:03', '', NULL, '');
INSERT INTO `sys_menu` VALUES (1057, 'з”ҹжҲҗеҲ йҷӨ', 116, 3, '#', '', '', '', 1, 0, 'F', '0', '0', 'tool:gen:remove', '#', 'admin', '2026-03-15 15:58:03', '', NULL, '');
INSERT INTO `sys_menu` VALUES (1058, 'еҜје…Ҙд»Јз Ғ', 116, 4, '#', '', '', '', 1, 0, 'F', '0', '0', 'tool:gen:import', '#', 'admin', '2026-03-15 15:58:03', '', NULL, '');
INSERT INTO `sys_menu` VALUES (1059, 'йў„и§Ҳд»Јз Ғ', 116, 5, '#', '', '', '', 1, 0, 'F', '0', '0', 'tool:gen:preview', '#', 'admin', '2026-03-15 15:58:03', '', NULL, '');
INSERT INTO `sys_menu` VALUES (1060, 'з”ҹжҲҗд»Јз Ғ', 116, 6, '#', '', '', '', 1, 0, 'F', '0', '0', 'tool:gen:code', '#', 'admin', '2026-03-15 15:58:03', '', NULL, '');
INSERT INTO `sys_menu` VALUES (2004, 'зјҙиҙ№з®ЎзҗҶ', 0, 1, 'money', NULL, NULL, '', 1, 0, 'M', '0', '0', NULL, 'money', 'admin', '2026-03-19 12:37:33', '', NULL, '');
INSERT INTO `sys_menu` VALUES (2010, 'е°ҸеҢәзјҙиҙ№з®ЎзҗҶ', 2004, 1, 'cost', 'money/cost/index', NULL, '', 1, 0, 'C', '0', '0', 'moneyпјҡcostпјҡindex', 'clipboard', 'admin', '2026-03-25 20:19:53', '', NULL, '');
INSERT INTO `sys_menu` VALUES (2026, 'йў„зәҰз®ЎзҗҶ', 0, 1, 'test03', NULL, NULL, '', 1, 0, 'M', '0', '0', NULL, 'github', 'admin', '2026-03-27 19:16:42', '', NULL, '');
INSERT INTO `sys_menu` VALUES (2027, 'е°ҸеҢәйў„зәҰз®ЎзҗҶ', 2026, 1, 'appointments', 'test03/appointments/index', NULL, '', 1, 0, 'C', '0', '0', 'test03пјҡappointmentsпјҡindex', 'guide', 'admin', '2026-03-27 19:18:32', 'admin', '2026-03-27 19:27:38', '');
INSERT INTO `sys_menu` VALUES (2029, 'жҠ•иҜүе»әи®®', 0, 1, 'test01', NULL, NULL, '', 1, 0, 'M', '0', '0', NULL, 'bug', 'admin', '2026-03-27 19:22:25', '', NULL, '');
INSERT INTO `sys_menu` VALUES (2030, 'е°ҸеҢәжҠ•иҜүз®ЎзҗҶ', 2029, 1, 'complaint', 'test01/complaint/complaint/index', NULL, '', 1, 0, 'C', '0', '0', 'test01:complaint:complaint:index', 'button', 'admin', '2026-03-27 19:23:46', '', NULL, '');
INSERT INTO `sys_menu` VALUES (2031, 'й©ҝз«ҷжңҚеҠЎ', 0, 1, 'test', NULL, NULL, '', 1, 0, 'M', '0', '0', '', 'example', 'admin', '2026-03-27 19:29:24', 'admin', '2026-03-27 19:29:50', '');
INSERT INTO `sys_menu` VALUES (2032, 'е°ҸеҢәй©ҝз«ҷжңҚеҠЎ', 2031, 1, 'station', 'test/station/station/index', NULL, '', 1, 0, 'C', '0', '0', 'testпјҡstationпјҡstationпјҡindex', 'chart', 'admin', '2026-03-27 19:31:29', 'admin', '2026-03-27 19:48:58', '');
INSERT INTO `sys_menu` VALUES (2033, 'е°ҸеҢәеӨ–еҚ–и®ўеҚ•', 2031, 1, 'takeout', 'test/takeout/takeout/index', NULL, '', 1, 0, 'C', '0', '0', 'testпјҡtakeoutпјҡtakeoutпјҡindex', 'shopping', 'admin', '2026-03-27 19:32:50', 'admin', '2026-03-27 19:49:06', '');
INSERT INTO `sys_menu` VALUES (2040, 'йҖҡзҹҘз®ЎзҗҶ', 0, 1, 'notice01', NULL, NULL, '', 1, 0, 'M', '0', '0', NULL, 'message', 'admin', '2026-03-27 20:00:53', '', NULL, '');
INSERT INTO `sys_menu` VALUES (2041, 'йҖҡзҹҘ', 2040, 1, 'noticeRead', 'notice01/noticeRead/index', NULL, '', 1, 0, 'C', '0', '0', 'notice01пјҡnoticeReadпјҡindex', 'dict', 'admin', '2026-03-27 20:06:02', '', NULL, '');
INSERT INTO `sys_menu` VALUES (2042, 'ж¶ҲжҒҜйҖҡзҹҘ', 2040, 1, 'notice', 'notice01/notice/index', NULL, '', 1, 0, 'C', '0', '0', 'notice01пјҡnoticeпјҡindex', 'edit', 'admin', '2026-03-27 20:07:46', '', NULL, '');
INSERT INTO `sys_menu` VALUES (2043, 'и®ҝе®ўз®ЎзҗҶ', 0, 1, 'vistior', NULL, NULL, '', 1, 0, 'M', '0', '0', NULL, 'theme', 'admin', '2026-03-27 20:13:41', '', NULL, '');
INSERT INTO `sys_menu` VALUES (2044, 'е°ҸеҢәд»Ӣз»Қ', 0, 1, 'aaa', NULL, NULL, '', 1, 0, 'M', '0', '0', '', 'international', 'admin', '2026-03-28 18:55:36', 'admin', '2026-03-28 18:56:04', '');
INSERT INTO `sys_menu` VALUES (2045, 'жҲ‘зҡ„е°ҸеҢә', 2044, 1, 'community', 'com/community/index', NULL, '', 1, 0, 'C', '0', '0', 'comпјҡcommunityпјҡindex', 'drag', 'admin', '2026-03-29 00:10:19', '', NULL, '');
INSERT INTO `sys_menu` VALUES (2046, 'е°ҸеҢәи®ҝе®ў', 2043, 1, 'visitor', 'people/visitor/index', NULL, '', 1, 0, 'C', '0', '0', 'peopleпјҡvisitorпјҡindex', 'peoples', 'admin', '2026-03-29 00:57:11', '', NULL, '');
INSERT INTO `sys_menu` VALUES (2049, 'AIжҷәж…§жІ»зҗҶ', 0, 1, 'ai', NULL, NULL, '', 1, 0, 'M', '0', '0', NULL, 'people', 'admin', '2026-03-30 18:54:20', '', NULL, '');
INSERT INTO `sys_menu` VALUES (2050, 'AiдәӢд»¶дёӯеҝғ', 2049, 1, 'ai/event', 'ai/communityEvent', NULL, '', 1, 0, 'C', '0', '0', 'aiпјҡeventпјҡlist', 'dict', 'admin', '2026-03-30 18:56:39', '', NULL, '');

-- ----------------------------
-- Table structure for sys_notice
-- ----------------------------
DROP TABLE IF EXISTS `sys_notice`;
CREATE TABLE `sys_notice`  (
  `notice_id` int NOT NULL AUTO_INCREMENT COMMENT 'е…¬е‘ҠID',
  `notice_title` varchar(50) CHARACTER SET utf8mb4 COLLATE utf8mb4_0900_ai_ci NOT NULL COMMENT 'е…¬е‘Ҡж Үйўҳ',
  `notice_type` char(1) CHARACTER SET utf8mb4 COLLATE utf8mb4_0900_ai_ci NOT NULL COMMENT 'е…¬е‘Ҡзұ»еһӢпјҲ1йҖҡзҹҘ 2е…¬е‘Ҡпјү',
  `notice_content` longblob NULL COMMENT 'е…¬е‘ҠеҶ…е®№',
  `status` char(1) CHARACTER SET utf8mb4 COLLATE utf8mb4_0900_ai_ci NULL DEFAULT '0' COMMENT 'е…¬е‘ҠзҠ¶жҖҒпјҲ0жӯЈеёё 1е…ій—ӯпјү',
  `create_by` varchar(64) CHARACTER SET utf8mb4 COLLATE utf8mb4_0900_ai_ci NULL DEFAULT '' COMMENT 'еҲӣе»әиҖ…',
  `create_time` datetime NULL DEFAULT NULL COMMENT 'еҲӣе»әж—¶й—ҙ',
  `update_by` varchar(64) CHARACTER SET utf8mb4 COLLATE utf8mb4_0900_ai_ci NULL DEFAULT '' COMMENT 'жӣҙж–°иҖ…',
  `update_time` datetime NULL DEFAULT NULL COMMENT 'жӣҙж–°ж—¶й—ҙ',
  `remark` varchar(255) CHARACTER SET utf8mb4 COLLATE utf8mb4_0900_ai_ci NULL DEFAULT NULL COMMENT 'еӨҮжіЁ',
  PRIMARY KEY (`notice_id`) USING BTREE
) ENGINE = InnoDB AUTO_INCREMENT = 10 CHARACTER SET = utf8mb4 COLLATE = utf8mb4_0900_ai_ci COMMENT = 'йҖҡзҹҘе…¬е‘ҠиЎЁ' ROW_FORMAT = DYNAMIC;

-- ----------------------------
-- Records of sys_notice
-- ----------------------------
INSERT INTO `sys_notice` VALUES (1, 'жё©йҰЁжҸҗйҶ’пјҡ2018-07-01 иӢҘдҫқж–°зүҲжң¬еҸ‘еёғе•Ұ', '2', 0xE696B0E78988E69CACE58685E5AEB9, '0', 'admin', '2026-03-15 15:58:04', '', NULL, 'з®ЎзҗҶе‘ҳ');
INSERT INTO `sys_notice` VALUES (2, 'з»ҙжҠӨйҖҡзҹҘпјҡ2018-07-01 иӢҘдҫқзі»з»ҹеҮҢжҷЁз»ҙжҠӨ', '1', 0xE7BBB4E68AA4E58685E5AEB9, '0', 'admin', '2026-03-15 15:58:04', '', NULL, 'з®ЎзҗҶе‘ҳ');

-- ----------------------------
-- Table structure for sys_oper_log
-- ----------------------------
DROP TABLE IF EXISTS `sys_oper_log`;
CREATE TABLE `sys_oper_log`  (
  `oper_id` bigint NOT NULL AUTO_INCREMENT COMMENT 'ж—Ҙеҝ—дё»й”®',
  `title` varchar(50) CHARACTER SET utf8mb4 COLLATE utf8mb4_0900_ai_ci NULL DEFAULT '' COMMENT 'жЁЎеқ—ж Үйўҳ',
  `business_type` int NULL DEFAULT 0 COMMENT 'дёҡеҠЎзұ»еһӢпјҲ0е…¶е®ғ 1ж–°еўһ 2дҝ®ж”№ 3еҲ йҷӨпјү',
  `method` varchar(200) CHARACTER SET utf8mb4 COLLATE utf8mb4_0900_ai_ci NULL DEFAULT '' COMMENT 'ж–№жі•еҗҚз§°',
  `request_method` varchar(10) CHARACTER SET utf8mb4 COLLATE utf8mb4_0900_ai_ci NULL DEFAULT '' COMMENT 'иҜ·жұӮж–№ејҸ',
  `operator_type` int NULL DEFAULT 0 COMMENT 'ж“ҚдҪңзұ»еҲ«пјҲ0е…¶е®ғ 1еҗҺеҸ°з”ЁжҲ· 2жүӢжңәз«Ҝз”ЁжҲ·пјү',
  `oper_name` varchar(50) CHARACTER SET utf8mb4 COLLATE utf8mb4_0900_ai_ci NULL DEFAULT '' COMMENT 'ж“ҚдҪңдәәе‘ҳ',
  `dept_name` varchar(50) CHARACTER SET utf8mb4 COLLATE utf8mb4_0900_ai_ci NULL DEFAULT '' COMMENT 'йғЁй—ЁеҗҚз§°',
  `oper_url` varchar(255) CHARACTER SET utf8mb4 COLLATE utf8mb4_0900_ai_ci NULL DEFAULT '' COMMENT 'иҜ·жұӮURL',
  `oper_ip` varchar(128) CHARACTER SET utf8mb4 COLLATE utf8mb4_0900_ai_ci NULL DEFAULT '' COMMENT 'дё»жңәең°еқҖ',
  `oper_location` varchar(255) CHARACTER SET utf8mb4 COLLATE utf8mb4_0900_ai_ci NULL DEFAULT '' COMMENT 'ж“ҚдҪңең°зӮ№',
  `oper_param` varchar(2000) CHARACTER SET utf8mb4 COLLATE utf8mb4_0900_ai_ci NULL DEFAULT '' COMMENT 'иҜ·жұӮеҸӮж•°',
  `json_result` varchar(2000) CHARACTER SET utf8mb4 COLLATE utf8mb4_0900_ai_ci NULL DEFAULT '' COMMENT 'иҝ”еӣһеҸӮж•°',
  `status` int NULL DEFAULT 0 COMMENT 'ж“ҚдҪңзҠ¶жҖҒпјҲ0жӯЈеёё 1ејӮеёёпјү',
  `error_msg` varchar(2000) CHARACTER SET utf8mb4 COLLATE utf8mb4_0900_ai_ci NULL DEFAULT '' COMMENT 'й”ҷиҜҜж¶ҲжҒҜ',
  `oper_time` datetime NULL DEFAULT NULL COMMENT 'ж“ҚдҪңж—¶й—ҙ',
  `cost_time` bigint NULL DEFAULT 0 COMMENT 'ж¶ҲиҖ—ж—¶й—ҙ',
  PRIMARY KEY (`oper_id`) USING BTREE,
  INDEX `idx_sys_oper_log_bt`(`business_type` ASC) USING BTREE,
  INDEX `idx_sys_oper_log_s`(`status` ASC) USING BTREE,
  INDEX `idx_sys_oper_log_ot`(`oper_time` ASC) USING BTREE
) ENGINE = InnoDB AUTO_INCREMENT = 235 CHARACTER SET = utf8mb4 COLLATE = utf8mb4_0900_ai_ci COMMENT = 'ж“ҚдҪңж—Ҙеҝ—и®°еҪ•' ROW_FORMAT = DYNAMIC;

-- ----------------------------
-- Records of sys_oper_log
-- ----------------------------
INSERT INTO `sys_oper_log` VALUES (100, 'иҸңеҚ•з®ЎзҗҶ', 1, 'com.ruoyi.web.controller.system.SysMenuController.add()', 'POST', 1, 'admin', 'з ”еҸ‘йғЁй—Ё', '/system/menu', '127.0.0.1', 'еҶ…зҪ‘IP', '{\"children\":[],\"createBy\":\"admin\",\"icon\":\"icon\",\"isCache\":\"0\",\"isFrame\":\"1\",\"menuName\":\"дёҖзә§зӣ®еҪ•\",\"menuType\":\"M\",\"orderNum\":1,\"params\":{},\"parentId\":0,\"path\":\"text01\",\"status\":\"0\",\"visible\":\"0\"} ', '{\"msg\":\"ж“ҚдҪңжҲҗеҠҹ\",\"code\":200}', 0, NULL, '2026-03-15 16:17:11', 214);
INSERT INTO `sys_oper_log` VALUES (101, 'иҸңеҚ•з®ЎзҗҶ', 1, 'com.ruoyi.web.controller.system.SysMenuController.add()', 'POST', 1, 'admin', 'з ”еҸ‘йғЁй—Ё', '/system/menu', '127.0.0.1', 'еҶ…зҪ‘IP', '{\"children\":[],\"createBy\":\"admin\",\"icon\":\"color\",\"isCache\":\"0\",\"isFrame\":\"1\",\"menuName\":\"дәҢзә§иҸңеҚ•\",\"menuType\":\"M\",\"orderNum\":1,\"params\":{},\"parentId\":2000,\"path\":\"text02\",\"status\":\"0\",\"visible\":\"0\"} ', '{\"msg\":\"ж“ҚдҪңжҲҗеҠҹ\",\"code\":200}', 0, NULL, '2026-03-15 16:19:11', 16);
INSERT INTO `sys_oper_log` VALUES (102, 'иҸңеҚ•з®ЎзҗҶ', 2, 'com.ruoyi.web.controller.system.SysMenuController.edit()', 'PUT', 1, 'admin', 'з ”еҸ‘йғЁй—Ё', '/system/menu', '127.0.0.1', 'еҶ…зҪ‘IP', '{\"children\":[],\"createTime\":\"2026-03-15 16:19:11\",\"icon\":\"color\",\"isCache\":\"0\",\"isFrame\":\"1\",\"menuId\":2001,\"menuName\":\"дәҢзә§иҸңеҚ•\",\"menuType\":\"M\",\"orderNum\":1,\"params\":{},\"parentId\":2000,\"path\":\"text02\",\"perms\":\"\",\"routeName\":\"\",\"status\":\"0\",\"updateBy\":\"admin\",\"visible\":\"0\"} ', '{\"msg\":\"ж“ҚдҪңжҲҗеҠҹ\",\"code\":200}', 0, NULL, '2026-03-15 16:21:00', 22);
INSERT INTO `sys_oper_log` VALUES (103, 'иҸңеҚ•з®ЎзҗҶ', 1, 'com.ruoyi.web.controller.system.SysMenuController.add()', 'POST', 1, 'admin', 'з ”еҸ‘йғЁй—Ё', '/system/menu', '127.0.0.1', 'еҶ…зҪ‘IP', '{\"children\":[],\"component\":\"text01/sleep/index\",\"createBy\":\"admin\",\"icon\":\"checkbox\",\"isCache\":\"0\",\"isFrame\":\"1\",\"menuName\":\"зқЎзң з®ЎзҗҶ\",\"menuType\":\"C\",\"orderNum\":1,\"params\":{},\"parentId\":2000,\"path\":\"sleep\",\"perms\":\"text01пјҡsleepпјҡindex\",\"status\":\"0\",\"visible\":\"0\"} ', '{\"msg\":\"ж“ҚдҪңжҲҗеҠҹ\",\"code\":200}', 0, NULL, '2026-03-15 16:24:31', 17);
INSERT INTO `sys_oper_log` VALUES (104, 'иҸңеҚ•з®ЎзҗҶ', 1, 'com.ruoyi.web.controller.system.SysMenuController.add()', 'POST', 1, 'admin', 'з ”еҸ‘йғЁй—Ё', '/system/menu', '127.0.0.1', 'еҶ…зҪ‘IP', '{\"children\":[],\"component\":\"text01/text02/book/index\",\"createBy\":\"admin\",\"isCache\":\"0\",\"isFrame\":\"1\",\"menuName\":\"еӣҫд№Ұз®ЎзҗҶ\",\"menuType\":\"C\",\"orderNum\":1,\"params\":{},\"parentId\":2001,\"path\":\"book\",\"routeName\":\"book\",\"status\":\"0\",\"visible\":\"0\"} ', '{\"msg\":\"ж“ҚдҪңжҲҗеҠҹ\",\"code\":200}', 0, NULL, '2026-03-15 16:31:29', 19);
INSERT INTO `sys_oper_log` VALUES (105, 'д»Јз Ғз”ҹжҲҗ', 6, 'com.ruoyi.generator.controller.GenController.importTableSave()', 'POST', 1, 'admin', 'з ”еҸ‘йғЁй—Ё', '/tool/gen/importTable', '127.0.0.1', 'еҶ…зҪ‘IP', '{\"tables\":\"my_stu\",\"tplWebType\":\"element-ui\"}', '{\"msg\":\"ж“ҚдҪңжҲҗеҠҹ\",\"code\":200}', 0, NULL, '2026-03-15 16:55:01', 116);
INSERT INTO `sys_oper_log` VALUES (106, 'д»Јз Ғз”ҹжҲҗ', 2, 'com.ruoyi.generator.controller.GenController.editSave()', 'PUT', 1, 'admin', 'з ”еҸ‘йғЁй—Ё', '/tool/gen', '127.0.0.1', 'еҶ…зҪ‘IP', '{\"businessName\":\"stu\",\"className\":\"MyStu\",\"columns\":[{\"capJavaField\":\"StuId\",\"columnComment\":\"id\",\"columnId\":1,\"columnName\":\"stu_id\",\"columnType\":\"int\",\"createBy\":\"admin\",\"createTime\":\"2026-03-15 16:55:01\",\"dictType\":\"\",\"edit\":false,\"htmlType\":\"input\",\"increment\":true,\"insert\":true,\"isIncrement\":\"1\",\"isInsert\":\"1\",\"isPk\":\"1\",\"isRequired\":\"0\",\"javaField\":\"stuId\",\"javaType\":\"Long\",\"list\":false,\"params\":{},\"pk\":true,\"query\":false,\"queryType\":\"EQ\",\"required\":false,\"sort\":1,\"superColumn\":false,\"tableId\":1,\"updateBy\":\"\",\"usableColumn\":false},{\"capJavaField\":\"StuName\",\"columnComment\":\"е§“еҗҚ\",\"columnId\":2,\"columnName\":\"stu_name\",\"columnType\":\"varchar(20)\",\"createBy\":\"admin\",\"createTime\":\"2026-03-15 16:55:01\",\"dictType\":\"\",\"edit\":true,\"htmlType\":\"input\",\"increment\":false,\"insert\":true,\"isEdit\":\"1\",\"isIncrement\":\"0\",\"isInsert\":\"1\",\"isList\":\"1\",\"isPk\":\"0\",\"isQuery\":\"1\",\"isRequired\":\"0\",\"javaField\":\"stuName\",\"javaType\":\"String\",\"list\":true,\"params\":{},\"pk\":false,\"query\":true,\"queryType\":\"LIKE\",\"required\":false,\"sort\":2,\"superColumn\":false,\"tableId\":1,\"updateBy\":\"\",\"usableColumn\":false},{\"capJavaField\":\"Image\",\"columnComment\":\"еӣҫзүҮ\",\"columnId\":3,\"columnName\":\"image\",\"columnType\":\"varchar(255)\",\"createBy\":\"admin\",\"createTime\":\"2026-03-15 16:55:01\",\"dictType\":\"\",\"edit\":true,\"htmlType\":\"imageUpload\",\"increment\":false,\"insert\":true,\"isEdit\":\"1\",\"isIncrement\":\"0\",\"isInsert\":\"1\",\"isList\":\"1\",\"isPk\":\"0\",\"isQuery\":\"1\",\"isRequired\":\"0\",\"javaField\":\"image\",\"javaType\":\"String\",\"list\":true,\"params\":{},\"pk\":false,\"query\":true,\"queryType\":\"EQ\",\"required\":false,\"sort\":3,\"superColumn\":false,\"tableId\":1,\"updateBy\":\"\",\"usableColumn\":false},{\"capJavaField\":\"Age\",\"columnComment\":\"е№ҙйҫ„\",\"columnId\":4,\"columnName\":\"age\",\"columnType\":\"int\",\"createBy\":\"admin\",\"createTime\":\"2026-03-15 16:55:01\",\"dictType\":\"\",\"edit\":true,\"htmlType\":\"input\",\"increment\":false,\"insert\":true,\"isEdit\":\"1\",\"isIncrement\":\"0\",\"isInsert\":\"1\",\"isList\":\"1\",\"isPk\":\"0\",\"isQuery\":\"1\",\"isRequired\":\"0\",\"javaField\":\"age\",\"javaType\":\"Long\",\"list\"', '{\"msg\":\"ж“ҚдҪңжҲҗеҠҹ\",\"code\":200}', 0, NULL, '2026-03-15 17:09:56', 84);
INSERT INTO `sys_oper_log` VALUES (107, 'д»Јз Ғз”ҹжҲҗ', 8, 'com.ruoyi.generator.controller.GenController.genCode()', 'GET', 1, 'admin', 'з ”еҸ‘йғЁй—Ё', '/tool/gen/genCode/my_stu', '127.0.0.1', 'еҶ…зҪ‘IP', '{}', '{\"msg\":\"гҖҗзі»з»ҹйў„и®ҫгҖ‘дёҚе…Ғи®ёз”ҹжҲҗж–Үд»¶иҰҶзӣ–еҲ°жң¬ең°\",\"code\":500}', 0, NULL, '2026-03-15 17:10:07', 0);
INSERT INTO `sys_oper_log` VALUES (108, 'д»Јз Ғз”ҹжҲҗ', 8, 'com.ruoyi.generator.controller.GenController.genCode()', 'GET', 1, 'admin', 'з ”еҸ‘йғЁй—Ё', '/tool/gen/genCode/my_stu', '127.0.0.1', 'еҶ…зҪ‘IP', '{}', '{\"msg\":\"гҖҗзі»з»ҹйў„и®ҫгҖ‘дёҚе…Ғи®ёз”ҹжҲҗж–Үд»¶иҰҶзӣ–еҲ°жң¬ең°\",\"code\":500}', 0, NULL, '2026-03-15 17:11:40', 0);
INSERT INTO `sys_oper_log` VALUES (109, 'д»Јз Ғз”ҹжҲҗ', 8, 'com.ruoyi.generator.controller.GenController.genCode()', 'GET', 1, 'admin', 'з ”еҸ‘йғЁй—Ё', '/tool/gen/genCode/my_stu', '127.0.0.1', 'еҶ…зҪ‘IP', '{}', '{\"msg\":\"ж“ҚдҪңжҲҗеҠҹ\",\"code\":200}', 0, NULL, '2026-03-15 17:19:05', 248);
INSERT INTO `sys_oper_log` VALUES (110, 'д»Јз Ғз”ҹжҲҗ', 8, 'com.ruoyi.generator.controller.GenController.genCode()', 'GET', 1, 'admin', 'з ”еҸ‘йғЁй—Ё', '/tool/gen/genCode/my_stu', '127.0.0.1', 'еҶ…зҪ‘IP', '{}', '{\"msg\":\"ж“ҚдҪңжҲҗеҠҹ\",\"code\":200}', 0, NULL, '2026-03-15 17:19:05', 45);
INSERT INTO `sys_oper_log` VALUES (111, 'д»Јз Ғз”ҹжҲҗ', 6, 'com.ruoyi.generator.controller.GenController.importTableSave()', 'POST', 1, 'admin', 'з ”еҸ‘йғЁй—Ё', '/tool/gen/importTable', '127.0.0.1', 'еҶ…зҪ‘IP', '{\"tables\":\"community_complaint\",\"tplWebType\":\"element-ui\"}', '{\"msg\":\"ж“ҚдҪңжҲҗеҠҹ\",\"code\":200}', 0, NULL, '2026-03-17 21:26:37', 135);
INSERT INTO `sys_oper_log` VALUES (112, 'иҸңеҚ•з®ЎзҗҶ', 1, 'com.ruoyi.web.controller.system.SysMenuController.add()', 'POST', 1, 'admin', 'з ”еҸ‘йғЁй—Ё', '/system/menu', '127.0.0.1', 'еҶ…зҪ‘IP', '{\"children\":[],\"createBy\":\"admin\",\"icon\":\"money\",\"isCache\":\"0\",\"isFrame\":\"1\",\"menuName\":\"зјҙиҙ№з®ЎзҗҶ\",\"menuType\":\"M\",\"orderNum\":1,\"params\":{},\"parentId\":0,\"path\":\"money\",\"status\":\"0\",\"visible\":\"0\"} ', '{\"msg\":\"ж“ҚдҪңжҲҗеҠҹ\",\"code\":200}', 0, NULL, '2026-03-19 12:37:33', 62);
INSERT INTO `sys_oper_log` VALUES (113, 'д»Јз Ғз”ҹжҲҗ', 6, 'com.ruoyi.generator.controller.GenController.importTableSave()', 'POST', 1, 'admin', 'з ”еҸ‘йғЁй—Ё', '/tool/gen/importTable', '127.0.0.1', 'еҶ…зҪ‘IP', '{\"tables\":\"community_payment\",\"tplWebType\":\"element-ui\"}', '{\"msg\":\"ж“ҚдҪңжҲҗеҠҹ\",\"code\":200}', 0, NULL, '2026-03-19 12:39:12', 198);
INSERT INTO `sys_oper_log` VALUES (114, 'д»Јз Ғз”ҹжҲҗ', 8, 'com.ruoyi.generator.controller.GenController.batchGenCode()', 'GET', 1, 'admin', 'з ”еҸ‘йғЁй—Ё', '/tool/gen/batchGenCode', '127.0.0.1', 'еҶ…зҪ‘IP', '{\"tables\":\"community_payment\"}', NULL, 0, NULL, '2026-03-19 12:39:18', 404);
INSERT INTO `sys_oper_log` VALUES (115, 'д»Јз Ғз”ҹжҲҗ', 8, 'com.ruoyi.generator.controller.GenController.batchGenCode()', 'GET', 1, 'admin', 'з ”еҸ‘йғЁй—Ё', '/tool/gen/batchGenCode', '127.0.0.1', 'еҶ…зҪ‘IP', '{\"tables\":\"community_payment\"}', NULL, 0, NULL, '2026-03-19 12:39:39', 70);
INSERT INTO `sys_oper_log` VALUES (116, 'иҸңеҚ•з®ЎзҗҶ', 1, 'com.ruoyi.web.controller.system.SysMenuController.add()', 'POST', 1, 'admin', 'з ”еҸ‘йғЁй—Ё', '/system/menu', '127.0.0.1', 'еҶ…зҪ‘IP', '{\"children\":[],\"component\":\"test01/dianfei/index\",\"createBy\":\"admin\",\"icon\":\"validCode\",\"isCache\":\"0\",\"isFrame\":\"1\",\"menuName\":\"з”өиҙ№з®ЎзҗҶ\",\"menuType\":\"C\",\"orderNum\":1,\"params\":{},\"parentId\":2000,\"path\":\"dianfei\",\"perms\":\"text01пјҡdianfeiпјҡindex\",\"status\":\"0\",\"visible\":\"0\"} ', '{\"msg\":\"ж“ҚдҪңжҲҗеҠҹ\",\"code\":200}', 0, NULL, '2026-03-19 18:55:07', 65);
INSERT INTO `sys_oper_log` VALUES (117, 'иҸңеҚ•з®ЎзҗҶ', 1, 'com.ruoyi.web.controller.system.SysMenuController.add()', 'POST', 1, 'admin', 'з ”еҸ‘йғЁй—Ё', '/system/menu', '127.0.0.1', 'еҶ…зҪ‘IP', '{\"children\":[],\"component\":\"money/dianfei/index\",\"icon\":\"checkbox\",\"isCache\":\"0\",\"isFrame\":\"1\",\"menuName\":\"з”өиҙ№з®ЎзҗҶ\",\"menuType\":\"C\",\"orderNum\":1,\"params\":{},\"parentId\":2004,\"path\":\"dianfei\",\"perms\":\"moneyпјҡdianfeiпјҡindex\",\"status\":\"0\",\"visible\":\"0\"} ', '{\"msg\":\"ж–°еўһиҸңеҚ•\'з”өиҙ№з®ЎзҗҶ\'еӨұиҙҘпјҢи·Ҝз”ұеҗҚз§°жҲ–ең°еқҖе·ІеӯҳеңЁ\",\"code\":500}', 0, NULL, '2026-03-19 18:58:18', 8);
INSERT INTO `sys_oper_log` VALUES (118, 'иҸңеҚ•з®ЎзҗҶ', 1, 'com.ruoyi.web.controller.system.SysMenuController.add()', 'POST', 1, 'admin', 'з ”еҸ‘йғЁй—Ё', '/system/menu', '127.0.0.1', 'еҶ…зҪ‘IP', '{\"children\":[],\"component\":\"money/dianfei/index\",\"icon\":\"checkbox\",\"isCache\":\"0\",\"isFrame\":\"1\",\"menuName\":\"з”өиҙ№з®ЎзҗҶ\",\"menuType\":\"C\",\"orderNum\":1,\"params\":{},\"parentId\":2004,\"path\":\"dianfei\",\"perms\":\"moneyпјҡdianfeiпјҡindex\",\"status\":\"0\",\"visible\":\"0\"} ', '{\"msg\":\"ж–°еўһиҸңеҚ•\'з”өиҙ№з®ЎзҗҶ\'еӨұиҙҘпјҢи·Ҝз”ұеҗҚз§°жҲ–ең°еқҖе·ІеӯҳеңЁ\",\"code\":500}', 0, NULL, '2026-03-19 18:58:22', 8);
INSERT INTO `sys_oper_log` VALUES (119, 'иҸңеҚ•з®ЎзҗҶ', 1, 'com.ruoyi.web.controller.system.SysMenuController.add()', 'POST', 1, 'admin', 'з ”еҸ‘йғЁй—Ё', '/system/menu', '127.0.0.1', 'еҶ…зҪ‘IP', '{\"children\":[],\"component\":\"money/dianfei/index\",\"icon\":\"checkbox\",\"isCache\":\"0\",\"isFrame\":\"1\",\"menuName\":\"з”өиҙ№з®ЎзҗҶ\",\"menuType\":\"C\",\"orderNum\":1,\"params\":{},\"parentId\":2004,\"path\":\"dianfei\",\"perms\":\"moneyпјҡdianfeiпјҡindex\",\"status\":\"0\",\"visible\":\"0\"} ', '{\"msg\":\"ж–°еўһиҸңеҚ•\'з”өиҙ№з®ЎзҗҶ\'еӨұиҙҘпјҢи·Ҝз”ұеҗҚз§°жҲ–ең°еқҖе·ІеӯҳеңЁ\",\"code\":500}', 0, NULL, '2026-03-19 18:58:26', 7);
INSERT INTO `sys_oper_log` VALUES (120, 'иҸңеҚ•з®ЎзҗҶ', 1, 'com.ruoyi.web.controller.system.SysMenuController.add()', 'POST', 1, 'admin', 'з ”еҸ‘йғЁй—Ё', '/system/menu', '127.0.0.1', 'еҶ…зҪ‘IP', '{\"children\":[],\"component\":\"money/dianfeiguanli/index\",\"createBy\":\"admin\",\"icon\":\"checkbox\",\"isCache\":\"0\",\"isFrame\":\"1\",\"menuName\":\"з”өиҙ№з®ЎзҗҶ\",\"menuType\":\"C\",\"orderNum\":1,\"params\":{},\"parentId\":2004,\"path\":\"dianfeiguanli\",\"perms\":\"moneyпјҡdianfeiguanliпјҡindex\",\"status\":\"0\",\"visible\":\"0\"} ', '{\"msg\":\"ж“ҚдҪңжҲҗеҠҹ\",\"code\":200}', 0, NULL, '2026-03-19 18:58:42', 14);
INSERT INTO `sys_oper_log` VALUES (121, 'иҸңеҚ•з®ЎзҗҶ', 3, 'com.ruoyi.web.controller.system.SysMenuController.remove()', 'DELETE', 1, 'admin', 'з ”еҸ‘йғЁй—Ё', '/system/menu/2000', '127.0.0.1', 'еҶ…зҪ‘IP', '2000 ', '{\"msg\":\"еӯҳеңЁеӯҗиҸңеҚ•,дёҚе…Ғи®ёеҲ йҷӨ\",\"code\":601}', 0, NULL, '2026-03-20 13:36:35', 19);
INSERT INTO `sys_oper_log` VALUES (122, 'иҸңеҚ•з®ЎзҗҶ', 3, 'com.ruoyi.web.controller.system.SysMenuController.remove()', 'DELETE', 1, 'admin', 'з ”еҸ‘йғЁй—Ё', '/system/menu/2002', '127.0.0.1', 'еҶ…зҪ‘IP', '2002 ', '{\"msg\":\"ж“ҚдҪңжҲҗеҠҹ\",\"code\":200}', 0, NULL, '2026-03-20 13:36:42', 34);
INSERT INTO `sys_oper_log` VALUES (123, 'иҸңеҚ•з®ЎзҗҶ', 3, 'com.ruoyi.web.controller.system.SysMenuController.remove()', 'DELETE', 1, 'admin', 'з ”еҸ‘йғЁй—Ё', '/system/menu/2005', '127.0.0.1', 'еҶ…зҪ‘IP', '2005 ', '{\"msg\":\"ж“ҚдҪңжҲҗеҠҹ\",\"code\":200}', 0, NULL, '2026-03-20 13:36:49', 15);
INSERT INTO `sys_oper_log` VALUES (124, 'иҸңеҚ•з®ЎзҗҶ', 3, 'com.ruoyi.web.controller.system.SysMenuController.remove()', 'DELETE', 1, 'admin', 'з ”еҸ‘йғЁй—Ё', '/system/menu/2003', '127.0.0.1', 'еҶ…зҪ‘IP', '2003 ', '{\"msg\":\"ж“ҚдҪңжҲҗеҠҹ\",\"code\":200}', 0, NULL, '2026-03-20 13:36:55', 13);
INSERT INTO `sys_oper_log` VALUES (125, 'иҸңеҚ•з®ЎзҗҶ', 3, 'com.ruoyi.web.controller.system.SysMenuController.remove()', 'DELETE', 1, 'admin', 'з ”еҸ‘йғЁй—Ё', '/system/menu/2001', '127.0.0.1', 'еҶ…зҪ‘IP', '2001 ', '{\"msg\":\"ж“ҚдҪңжҲҗеҠҹ\",\"code\":200}', 0, NULL, '2026-03-20 13:36:58', 12);
INSERT INTO `sys_oper_log` VALUES (126, 'иҸңеҚ•з®ЎзҗҶ', 3, 'com.ruoyi.web.controller.system.SysMenuController.remove()', 'DELETE', 1, 'admin', 'з ”еҸ‘йғЁй—Ё', '/system/menu/2000', '127.0.0.1', 'еҶ…зҪ‘IP', '2000 ', '{\"msg\":\"ж“ҚдҪңжҲҗеҠҹ\",\"code\":200}', 0, NULL, '2026-03-20 13:37:01', 11);
INSERT INTO `sys_oper_log` VALUES (127, 'иҸңеҚ•з®ЎзҗҶ', 1, 'com.ruoyi.web.controller.system.SysMenuController.add()', 'POST', 1, 'admin', 'з ”еҸ‘йғЁй—Ё', '/system/menu', '127.0.0.1', 'еҶ…зҪ‘IP', '{\"children\":[],\"component\":\"money/shuifei/index\",\"createBy\":\"admin\",\"icon\":\"checkbox\",\"isCache\":\"0\",\"isFrame\":\"1\",\"menuName\":\"ж°ҙиҙ№з®ЎзҗҶ\",\"menuType\":\"C\",\"orderNum\":1,\"params\":{},\"parentId\":2004,\"path\":\"shuifei\",\"perms\":\"moneyпјҡshuifeiпјҡindex\",\"status\":\"0\",\"visible\":\"0\"} ', '{\"msg\":\"ж“ҚдҪңжҲҗеҠҹ\",\"code\":200}', 0, NULL, '2026-03-20 13:41:12', 26);
INSERT INTO `sys_oper_log` VALUES (128, 'иҸңеҚ•з®ЎзҗҶ', 1, 'com.ruoyi.web.controller.system.SysMenuController.add()', 'POST', 1, 'admin', 'з ”еҸ‘йғЁй—Ё', '/system/menu', '127.0.0.1', 'еҶ…зҪ‘IP', '{\"children\":[],\"component\":\"money/wuyefei/index\",\"createBy\":\"admin\",\"icon\":\"checkbox\",\"isCache\":\"0\",\"isFrame\":\"1\",\"menuName\":\"зү©дёҡиҙ№з®ЎзҗҶ\",\"menuType\":\"C\",\"orderNum\":1,\"params\":{},\"parentId\":2004,\"path\":\"wuyefei\",\"perms\":\"moneyпјҡwuyefeiпјҡindex\",\"status\":\"0\",\"visible\":\"0\"} ', '{\"msg\":\"ж“ҚдҪңжҲҗеҠҹ\",\"code\":200}', 0, NULL, '2026-03-20 13:52:52', 15);
INSERT INTO `sys_oper_log` VALUES (129, 'д»Јз Ғз”ҹжҲҗ', 8, 'com.ruoyi.generator.controller.GenController.batchGenCode()', 'GET', 1, 'admin', 'з ”еҸ‘йғЁй—Ё', '/tool/gen/batchGenCode', '127.0.0.1', 'еҶ…зҪ‘IP', '{\"tables\":\"community_payment\"}', NULL, 0, NULL, '2026-03-20 15:25:11', 294);
INSERT INTO `sys_oper_log` VALUES (130, 'д»Јз Ғз”ҹжҲҗ', 8, 'com.ruoyi.generator.controller.GenController.batchGenCode()', 'GET', 1, 'admin', 'з ”еҸ‘йғЁй—Ё', '/tool/gen/batchGenCode', '127.0.0.1', 'еҶ…зҪ‘IP', '{\"tables\":\"community_payment\"}', NULL, 0, NULL, '2026-03-21 10:24:04', 353);
INSERT INTO `sys_oper_log` VALUES (131, 'д»Јз Ғз”ҹжҲҗ', 8, 'com.ruoyi.generator.controller.GenController.batchGenCode()', 'GET', 1, 'admin', 'з ”еҸ‘йғЁй—Ё', '/tool/gen/batchGenCode', '127.0.0.1', 'еҶ…зҪ‘IP', '{\"tables\":\"community_payment\"}', NULL, 0, NULL, '2026-03-21 10:24:11', 55);
INSERT INTO `sys_oper_log` VALUES (132, 'д»Јз Ғз”ҹжҲҗ', 2, 'com.ruoyi.generator.controller.GenController.editSave()', 'PUT', 1, 'admin', 'з ”еҸ‘йғЁй—Ё', '/tool/gen', '127.0.0.1', 'еҶ…зҪ‘IP', '{\"businessName\":\"cos\",\"className\":\"CommunityPayment\",\"columns\":[{\"capJavaField\":\"Id\",\"columnComment\":\"дё»й”®ID\",\"columnId\":28,\"columnName\":\"id\",\"columnType\":\"bigint\",\"createBy\":\"admin\",\"createTime\":\"2026-03-19 12:39:12\",\"dictType\":\"\",\"edit\":false,\"htmlType\":\"input\",\"increment\":true,\"insert\":true,\"isIncrement\":\"1\",\"isInsert\":\"1\",\"isPk\":\"1\",\"isRequired\":\"0\",\"javaField\":\"id\",\"javaType\":\"Long\",\"list\":false,\"params\":{},\"pk\":true,\"query\":false,\"queryType\":\"EQ\",\"required\":false,\"sort\":1,\"superColumn\":false,\"tableId\":3,\"updateBy\":\"\",\"usableColumn\":false},{\"capJavaField\":\"UserId\",\"columnComment\":\"дёҡдё»IDпјҲе…іиҒ”sys_userиЎЁidпјү\",\"columnId\":29,\"columnName\":\"user_id\",\"columnType\":\"bigint\",\"createBy\":\"admin\",\"createTime\":\"2026-03-19 12:39:12\",\"dictType\":\"\",\"edit\":true,\"htmlType\":\"input\",\"increment\":false,\"insert\":true,\"isEdit\":\"1\",\"isIncrement\":\"0\",\"isInsert\":\"1\",\"isList\":\"1\",\"isPk\":\"0\",\"isQuery\":\"1\",\"isRequired\":\"1\",\"javaField\":\"userId\",\"javaType\":\"Long\",\"list\":true,\"params\":{},\"pk\":false,\"query\":true,\"queryType\":\"EQ\",\"required\":true,\"sort\":2,\"superColumn\":false,\"tableId\":3,\"updateBy\":\"\",\"usableColumn\":false},{\"capJavaField\":\"UserName\",\"columnComment\":\"дёҡдё»е§“еҗҚпјҲеҶ—дҪҷпјү\",\"columnId\":30,\"columnName\":\"user_name\",\"columnType\":\"varchar(50)\",\"createBy\":\"admin\",\"createTime\":\"2026-03-19 12:39:12\",\"dictType\":\"\",\"edit\":true,\"htmlType\":\"input\",\"increment\":false,\"insert\":true,\"isEdit\":\"1\",\"isIncrement\":\"0\",\"isInsert\":\"1\",\"isList\":\"1\",\"isPk\":\"0\",\"isQuery\":\"1\",\"isRequired\":\"1\",\"javaField\":\"userName\",\"javaType\":\"String\",\"list\":true,\"params\":{},\"pk\":false,\"query\":true,\"queryType\":\"LIKE\",\"required\":true,\"sort\":3,\"superColumn\":false,\"tableId\":3,\"updateBy\":\"\",\"usableColumn\":false},{\"capJavaField\":\"UserRoom\",\"columnComment\":\"дёҡдё»жҲҝеҸ·пјҲеҶ—дҪҷпјҡжҹҘиҜўйў‘ж¬Ўй«ҳпјү\",\"columnId\":31,\"columnName\":\"user_room\",\"columnType\":\"varchar(50)\",\"createBy\":\"admin\",\"createTime\":\"2026-03-19 12:39:12\",\"dictType\":\"\",\"edit\":true,\"htmlType\":\"input\",\"increment\":false,\"insert\":true,\"isEdit\":\"1\",\"isIncrement\":\"0\",\"isInsert\":\"1\",\"isList\":\"1\",\"isPk\":\"0\",\"isQuery\":\"1\",\"isR', '{\"msg\":\"ж“ҚдҪңжҲҗеҠҹ\",\"code\":200}', 0, NULL, '2026-03-21 10:32:12', 111);
INSERT INTO `sys_oper_log` VALUES (133, 'д»Јз Ғз”ҹжҲҗ', 8, 'com.ruoyi.generator.controller.GenController.genCode()', 'GET', 1, 'admin', 'з ”еҸ‘йғЁй—Ё', '/tool/gen/genCode/community_payment', '127.0.0.1', 'еҶ…зҪ‘IP', '{}', '{\"msg\":\"ж“ҚдҪңжҲҗеҠҹ\",\"code\":200}', 0, NULL, '2026-03-21 10:32:33', 171);
INSERT INTO `sys_oper_log` VALUES (134, 'д»Јз Ғз”ҹжҲҗ', 2, 'com.ruoyi.generator.controller.GenController.editSave()', 'PUT', 1, 'admin', 'з ”еҸ‘йғЁй—Ё', '/tool/gen', '127.0.0.1', 'еҶ…зҪ‘IP', '{\"businessName\":\"cos\",\"className\":\"CommunityPayment\",\"columns\":[{\"capJavaField\":\"Id\",\"columnComment\":\"дё»й”®ID\",\"columnId\":28,\"columnName\":\"id\",\"columnType\":\"bigint\",\"createBy\":\"admin\",\"createTime\":\"2026-03-19 12:39:12\",\"dictType\":\"\",\"edit\":false,\"htmlType\":\"input\",\"increment\":true,\"insert\":true,\"isIncrement\":\"1\",\"isInsert\":\"1\",\"isPk\":\"1\",\"isRequired\":\"0\",\"javaField\":\"id\",\"javaType\":\"Long\",\"list\":false,\"params\":{},\"pk\":true,\"query\":false,\"queryType\":\"EQ\",\"required\":false,\"sort\":1,\"superColumn\":false,\"tableId\":3,\"updateBy\":\"\",\"updateTime\":\"2026-03-21 10:32:11\",\"usableColumn\":false},{\"capJavaField\":\"UserId\",\"columnComment\":\"дёҡдё»IDпјҲе…іиҒ”sys_userиЎЁidпјү\",\"columnId\":29,\"columnName\":\"user_id\",\"columnType\":\"bigint\",\"createBy\":\"admin\",\"createTime\":\"2026-03-19 12:39:12\",\"dictType\":\"\",\"edit\":true,\"htmlType\":\"input\",\"increment\":false,\"insert\":true,\"isEdit\":\"1\",\"isIncrement\":\"0\",\"isInsert\":\"1\",\"isList\":\"1\",\"isPk\":\"0\",\"isQuery\":\"1\",\"isRequired\":\"1\",\"javaField\":\"userId\",\"javaType\":\"Long\",\"list\":true,\"params\":{},\"pk\":false,\"query\":true,\"queryType\":\"EQ\",\"required\":true,\"sort\":2,\"superColumn\":false,\"tableId\":3,\"updateBy\":\"\",\"updateTime\":\"2026-03-21 10:32:11\",\"usableColumn\":false},{\"capJavaField\":\"UserName\",\"columnComment\":\"дёҡдё»е§“еҗҚпјҲеҶ—дҪҷпјү\",\"columnId\":30,\"columnName\":\"user_name\",\"columnType\":\"varchar(50)\",\"createBy\":\"admin\",\"createTime\":\"2026-03-19 12:39:12\",\"dictType\":\"\",\"edit\":true,\"htmlType\":\"input\",\"increment\":false,\"insert\":true,\"isEdit\":\"1\",\"isIncrement\":\"0\",\"isInsert\":\"1\",\"isList\":\"1\",\"isPk\":\"0\",\"isQuery\":\"1\",\"isRequired\":\"1\",\"javaField\":\"userName\",\"javaType\":\"String\",\"list\":true,\"params\":{},\"pk\":false,\"query\":true,\"queryType\":\"LIKE\",\"required\":true,\"sort\":3,\"superColumn\":false,\"tableId\":3,\"updateBy\":\"\",\"updateTime\":\"2026-03-21 10:32:11\",\"usableColumn\":false},{\"capJavaField\":\"UserRoom\",\"columnComment\":\"дёҡдё»жҲҝеҸ·пјҲеҶ—дҪҷпјҡжҹҘиҜўйў‘ж¬Ўй«ҳпјү\",\"columnId\":31,\"columnName\":\"user_room\",\"columnType\":\"varchar(50)\",\"createBy\":\"admin\",\"createTime\":\"2026-03-19 12:39:12\",\"dictType\":\"\",\"edit\":true,\"htmlType\":\"input\",\"increment\":fal', '{\"msg\":\"ж“ҚдҪңжҲҗеҠҹ\",\"code\":200}', 0, NULL, '2026-03-25 20:12:36', 105);
INSERT INTO `sys_oper_log` VALUES (135, 'иҸңеҚ•з®ЎзҗҶ', 1, 'com.ruoyi.web.controller.system.SysMenuController.add()', 'POST', 1, 'admin', 'з ”еҸ‘йғЁй—Ё', '/system/menu', '127.0.0.1', 'еҶ…зҪ‘IP', '{\"children\":[],\"component\":\"money/cost/index\",\"createBy\":\"admin\",\"icon\":\"component\",\"isCache\":\"0\",\"isFrame\":\"1\",\"menuName\":\"е°ҸеҢәзјҙиҙ№з®ЎзҗҶ\",\"menuType\":\"C\",\"orderNum\":1,\"params\":{},\"parentId\":0,\"path\":\"cost\",\"perms\":\"money:cost:index\",\"status\":\"0\",\"visible\":\"0\"} ', '{\"msg\":\"ж“ҚдҪңжҲҗеҠҹ\",\"code\":200}', 0, NULL, '2026-03-25 20:17:18', 27);
INSERT INTO `sys_oper_log` VALUES (136, 'иҸңеҚ•з®ЎзҗҶ', 3, 'com.ruoyi.web.controller.system.SysMenuController.remove()', 'DELETE', 1, 'admin', 'з ”еҸ‘йғЁй—Ё', '/system/menu/2009', '127.0.0.1', 'еҶ…зҪ‘IP', '2009 ', '{\"msg\":\"ж“ҚдҪңжҲҗеҠҹ\",\"code\":200}', 0, NULL, '2026-03-25 20:18:06', 18);
INSERT INTO `sys_oper_log` VALUES (137, 'иҸңеҚ•з®ЎзҗҶ', 1, 'com.ruoyi.web.controller.system.SysMenuController.add()', 'POST', 1, 'admin', 'з ”еҸ‘йғЁй—Ё', '/system/menu', '127.0.0.1', 'еҶ…зҪ‘IP', '{\"children\":[],\"component\":\"money/cost/index\",\"createBy\":\"admin\",\"icon\":\"clipboard\",\"isCache\":\"0\",\"isFrame\":\"1\",\"menuName\":\"е°ҸеҢәзјҙиҙ№з®ЎзҗҶ\",\"menuType\":\"C\",\"orderNum\":1,\"params\":{},\"parentId\":2004,\"path\":\"cost\",\"perms\":\"moneyпјҡcostпјҡindex\",\"status\":\"0\",\"visible\":\"0\"} ', '{\"msg\":\"ж“ҚдҪңжҲҗеҠҹ\",\"code\":200}', 0, NULL, '2026-03-25 20:19:53', 14);
INSERT INTO `sys_oper_log` VALUES (138, 'д»Јз Ғз”ҹжҲҗ', 3, 'com.ruoyi.generator.controller.GenController.remove()', 'DELETE', 1, 'admin', 'з ”еҸ‘йғЁй—Ё', '/tool/gen/2,1', '127.0.0.1', 'еҶ…зҪ‘IP', '[2,1] ', '{\"msg\":\"ж“ҚдҪңжҲҗеҠҹ\",\"code\":200}', 0, NULL, '2026-03-25 21:02:26', 93);
INSERT INTO `sys_oper_log` VALUES (139, 'д»Јз Ғз”ҹжҲҗ', 6, 'com.ruoyi.generator.controller.GenController.importTableSave()', 'POST', 1, 'admin', 'з ”еҸ‘йғЁй—Ё', '/tool/gen/importTable', '127.0.0.1', 'еҶ…зҪ‘IP', '{\"tables\":\"community_property_fee\",\"tplWebType\":\"element-ui\"}', '{\"msg\":\"ж“ҚдҪңжҲҗеҠҹ\",\"code\":200}', 0, NULL, '2026-03-25 21:02:37', 133);
INSERT INTO `sys_oper_log` VALUES (140, 'д»Јз Ғз”ҹжҲҗ', 2, 'com.ruoyi.generator.controller.GenController.editSave()', 'PUT', 1, 'admin', 'з ”еҸ‘йғЁй—Ё', '/tool/gen', '127.0.0.1', 'еҶ…зҪ‘IP', '{\"businessName\":\"wu\",\"className\":\"CommunityPropertyFee\",\"columns\":[{\"capJavaField\":\"PropertyFeeId\",\"columnComment\":\"зү©дёҡиҙ№IDпјҲдё»й”®пјү\",\"columnId\":44,\"columnName\":\"property_fee_id\",\"columnType\":\"bigint\",\"createBy\":\"admin\",\"createTime\":\"2026-03-25 21:02:36\",\"dictType\":\"\",\"edit\":false,\"htmlType\":\"input\",\"increment\":true,\"insert\":true,\"isIncrement\":\"1\",\"isInsert\":\"1\",\"isPk\":\"1\",\"isRequired\":\"0\",\"javaField\":\"propertyFeeId\",\"javaType\":\"Long\",\"list\":false,\"params\":{},\"pk\":true,\"query\":false,\"queryType\":\"EQ\",\"required\":false,\"sort\":1,\"superColumn\":false,\"tableId\":4,\"updateBy\":\"\",\"usableColumn\":false},{\"capJavaField\":\"UserId\",\"columnComment\":\"дёҡдё»IDпјҲе…іиҒ”community_userиЎЁidпјү\",\"columnId\":45,\"columnName\":\"user_id\",\"columnType\":\"bigint\",\"createBy\":\"admin\",\"createTime\":\"2026-03-25 21:02:36\",\"dictType\":\"\",\"edit\":true,\"htmlType\":\"input\",\"increment\":false,\"insert\":true,\"isEdit\":\"1\",\"isIncrement\":\"0\",\"isInsert\":\"1\",\"isList\":\"1\",\"isPk\":\"0\",\"isQuery\":\"1\",\"isRequired\":\"1\",\"javaField\":\"userId\",\"javaType\":\"Long\",\"list\":true,\"params\":{},\"pk\":false,\"query\":true,\"queryType\":\"EQ\",\"required\":true,\"sort\":2,\"superColumn\":false,\"tableId\":4,\"updateBy\":\"\",\"usableColumn\":false},{\"capJavaField\":\"UserName\",\"columnComment\":\"дёҡдё»е§“еҗҚпјҲеҶ—дҪҷпјү\",\"columnId\":46,\"columnName\":\"user_name\",\"columnType\":\"varchar(50)\",\"createBy\":\"admin\",\"createTime\":\"2026-03-25 21:02:36\",\"dictType\":\"\",\"edit\":true,\"htmlType\":\"input\",\"increment\":false,\"insert\":true,\"isEdit\":\"1\",\"isIncrement\":\"0\",\"isInsert\":\"1\",\"isList\":\"1\",\"isPk\":\"0\",\"isQuery\":\"1\",\"isRequired\":\"1\",\"javaField\":\"userName\",\"javaType\":\"String\",\"list\":true,\"params\":{},\"pk\":false,\"query\":true,\"queryType\":\"LIKE\",\"required\":true,\"sort\":3,\"superColumn\":false,\"tableId\":4,\"updateBy\":\"\",\"usableColumn\":false},{\"capJavaField\":\"UserRoom\",\"columnComment\":\"дёҡдё»жҲҝеҸ·пјҲеҶ—дҪҷпјү\",\"columnId\":47,\"columnName\":\"user_room\",\"columnType\":\"varchar(50)\",\"createBy\":\"admin\",\"createTime\":\"2026-03-25 21:02:36\",\"dictType\":\"\",\"edit\":true,\"htmlType\":\"input\",\"increment\":false,\"insert\":true,\"isEdit\":\"1\",\"isIncrement\":\"0\",\"isInsert\":\"1\"', '{\"msg\":\"ж“ҚдҪңжҲҗеҠҹ\",\"code\":200}', 0, NULL, '2026-03-25 21:05:35', 69);
INSERT INTO `sys_oper_log` VALUES (141, 'д»Јз Ғз”ҹжҲҗ', 2, 'com.ruoyi.generator.controller.GenController.editSave()', 'PUT', 1, 'admin', 'з ”еҸ‘йғЁй—Ё', '/tool/gen', '127.0.0.1', 'еҶ…зҪ‘IP', '{\"businessName\":\"wu\",\"className\":\"CommunityPropertyFee\",\"columns\":[{\"capJavaField\":\"PropertyFeeId\",\"columnComment\":\"зү©дёҡиҙ№IDпјҲдё»й”®пјү\",\"columnId\":44,\"columnName\":\"property_fee_id\",\"columnType\":\"bigint\",\"createBy\":\"admin\",\"createTime\":\"2026-03-25 21:02:36\",\"dictType\":\"\",\"edit\":false,\"htmlType\":\"input\",\"increment\":true,\"insert\":true,\"isIncrement\":\"1\",\"isInsert\":\"1\",\"isPk\":\"1\",\"isRequired\":\"0\",\"javaField\":\"propertyFeeId\",\"javaType\":\"Long\",\"list\":false,\"params\":{},\"pk\":true,\"query\":false,\"queryType\":\"EQ\",\"required\":false,\"sort\":1,\"superColumn\":false,\"tableId\":4,\"updateBy\":\"\",\"updateTime\":\"2026-03-25 21:05:35\",\"usableColumn\":false},{\"capJavaField\":\"UserId\",\"columnComment\":\"дёҡдё»IDпјҲе…іиҒ”community_userиЎЁidпјү\",\"columnId\":45,\"columnName\":\"user_id\",\"columnType\":\"bigint\",\"createBy\":\"admin\",\"createTime\":\"2026-03-25 21:02:36\",\"dictType\":\"\",\"edit\":true,\"htmlType\":\"input\",\"increment\":false,\"insert\":true,\"isEdit\":\"1\",\"isIncrement\":\"0\",\"isInsert\":\"1\",\"isList\":\"1\",\"isPk\":\"0\",\"isQuery\":\"1\",\"isRequired\":\"1\",\"javaField\":\"userId\",\"javaType\":\"Long\",\"list\":true,\"params\":{},\"pk\":false,\"query\":true,\"queryType\":\"EQ\",\"required\":true,\"sort\":2,\"superColumn\":false,\"tableId\":4,\"updateBy\":\"\",\"updateTime\":\"2026-03-25 21:05:35\",\"usableColumn\":false},{\"capJavaField\":\"UserName\",\"columnComment\":\"дёҡдё»е§“еҗҚпјҲеҶ—дҪҷпјү\",\"columnId\":46,\"columnName\":\"user_name\",\"columnType\":\"varchar(50)\",\"createBy\":\"admin\",\"createTime\":\"2026-03-25 21:02:36\",\"dictType\":\"\",\"edit\":true,\"htmlType\":\"input\",\"increment\":false,\"insert\":true,\"isEdit\":\"1\",\"isIncrement\":\"0\",\"isInsert\":\"1\",\"isList\":\"1\",\"isPk\":\"0\",\"isQuery\":\"1\",\"isRequired\":\"1\",\"javaField\":\"userName\",\"javaType\":\"String\",\"list\":true,\"params\":{},\"pk\":false,\"query\":true,\"queryType\":\"LIKE\",\"required\":true,\"sort\":3,\"superColumn\":false,\"tableId\":4,\"updateBy\":\"\",\"updateTime\":\"2026-03-25 21:05:35\",\"usableColumn\":false},{\"capJavaField\":\"UserRoom\",\"columnComment\":\"дёҡдё»жҲҝеҸ·пјҲеҶ—дҪҷпјү\",\"columnId\":47,\"columnName\":\"user_room\",\"columnType\":\"varchar(50)\",\"createBy\":\"admin\",\"createTime\":\"2026-03-25 21:02:36\",\"dictType\":\"\",\"ed', '{\"msg\":\"ж“ҚдҪңжҲҗеҠҹ\",\"code\":200}', 0, NULL, '2026-03-25 21:06:26', 58);
INSERT INTO `sys_oper_log` VALUES (142, 'д»Јз Ғз”ҹжҲҗ', 2, 'com.ruoyi.generator.controller.GenController.editSave()', 'PUT', 1, 'admin', 'з ”еҸ‘йғЁй—Ё', '/tool/gen', '127.0.0.1', 'еҶ…зҪ‘IP', '{\"businessName\":\"cos\",\"className\":\"CommunityPayment\",\"columns\":[{\"capJavaField\":\"Id\",\"columnComment\":\"дё»й”®ID\",\"columnId\":28,\"columnName\":\"id\",\"columnType\":\"bigint\",\"createBy\":\"admin\",\"createTime\":\"2026-03-19 12:39:12\",\"dictType\":\"\",\"edit\":false,\"htmlType\":\"input\",\"increment\":true,\"insert\":true,\"isIncrement\":\"1\",\"isInsert\":\"1\",\"isPk\":\"1\",\"isRequired\":\"0\",\"javaField\":\"id\",\"javaType\":\"Long\",\"list\":false,\"params\":{},\"pk\":true,\"query\":false,\"queryType\":\"EQ\",\"required\":false,\"sort\":1,\"superColumn\":false,\"tableId\":3,\"updateBy\":\"\",\"updateTime\":\"2026-03-25 20:12:36\",\"usableColumn\":false},{\"capJavaField\":\"UserId\",\"columnComment\":\"дёҡдё»IDпјҲе…іиҒ”sys_userиЎЁidпјү\",\"columnId\":29,\"columnName\":\"user_id\",\"columnType\":\"bigint\",\"createBy\":\"admin\",\"createTime\":\"2026-03-19 12:39:12\",\"dictType\":\"\",\"edit\":true,\"htmlType\":\"input\",\"increment\":false,\"insert\":true,\"isEdit\":\"1\",\"isIncrement\":\"0\",\"isInsert\":\"1\",\"isList\":\"1\",\"isPk\":\"0\",\"isQuery\":\"1\",\"isRequired\":\"1\",\"javaField\":\"userId\",\"javaType\":\"Long\",\"list\":true,\"params\":{},\"pk\":false,\"query\":true,\"queryType\":\"EQ\",\"required\":true,\"sort\":2,\"superColumn\":false,\"tableId\":3,\"updateBy\":\"\",\"updateTime\":\"2026-03-25 20:12:36\",\"usableColumn\":false},{\"capJavaField\":\"UserName\",\"columnComment\":\"дёҡдё»е§“еҗҚпјҲеҶ—дҪҷпјү\",\"columnId\":30,\"columnName\":\"user_name\",\"columnType\":\"varchar(50)\",\"createBy\":\"admin\",\"createTime\":\"2026-03-19 12:39:12\",\"dictType\":\"\",\"edit\":true,\"htmlType\":\"input\",\"increment\":false,\"insert\":true,\"isEdit\":\"1\",\"isIncrement\":\"0\",\"isInsert\":\"1\",\"isList\":\"1\",\"isPk\":\"0\",\"isQuery\":\"1\",\"isRequired\":\"1\",\"javaField\":\"userName\",\"javaType\":\"String\",\"list\":true,\"params\":{},\"pk\":false,\"query\":true,\"queryType\":\"LIKE\",\"required\":true,\"sort\":3,\"superColumn\":false,\"tableId\":3,\"updateBy\":\"\",\"updateTime\":\"2026-03-25 20:12:36\",\"usableColumn\":false},{\"capJavaField\":\"UserRoom\",\"columnComment\":\"дёҡдё»жҲҝеҸ·пјҲеҶ—дҪҷпјҡжҹҘиҜўйў‘ж¬Ўй«ҳпјү\",\"columnId\":31,\"columnName\":\"user_room\",\"columnType\":\"varchar(50)\",\"createBy\":\"admin\",\"createTime\":\"2026-03-19 12:39:12\",\"dictType\":\"\",\"edit\":true,\"htmlType\":\"input\",\"increment\":fal', '{\"msg\":\"ж“ҚдҪңжҲҗеҠҹ\",\"code\":200}', 0, NULL, '2026-03-25 21:06:43', 47);
INSERT INTO `sys_oper_log` VALUES (143, 'д»Јз Ғз”ҹжҲҗ', 2, 'com.ruoyi.generator.controller.GenController.editSave()', 'PUT', 1, 'admin', 'з ”еҸ‘йғЁй—Ё', '/tool/gen', '127.0.0.1', 'еҶ…зҪ‘IP', '{\"businessName\":\"wu\",\"className\":\"CommunityPropertyFee\",\"columns\":[{\"capJavaField\":\"PropertyFeeId\",\"columnComment\":\"зү©дёҡиҙ№IDпјҲдё»й”®пјү\",\"columnId\":44,\"columnName\":\"property_fee_id\",\"columnType\":\"bigint\",\"createBy\":\"admin\",\"createTime\":\"2026-03-25 21:02:36\",\"dictType\":\"\",\"edit\":false,\"htmlType\":\"input\",\"increment\":true,\"insert\":true,\"isIncrement\":\"1\",\"isInsert\":\"1\",\"isPk\":\"1\",\"isRequired\":\"0\",\"javaField\":\"propertyFeeId\",\"javaType\":\"Long\",\"list\":false,\"params\":{},\"pk\":true,\"query\":false,\"queryType\":\"EQ\",\"required\":false,\"sort\":1,\"superColumn\":false,\"tableId\":4,\"updateBy\":\"\",\"updateTime\":\"2026-03-25 21:06:25\",\"usableColumn\":false},{\"capJavaField\":\"UserId\",\"columnComment\":\"дёҡдё»IDпјҲе…іиҒ”community_userиЎЁidпјү\",\"columnId\":45,\"columnName\":\"user_id\",\"columnType\":\"bigint\",\"createBy\":\"admin\",\"createTime\":\"2026-03-25 21:02:36\",\"dictType\":\"\",\"edit\":true,\"htmlType\":\"input\",\"increment\":false,\"insert\":true,\"isEdit\":\"1\",\"isIncrement\":\"0\",\"isInsert\":\"1\",\"isList\":\"1\",\"isPk\":\"0\",\"isQuery\":\"1\",\"isRequired\":\"1\",\"javaField\":\"userId\",\"javaType\":\"Long\",\"list\":true,\"params\":{},\"pk\":false,\"query\":true,\"queryType\":\"EQ\",\"required\":true,\"sort\":2,\"superColumn\":false,\"tableId\":4,\"updateBy\":\"\",\"updateTime\":\"2026-03-25 21:06:25\",\"usableColumn\":false},{\"capJavaField\":\"UserName\",\"columnComment\":\"дёҡдё»е§“еҗҚпјҲеҶ—дҪҷпјү\",\"columnId\":46,\"columnName\":\"user_name\",\"columnType\":\"varchar(50)\",\"createBy\":\"admin\",\"createTime\":\"2026-03-25 21:02:36\",\"dictType\":\"\",\"edit\":true,\"htmlType\":\"input\",\"increment\":false,\"insert\":true,\"isEdit\":\"1\",\"isIncrement\":\"0\",\"isInsert\":\"1\",\"isList\":\"1\",\"isPk\":\"0\",\"isQuery\":\"1\",\"isRequired\":\"1\",\"javaField\":\"userName\",\"javaType\":\"String\",\"list\":true,\"params\":{},\"pk\":false,\"query\":true,\"queryType\":\"LIKE\",\"required\":true,\"sort\":3,\"superColumn\":false,\"tableId\":4,\"updateBy\":\"\",\"updateTime\":\"2026-03-25 21:06:25\",\"usableColumn\":false},{\"capJavaField\":\"UserRoom\",\"columnComment\":\"дёҡдё»жҲҝеҸ·пјҲеҶ—дҪҷпјү\",\"columnId\":47,\"columnName\":\"user_room\",\"columnType\":\"varchar(50)\",\"createBy\":\"admin\",\"createTime\":\"2026-03-25 21:02:36\",\"dictType\":\"\",\"ed', '{\"msg\":\"ж“ҚдҪңжҲҗеҠҹ\",\"code\":200}', 0, NULL, '2026-03-25 21:22:17', 104);
INSERT INTO `sys_oper_log` VALUES (144, 'иҸңеҚ•з®ЎзҗҶ', 3, 'com.ruoyi.web.controller.system.SysMenuController.remove()', 'DELETE', 1, 'admin', 'з ”еҸ‘йғЁй—Ё', '/system/menu/2006', '127.0.0.1', 'еҶ…зҪ‘IP', '2006 ', '{\"msg\":\"ж“ҚдҪңжҲҗеҠҹ\",\"code\":200}', 0, NULL, '2026-03-26 18:46:21', 29);
INSERT INTO `sys_oper_log` VALUES (145, 'иҸңеҚ•з®ЎзҗҶ', 3, 'com.ruoyi.web.controller.system.SysMenuController.remove()', 'DELETE', 1, 'admin', 'з ”еҸ‘йғЁй—Ё', '/system/menu/2007', '127.0.0.1', 'еҶ…зҪ‘IP', '2007 ', '{\"msg\":\"ж“ҚдҪңжҲҗеҠҹ\",\"code\":200}', 0, NULL, '2026-03-26 18:46:23', 17);
INSERT INTO `sys_oper_log` VALUES (146, 'иҸңеҚ•з®ЎзҗҶ', 3, 'com.ruoyi.web.controller.system.SysMenuController.remove()', 'DELETE', 1, 'admin', 'з ”еҸ‘йғЁй—Ё', '/system/menu/2008', '127.0.0.1', 'еҶ…зҪ‘IP', '2008 ', '{\"msg\":\"еӯҳеңЁеӯҗиҸңеҚ•,дёҚе…Ғи®ёеҲ йҷӨ\",\"code\":601}', 0, NULL, '2026-03-26 18:46:27', 5);
INSERT INTO `sys_oper_log` VALUES (147, 'иҸңеҚ•з®ЎзҗҶ', 3, 'com.ruoyi.web.controller.system.SysMenuController.remove()', 'DELETE', 1, 'admin', 'з ”еҸ‘йғЁй—Ё', '/system/menu/2011', '127.0.0.1', 'еҶ…зҪ‘IP', '2011 ', '{\"msg\":\"еӯҳеңЁеӯҗиҸңеҚ•,дёҚе…Ғи®ёеҲ йҷӨ\",\"code\":601}', 0, NULL, '2026-03-26 18:46:33', 5);
INSERT INTO `sys_oper_log` VALUES (148, 'иҸңеҚ•з®ЎзҗҶ', 3, 'com.ruoyi.web.controller.system.SysMenuController.remove()', 'DELETE', 1, 'admin', 'з ”еҸ‘йғЁй—Ё', '/system/menu/2018', '127.0.0.1', 'еҶ…зҪ‘IP', '2018 ', '{\"msg\":\"ж“ҚдҪңжҲҗеҠҹ\",\"code\":200}', 0, NULL, '2026-03-26 18:47:56', 14);
INSERT INTO `sys_oper_log` VALUES (149, 'иҸңеҚ•з®ЎзҗҶ', 3, 'com.ruoyi.web.controller.system.SysMenuController.remove()', 'DELETE', 1, 'admin', 'з ”еҸ‘йғЁй—Ё', '/system/menu/2019', '127.0.0.1', 'еҶ…зҪ‘IP', '2019 ', '{\"msg\":\"ж“ҚдҪңжҲҗеҠҹ\",\"code\":200}', 0, NULL, '2026-03-26 18:47:59', 16);
INSERT INTO `sys_oper_log` VALUES (150, 'иҸңеҚ•з®ЎзҗҶ', 3, 'com.ruoyi.web.controller.system.SysMenuController.remove()', 'DELETE', 1, 'admin', 'з ”еҸ‘йғЁй—Ё', '/system/menu/2020', '127.0.0.1', 'еҶ…зҪ‘IP', '2020 ', '{\"msg\":\"ж“ҚдҪңжҲҗеҠҹ\",\"code\":200}', 0, NULL, '2026-03-26 18:48:12', 11);
INSERT INTO `sys_oper_log` VALUES (151, 'иҸңеҚ•з®ЎзҗҶ', 3, 'com.ruoyi.web.controller.system.SysMenuController.remove()', 'DELETE', 1, 'admin', 'з ”еҸ‘йғЁй—Ё', '/system/menu/2021', '127.0.0.1', 'еҶ…зҪ‘IP', '2021 ', '{\"msg\":\"ж“ҚдҪңжҲҗеҠҹ\",\"code\":200}', 0, NULL, '2026-03-26 18:48:15', 12);
INSERT INTO `sys_oper_log` VALUES (152, 'иҸңеҚ•з®ЎзҗҶ', 3, 'com.ruoyi.web.controller.system.SysMenuController.remove()', 'DELETE', 1, 'admin', 'з ”еҸ‘йғЁй—Ё', '/system/menu/2022', '127.0.0.1', 'еҶ…зҪ‘IP', '2022 ', '{\"msg\":\"ж“ҚдҪңжҲҗеҠҹ\",\"code\":200}', 0, NULL, '2026-03-26 18:48:17', 13);
INSERT INTO `sys_oper_log` VALUES (153, 'иҸңеҚ•з®ЎзҗҶ', 3, 'com.ruoyi.web.controller.system.SysMenuController.remove()', 'DELETE', 1, 'admin', 'з ”еҸ‘йғЁй—Ё', '/system/menu/2017', '127.0.0.1', 'еҶ…зҪ‘IP', '2017 ', '{\"msg\":\"ж“ҚдҪңжҲҗеҠҹ\",\"code\":200}', 0, NULL, '2026-03-26 18:48:20', 13);
INSERT INTO `sys_oper_log` VALUES (154, 'иҸңеҚ•з®ЎзҗҶ', 2, 'com.ruoyi.web.controller.system.SysMenuController.edit()', 'PUT', 1, 'admin', 'з ”еҸ‘йғЁй—Ё', '/system/menu', '127.0.0.1', 'еҶ…зҪ‘IP', '{\"children\":[],\"component\":\"cost/cos/index\",\"createTime\":\"2026-03-25 20:44:01\",\"icon\":\"#\",\"isCache\":\"0\",\"isFrame\":\"1\",\"menuId\":2011,\"menuName\":\"е°ҸеҢәзјҙиҙ№з®ЎзҗҶ\",\"menuType\":\"C\",\"orderNum\":1,\"params\":{},\"parentId\":2004,\"path\":\"cos\",\"perms\":\"cost:cos:list\",\"routeName\":\"\",\"status\":\"0\",\"visible\":\"0\"} ', '{\"msg\":\"дҝ®ж”№иҸңеҚ•\'е°ҸеҢәзјҙиҙ№з®ЎзҗҶ\'еӨұиҙҘпјҢиҸңеҚ•еҗҚз§°е·ІеӯҳеңЁ\",\"code\":500}', 0, NULL, '2026-03-26 18:49:28', 11);
INSERT INTO `sys_oper_log` VALUES (155, 'иҸңеҚ•з®ЎзҗҶ', 2, 'com.ruoyi.web.controller.system.SysMenuController.edit()', 'PUT', 1, 'admin', 'з ”еҸ‘йғЁй—Ё', '/system/menu', '127.0.0.1', 'еҶ…зҪ‘IP', '{\"children\":[],\"component\":\"cost/cos/index\",\"createTime\":\"2026-03-25 20:44:01\",\"icon\":\"#\",\"isCache\":\"0\",\"isFrame\":\"1\",\"menuId\":2011,\"menuName\":\"е°ҸеҢәзјҙиҙ№\",\"menuType\":\"C\",\"orderNum\":1,\"params\":{},\"parentId\":2004,\"path\":\"cos\",\"perms\":\"cost:cos:list\",\"routeName\":\"\",\"status\":\"0\",\"updateBy\":\"admin\",\"visible\":\"0\"} ', '{\"msg\":\"ж“ҚдҪңжҲҗеҠҹ\",\"code\":200}', 0, NULL, '2026-03-26 18:49:43', 16);
INSERT INTO `sys_oper_log` VALUES (156, 'иҸңеҚ•з®ЎзҗҶ', 3, 'com.ruoyi.web.controller.system.SysMenuController.remove()', 'DELETE', 1, 'admin', 'з ”еҸ‘йғЁй—Ё', '/system/menu/2008', '127.0.0.1', 'еҶ…зҪ‘IP', '2008 ', '{\"msg\":\"ж“ҚдҪңжҲҗеҠҹ\",\"code\":200}', 0, NULL, '2026-03-26 18:49:49', 22);
INSERT INTO `sys_oper_log` VALUES (157, 'иҸңеҚ•з®ЎзҗҶ', 3, 'com.ruoyi.web.controller.system.SysMenuController.remove()', 'DELETE', 1, 'admin', 'з ”еҸ‘йғЁй—Ё', '/system/menu/2012', '127.0.0.1', 'еҶ…зҪ‘IP', '2012 ', '{\"msg\":\"ж“ҚдҪңжҲҗеҠҹ\",\"code\":200}', 0, NULL, '2026-03-26 18:50:23', 14);
INSERT INTO `sys_oper_log` VALUES (158, 'иҸңеҚ•з®ЎзҗҶ', 3, 'com.ruoyi.web.controller.system.SysMenuController.remove()', 'DELETE', 1, 'admin', 'з ”еҸ‘йғЁй—Ё', '/system/menu/2013', '127.0.0.1', 'еҶ…зҪ‘IP', '2013 ', '{\"msg\":\"ж“ҚдҪңжҲҗеҠҹ\",\"code\":200}', 0, NULL, '2026-03-26 18:50:26', 15);
INSERT INTO `sys_oper_log` VALUES (159, 'иҸңеҚ•з®ЎзҗҶ', 3, 'com.ruoyi.web.controller.system.SysMenuController.remove()', 'DELETE', 1, 'admin', 'з ”еҸ‘йғЁй—Ё', '/system/menu/2014', '127.0.0.1', 'еҶ…зҪ‘IP', '2014 ', '{\"msg\":\"ж“ҚдҪңжҲҗеҠҹ\",\"code\":200}', 0, NULL, '2026-03-26 18:50:29', 16);
INSERT INTO `sys_oper_log` VALUES (160, 'иҸңеҚ•з®ЎзҗҶ', 3, 'com.ruoyi.web.controller.system.SysMenuController.remove()', 'DELETE', 1, 'admin', 'з ”еҸ‘йғЁй—Ё', '/system/menu/2015', '127.0.0.1', 'еҶ…зҪ‘IP', '2015 ', '{\"msg\":\"ж“ҚдҪңжҲҗеҠҹ\",\"code\":200}', 0, NULL, '2026-03-26 18:50:31', 16);
INSERT INTO `sys_oper_log` VALUES (161, 'иҸңеҚ•з®ЎзҗҶ', 3, 'com.ruoyi.web.controller.system.SysMenuController.remove()', 'DELETE', 1, 'admin', 'з ”еҸ‘йғЁй—Ё', '/system/menu/2016', '127.0.0.1', 'еҶ…зҪ‘IP', '2016 ', '{\"msg\":\"ж“ҚдҪңжҲҗеҠҹ\",\"code\":200}', 0, NULL, '2026-03-26 18:50:34', 17);
INSERT INTO `sys_oper_log` VALUES (162, 'иҸңеҚ•з®ЎзҗҶ', 3, 'com.ruoyi.web.controller.system.SysMenuController.remove()', 'DELETE', 1, 'admin', 'з ”еҸ‘йғЁй—Ё', '/system/menu/2011', '127.0.0.1', 'еҶ…зҪ‘IP', '2011 ', '{\"msg\":\"ж“ҚдҪңжҲҗеҠҹ\",\"code\":200}', 0, NULL, '2026-03-26 18:50:36', 15);
INSERT INTO `sys_oper_log` VALUES (163, 'иҸңеҚ•з®ЎзҗҶ', 1, 'com.ruoyi.web.controller.system.SysMenuController.add()', 'POST', 1, 'admin', 'з ”еҸ‘йғЁй—Ё', '/system/menu', '127.0.0.1', 'еҶ…зҪ‘IP', '{\"children\":[],\"createBy\":\"admin\",\"isCache\":\"0\",\"isFrame\":\"1\",\"menuName\":\"жҠ•иҜүз®ЎзҗҶ\",\"menuType\":\"C\",\"orderNum\":1,\"params\":{},\"parentId\":0,\"path\":\"chart\",\"status\":\"0\",\"visible\":\"0\"} ', '{\"msg\":\"ж“ҚдҪңжҲҗеҠҹ\",\"code\":200}', 0, NULL, '2026-03-26 19:42:34', 37);
INSERT INTO `sys_oper_log` VALUES (164, 'иҸңеҚ•з®ЎзҗҶ', 1, 'com.ruoyi.web.controller.system.SysMenuController.add()', 'POST', 1, 'admin', 'з ”еҸ‘йғЁй—Ё', '/system/menu', '127.0.0.1', 'еҶ…зҪ‘IP', '{\"children\":[],\"createBy\":\"admin\",\"icon\":\"bug\",\"isCache\":\"0\",\"isFrame\":\"1\",\"menuName\":\"жҠ•иҜүе»әи®®\",\"menuType\":\"C\",\"orderNum\":1,\"params\":{},\"parentId\":0,\"path\":\"test01\",\"status\":\"0\",\"visible\":\"0\"} ', '{\"msg\":\"ж“ҚдҪңжҲҗеҠҹ\",\"code\":200}', 0, NULL, '2026-03-27 19:05:32', 39);
INSERT INTO `sys_oper_log` VALUES (165, 'иҸңеҚ•з®ЎзҗҶ', 3, 'com.ruoyi.web.controller.system.SysMenuController.remove()', 'DELETE', 1, 'admin', 'з ”еҸ‘йғЁй—Ё', '/system/menu/2023', '127.0.0.1', 'еҶ…зҪ‘IP', '2023 ', '{\"msg\":\"ж“ҚдҪңжҲҗеҠҹ\",\"code\":200}', 0, NULL, '2026-03-27 19:05:42', 22);
INSERT INTO `sys_oper_log` VALUES (166, 'иҸңеҚ•з®ЎзҗҶ', 1, 'com.ruoyi.web.controller.system.SysMenuController.add()', 'POST', 1, 'admin', 'з ”еҸ‘йғЁй—Ё', '/system/menu', '127.0.0.1', 'еҶ…зҪ‘IP', '{\"children\":[],\"component\":\"test01/complaint/complaint/ind\",\"createBy\":\"admin\",\"isCache\":\"0\",\"isFrame\":\"1\",\"menuName\":\"е°ҸеҢәжҠ•иҜүз®ЎзҗҶ\",\"menuType\":\"C\",\"orderNum\":1,\"params\":{},\"parentId\":2024,\"path\":\"complaint\",\"perms\":\"test01пјҡcomplaintпјҡcomplaintпјҡind\",\"status\":\"0\",\"visible\":\"0\"} ', '{\"msg\":\"ж“ҚдҪңжҲҗеҠҹ\",\"code\":200}', 0, NULL, '2026-03-27 19:07:19', 20);
INSERT INTO `sys_oper_log` VALUES (167, 'иҸңеҚ•з®ЎзҗҶ', 2, 'com.ruoyi.web.controller.system.SysMenuController.edit()', 'PUT', 1, 'admin', 'з ”еҸ‘йғЁй—Ё', '/system/menu', '127.0.0.1', 'еҶ…зҪ‘IP', '{\"children\":[],\"component\":\"test01/complaint/complaint/index\",\"createTime\":\"2026-03-27 19:07:19\",\"icon\":\"#\",\"isCache\":\"0\",\"isFrame\":\"1\",\"menuId\":2025,\"menuName\":\"е°ҸеҢәжҠ•иҜүз®ЎзҗҶ\",\"menuType\":\"C\",\"orderNum\":1,\"params\":{},\"parentId\":2024,\"path\":\"complaint\",\"perms\":\"test01пјҡcomplaintпјҡcomplaintпјҡindex\",\"routeName\":\"\",\"status\":\"0\",\"updateBy\":\"admin\",\"visible\":\"0\"} ', '{\"msg\":\"ж“ҚдҪңжҲҗеҠҹ\",\"code\":200}', 0, NULL, '2026-03-27 19:08:45', 21);
INSERT INTO `sys_oper_log` VALUES (168, 'д»Јз Ғз”ҹжҲҗ', 6, 'com.ruoyi.generator.controller.GenController.importTableSave()', 'POST', 1, 'admin', 'з ”еҸ‘йғЁй—Ё', '/tool/gen/importTable', '127.0.0.1', 'еҶ…зҪ‘IP', '{\"tables\":\"community_takeout,community_user,community_water_fee,community_activity,community_electricity_fee,community_space_reservation,community_medal,community_repair,community_repair_order,community_points\",\"tplWebType\":\"element-ui\"}', '{\"msg\":\"ж“ҚдҪңжҲҗеҠҹ\",\"code\":200}', 0, NULL, '2026-03-27 19:15:18', 804);
INSERT INTO `sys_oper_log` VALUES (169, 'иҸңеҚ•з®ЎзҗҶ', 1, 'com.ruoyi.web.controller.system.SysMenuController.add()', 'POST', 1, 'admin', 'з ”еҸ‘йғЁй—Ё', '/system/menu', '127.0.0.1', 'еҶ…зҪ‘IP', '{\"children\":[],\"createBy\":\"admin\",\"icon\":\"github\",\"isCache\":\"0\",\"isFrame\":\"1\",\"menuName\":\"йў„зәҰз®ЎзҗҶ\",\"menuType\":\"M\",\"orderNum\":1,\"params\":{},\"parentId\":0,\"path\":\"test03\",\"status\":\"0\",\"visible\":\"0\"} ', '{\"msg\":\"ж“ҚдҪңжҲҗеҠҹ\",\"code\":200}', 0, NULL, '2026-03-27 19:16:42', 20);
INSERT INTO `sys_oper_log` VALUES (170, 'иҸңеҚ•з®ЎзҗҶ', 1, 'com.ruoyi.web.controller.system.SysMenuController.add()', 'POST', 1, 'admin', 'з ”еҸ‘йғЁй—Ё', '/system/menu', '127.0.0.1', 'еҶ…зҪ‘IP', '{\"children\":[],\"component\":\"test03/appolntments/index\",\"createBy\":\"admin\",\"icon\":\"guide\",\"isCache\":\"0\",\"isFrame\":\"1\",\"menuName\":\"е°ҸеҢәйў„зәҰз®ЎзҗҶ\",\"menuType\":\"C\",\"orderNum\":1,\"params\":{},\"parentId\":2026,\"path\":\"appolntments\",\"perms\":\"test03пјҡappolntmentsпјҡindex\",\"status\":\"0\",\"visible\":\"0\"} ', '{\"msg\":\"ж“ҚдҪңжҲҗеҠҹ\",\"code\":200}', 0, NULL, '2026-03-27 19:18:32', 16);
INSERT INTO `sys_oper_log` VALUES (171, 'иҸңеҚ•з®ЎзҗҶ', 3, 'com.ruoyi.web.controller.system.SysMenuController.remove()', 'DELETE', 1, 'admin', 'з ”еҸ‘йғЁй—Ё', '/system/menu/2025', '127.0.0.1', 'еҶ…зҪ‘IP', '2025 ', '{\"msg\":\"ж“ҚдҪңжҲҗеҠҹ\",\"code\":200}', 0, NULL, '2026-03-27 19:19:17', 17);
INSERT INTO `sys_oper_log` VALUES (172, 'иҸңеҚ•з®ЎзҗҶ', 1, 'com.ruoyi.web.controller.system.SysMenuController.add()', 'POST', 1, 'admin', 'з ”еҸ‘йғЁй—Ё', '/system/menu', '127.0.0.1', 'еҶ…зҪ‘IP', '{\"children\":[],\"component\":\"test01/complaint/complaint/index\",\"createBy\":\"admin\",\"icon\":\"clipboard\",\"isCache\":\"0\",\"isFrame\":\"1\",\"menuName\":\"е°ҸеҢәжҠ•иҜүз®ЎзҗҶ\",\"menuType\":\"C\",\"orderNum\":1,\"params\":{},\"parentId\":2024,\"path\":\"complaint\",\"perms\":\"test01пјҡcomplaintпјҡcomplaintпјҡindex\",\"status\":\"0\",\"visible\":\"0\"} ', '{\"msg\":\"ж“ҚдҪңжҲҗеҠҹ\",\"code\":200}', 0, NULL, '2026-03-27 19:20:39', 14);
INSERT INTO `sys_oper_log` VALUES (173, 'иҸңеҚ•з®ЎзҗҶ', 2, 'com.ruoyi.web.controller.system.SysMenuController.edit()', 'PUT', 1, 'admin', 'з ”еҸ‘йғЁй—Ё', '/system/menu', '127.0.0.1', 'еҶ…зҪ‘IP', '{\"children\":[],\"createTime\":\"2026-03-27 19:05:32\",\"icon\":\"bug\",\"isCache\":\"0\",\"isFrame\":\"1\",\"menuId\":2024,\"menuName\":\"жҠ•иҜүе»әи®®\",\"menuType\":\"M\",\"orderNum\":1,\"params\":{},\"parentId\":0,\"path\":\"test01\",\"perms\":\"\",\"routeName\":\"\",\"status\":\"0\",\"updateBy\":\"admin\",\"visible\":\"0\"} ', '{\"msg\":\"ж“ҚдҪңжҲҗеҠҹ\",\"code\":200}', 0, NULL, '2026-03-27 19:21:31', 16);
INSERT INTO `sys_oper_log` VALUES (174, 'иҸңеҚ•з®ЎзҗҶ', 3, 'com.ruoyi.web.controller.system.SysMenuController.remove()', 'DELETE', 1, 'admin', 'з ”еҸ‘йғЁй—Ё', '/system/menu/2024', '127.0.0.1', 'еҶ…зҪ‘IP', '2024 ', '{\"msg\":\"еӯҳеңЁеӯҗиҸңеҚ•,дёҚе…Ғи®ёеҲ йҷӨ\",\"code\":601}', 0, NULL, '2026-03-27 19:21:37', 4);
INSERT INTO `sys_oper_log` VALUES (175, 'иҸңеҚ•з®ЎзҗҶ', 3, 'com.ruoyi.web.controller.system.SysMenuController.remove()', 'DELETE', 1, 'admin', 'з ”еҸ‘йғЁй—Ё', '/system/menu/2028', '127.0.0.1', 'еҶ…зҪ‘IP', '2028 ', '{\"msg\":\"ж“ҚдҪңжҲҗеҠҹ\",\"code\":200}', 0, NULL, '2026-03-27 19:21:40', 11);
INSERT INTO `sys_oper_log` VALUES (176, 'иҸңеҚ•з®ЎзҗҶ', 3, 'com.ruoyi.web.controller.system.SysMenuController.remove()', 'DELETE', 1, 'admin', 'з ”еҸ‘йғЁй—Ё', '/system/menu/2024', '127.0.0.1', 'еҶ…зҪ‘IP', '2024 ', '{\"msg\":\"ж“ҚдҪңжҲҗеҠҹ\",\"code\":200}', 0, NULL, '2026-03-27 19:21:45', 11);
INSERT INTO `sys_oper_log` VALUES (177, 'иҸңеҚ•з®ЎзҗҶ', 1, 'com.ruoyi.web.controller.system.SysMenuController.add()', 'POST', 1, 'admin', 'з ”еҸ‘йғЁй—Ё', '/system/menu', '127.0.0.1', 'еҶ…зҪ‘IP', '{\"children\":[],\"createBy\":\"admin\",\"icon\":\"bug\",\"isCache\":\"0\",\"isFrame\":\"1\",\"menuName\":\"жҠ•иҜүе»әи®®\",\"menuType\":\"M\",\"orderNum\":1,\"params\":{},\"parentId\":0,\"path\":\"test01\",\"status\":\"0\",\"visible\":\"0\"} ', '{\"msg\":\"ж“ҚдҪңжҲҗеҠҹ\",\"code\":200}', 0, NULL, '2026-03-27 19:22:25', 9);
INSERT INTO `sys_oper_log` VALUES (178, 'иҸңеҚ•з®ЎзҗҶ', 1, 'com.ruoyi.web.controller.system.SysMenuController.add()', 'POST', 1, 'admin', 'з ”еҸ‘йғЁй—Ё', '/system/menu', '127.0.0.1', 'еҶ…зҪ‘IP', '{\"children\":[],\"component\":\"test01/complaint/complaint/index\",\"createBy\":\"admin\",\"icon\":\"button\",\"isCache\":\"0\",\"isFrame\":\"1\",\"menuName\":\"е°ҸеҢәжҠ•иҜүз®ЎзҗҶ\",\"menuType\":\"C\",\"orderNum\":1,\"params\":{},\"parentId\":2029,\"path\":\"complaint\",\"perms\":\"test01:complaint:complaint:index\",\"status\":\"0\",\"visible\":\"0\"} ', '{\"msg\":\"ж“ҚдҪңжҲҗеҠҹ\",\"code\":200}', 0, NULL, '2026-03-27 19:23:46', 11);
INSERT INTO `sys_oper_log` VALUES (179, 'иҸңеҚ•з®ЎзҗҶ', 2, 'com.ruoyi.web.controller.system.SysMenuController.edit()', 'PUT', 1, 'admin', 'з ”еҸ‘йғЁй—Ё', '/system/menu', '127.0.0.1', 'еҶ…зҪ‘IP', '{\"children\":[],\"component\":\"test03/appointments/index\",\"createTime\":\"2026-03-27 19:18:32\",\"icon\":\"guide\",\"isCache\":\"0\",\"isFrame\":\"1\",\"menuId\":2027,\"menuName\":\"е°ҸеҢәйў„зәҰз®ЎзҗҶ\",\"menuType\":\"C\",\"orderNum\":1,\"params\":{},\"parentId\":2026,\"path\":\"appointments\",\"perms\":\"test03пјҡappointmentsпјҡindex\",\"routeName\":\"\",\"status\":\"0\",\"updateBy\":\"admin\",\"visible\":\"0\"} ', '{\"msg\":\"ж“ҚдҪңжҲҗеҠҹ\",\"code\":200}', 0, NULL, '2026-03-27 19:27:38', 13);
INSERT INTO `sys_oper_log` VALUES (180, 'иҸңеҚ•з®ЎзҗҶ', 1, 'com.ruoyi.web.controller.system.SysMenuController.add()', 'POST', 1, 'admin', 'з ”еҸ‘йғЁй—Ё', '/system/menu', '127.0.0.1', 'еҶ…зҪ‘IP', '{\"children\":[],\"createBy\":\"admin\",\"icon\":\"example\",\"isCache\":\"0\",\"isFrame\":\"1\",\"menuName\":\"й©ҝз«ҷжңҚеҠЎ\",\"menuType\":\"M\",\"orderNum\":1,\"params\":{},\"parentId\":0,\"path\":\"/test01\",\"status\":\"0\",\"visible\":\"0\"} ', '{\"msg\":\"ж“ҚдҪңжҲҗеҠҹ\",\"code\":200}', 0, NULL, '2026-03-27 19:29:24', 13);
INSERT INTO `sys_oper_log` VALUES (181, 'иҸңеҚ•з®ЎзҗҶ', 2, 'com.ruoyi.web.controller.system.SysMenuController.edit()', 'PUT', 1, 'admin', 'з ”еҸ‘йғЁй—Ё', '/system/menu', '127.0.0.1', 'еҶ…зҪ‘IP', '{\"children\":[],\"createTime\":\"2026-03-27 19:29:24\",\"icon\":\"example\",\"isCache\":\"0\",\"isFrame\":\"1\",\"menuId\":2031,\"menuName\":\"й©ҝз«ҷжңҚеҠЎ\",\"menuType\":\"M\",\"orderNum\":1,\"params\":{},\"parentId\":0,\"path\":\"test\",\"perms\":\"\",\"routeName\":\"\",\"status\":\"0\",\"updateBy\":\"admin\",\"visible\":\"0\"} ', '{\"msg\":\"ж“ҚдҪңжҲҗеҠҹ\",\"code\":200}', 0, NULL, '2026-03-27 19:29:50', 21);
INSERT INTO `sys_oper_log` VALUES (182, 'иҸңеҚ•з®ЎзҗҶ', 1, 'com.ruoyi.web.controller.system.SysMenuController.add()', 'POST', 1, 'admin', 'з ”еҸ‘йғЁй—Ё', '/system/menu', '127.0.0.1', 'еҶ…зҪ‘IP', '{\"children\":[],\"component\":\"test/station/station/index\",\"createBy\":\"admin\",\"icon\":\"chart\",\"isCache\":\"0\",\"isFrame\":\"1\",\"menuName\":\"е°ҸеҢәй©ҝз«ҷжңҚеҠЎ\",\"menuType\":\"C\",\"orderNum\":1,\"params\":{},\"parentId\":2031,\"path\":\"station\",\"perms\":\"testпјҡstationпјҡstationпјҡindex\",\"status\":\"0\",\"visible\":\"0\"} ', '{\"msg\":\"ж“ҚдҪңжҲҗеҠҹ\",\"code\":200}', 0, NULL, '2026-03-27 19:31:29', 11);
INSERT INTO `sys_oper_log` VALUES (183, 'иҸңеҚ•з®ЎзҗҶ', 1, 'com.ruoyi.web.controller.system.SysMenuController.add()', 'POST', 1, 'admin', 'з ”еҸ‘йғЁй—Ё', '/system/menu', '127.0.0.1', 'еҶ…зҪ‘IP', '{\"children\":[],\"component\":\"test/takeout/takeout/index\",\"createBy\":\"admin\",\"icon\":\"shopping\",\"isCache\":\"0\",\"isFrame\":\"1\",\"menuName\":\"е°ҸеҢәеӨ–еҚ–и®ўеҚ•\",\"menuType\":\"C\",\"orderNum\":1,\"params\":{},\"parentId\":2031,\"path\":\"takeout\",\"perms\":\"testпјҡtakeoutпјҡtakeoutпјҡindex\",\"status\":\"0\",\"visible\":\"0\"} ', '{\"msg\":\"ж“ҚдҪңжҲҗеҠҹ\",\"code\":200}', 0, NULL, '2026-03-27 19:32:50', 12);
INSERT INTO `sys_oper_log` VALUES (184, 'д»Јз Ғз”ҹжҲҗ', 3, 'com.ruoyi.generator.controller.GenController.remove()', 'DELETE', 1, 'admin', 'з ”еҸ‘йғЁй—Ё', '/tool/gen/6', '127.0.0.1', 'еҶ…зҪ‘IP', '[6] ', '{\"msg\":\"ж“ҚдҪңжҲҗеҠҹ\",\"code\":200}', 0, NULL, '2026-03-27 19:36:12', 17);
INSERT INTO `sys_oper_log` VALUES (185, 'д»Јз Ғз”ҹжҲҗ', 3, 'com.ruoyi.generator.controller.GenController.remove()', 'DELETE', 1, 'admin', 'з ”еҸ‘йғЁй—Ё', '/tool/gen/14', '127.0.0.1', 'еҶ…зҪ‘IP', '[14] ', '{\"msg\":\"ж“ҚдҪңжҲҗеҠҹ\",\"code\":200}', 0, NULL, '2026-03-27 19:36:19', 11);
INSERT INTO `sys_oper_log` VALUES (186, 'д»Јз Ғз”ҹжҲҗ', 6, 'com.ruoyi.generator.controller.GenController.importTableSave()', 'POST', 1, 'admin', 'з ”еҸ‘йғЁй—Ё', '/tool/gen/importTable', '127.0.0.1', 'еҶ…зҪ‘IP', '{\"tables\":\"community_station\",\"tplWebType\":\"element-ui\"}', '{\"msg\":\"ж“ҚдҪңжҲҗеҠҹ\",\"code\":200}', 0, NULL, '2026-03-27 19:36:40', 53);
INSERT INTO `sys_oper_log` VALUES (187, 'иҸңеҚ•з®ЎзҗҶ', 2, 'com.ruoyi.web.controller.system.SysMenuController.edit()', 'PUT', 1, 'admin', 'з ”еҸ‘йғЁй—Ё', '/system/menu', '127.0.0.1', 'еҶ…зҪ‘IP', '{\"children\":[],\"component\":\"test01/station/station/index\",\"createTime\":\"2026-03-27 19:31:29\",\"icon\":\"chart\",\"isCache\":\"0\",\"isFrame\":\"1\",\"menuId\":2032,\"menuName\":\"е°ҸеҢәй©ҝз«ҷжңҚеҠЎ\",\"menuType\":\"C\",\"orderNum\":1,\"params\":{},\"parentId\":2031,\"path\":\"station\",\"perms\":\"test01пјҡstationпјҡstationпјҡindex\",\"routeName\":\"\",\"status\":\"0\",\"updateBy\":\"admin\",\"visible\":\"0\"} ', '{\"msg\":\"ж“ҚдҪңжҲҗеҠҹ\",\"code\":200}', 0, NULL, '2026-03-27 19:46:51', 14);
INSERT INTO `sys_oper_log` VALUES (188, 'иҸңеҚ•з®ЎзҗҶ', 2, 'com.ruoyi.web.controller.system.SysMenuController.edit()', 'PUT', 1, 'admin', 'з ”еҸ‘йғЁй—Ё', '/system/menu', '127.0.0.1', 'еҶ…зҪ‘IP', '{\"children\":[],\"component\":\"test01/takeout/takeout/index\",\"createTime\":\"2026-03-27 19:32:50\",\"icon\":\"shopping\",\"isCache\":\"0\",\"isFrame\":\"1\",\"menuId\":2033,\"menuName\":\"е°ҸеҢәеӨ–еҚ–и®ўеҚ•\",\"menuType\":\"C\",\"orderNum\":1,\"params\":{},\"parentId\":2031,\"path\":\"takeout\",\"perms\":\"test01пјҡtakeoutпјҡtakeoutпјҡindex\",\"routeName\":\"\",\"status\":\"0\",\"updateBy\":\"admin\",\"visible\":\"0\"} ', '{\"msg\":\"ж“ҚдҪңжҲҗеҠҹ\",\"code\":200}', 0, NULL, '2026-03-27 19:47:02', 11);
INSERT INTO `sys_oper_log` VALUES (189, 'иҸңеҚ•з®ЎзҗҶ', 2, 'com.ruoyi.web.controller.system.SysMenuController.edit()', 'PUT', 1, 'admin', 'з ”еҸ‘йғЁй—Ё', '/system/menu', '127.0.0.1', 'еҶ…зҪ‘IP', '{\"children\":[],\"component\":\"test/station/station/index\",\"createTime\":\"2026-03-27 19:31:29\",\"icon\":\"chart\",\"isCache\":\"0\",\"isFrame\":\"1\",\"menuId\":2032,\"menuName\":\"е°ҸеҢәй©ҝз«ҷжңҚеҠЎ\",\"menuType\":\"C\",\"orderNum\":1,\"params\":{},\"parentId\":2031,\"path\":\"station\",\"perms\":\"testпјҡstationпјҡstationпјҡindex\",\"routeName\":\"\",\"status\":\"0\",\"updateBy\":\"admin\",\"visible\":\"0\"} ', '{\"msg\":\"ж“ҚдҪңжҲҗеҠҹ\",\"code\":200}', 0, NULL, '2026-03-27 19:48:58', 13);
INSERT INTO `sys_oper_log` VALUES (190, 'иҸңеҚ•з®ЎзҗҶ', 2, 'com.ruoyi.web.controller.system.SysMenuController.edit()', 'PUT', 1, 'admin', 'з ”еҸ‘йғЁй—Ё', '/system/menu', '127.0.0.1', 'еҶ…зҪ‘IP', '{\"children\":[],\"component\":\"test/takeout/takeout/index\",\"createTime\":\"2026-03-27 19:32:50\",\"icon\":\"shopping\",\"isCache\":\"0\",\"isFrame\":\"1\",\"menuId\":2033,\"menuName\":\"е°ҸеҢәеӨ–еҚ–и®ўеҚ•\",\"menuType\":\"C\",\"orderNum\":1,\"params\":{},\"parentId\":2031,\"path\":\"takeout\",\"perms\":\"testпјҡtakeoutпјҡtakeoutпјҡindex\",\"routeName\":\"\",\"status\":\"0\",\"updateBy\":\"admin\",\"visible\":\"0\"} ', '{\"msg\":\"ж“ҚдҪңжҲҗеҠҹ\",\"code\":200}', 0, NULL, '2026-03-27 19:49:06', 11);
INSERT INTO `sys_oper_log` VALUES (191, 'д»Јз Ғз”ҹжҲҗ', 2, 'com.ruoyi.generator.controller.GenController.editSave()', 'PUT', 1, 'admin', 'з ”еҸ‘йғЁй—Ё', '/tool/gen', '127.0.0.1', 'еҶ…зҪ‘IP', '{\"businessName\":\"station\",\"className\":\"CommunityStation\",\"columns\":[{\"capJavaField\":\"Id\",\"columnComment\":\"дё»й”®ID\",\"columnId\":221,\"columnName\":\"id\",\"columnType\":\"bigint\",\"createBy\":\"admin\",\"createTime\":\"2026-03-27 19:36:40\",\"dictType\":\"\",\"edit\":false,\"htmlType\":\"input\",\"increment\":true,\"insert\":true,\"isIncrement\":\"1\",\"isInsert\":\"1\",\"isPk\":\"1\",\"isRequired\":\"0\",\"javaField\":\"id\",\"javaType\":\"Long\",\"list\":false,\"params\":{},\"pk\":true,\"query\":false,\"queryType\":\"EQ\",\"required\":false,\"sort\":1,\"superColumn\":false,\"tableId\":15,\"updateBy\":\"\",\"usableColumn\":false},{\"capJavaField\":\"ExpressNo\",\"columnComment\":\"еҝ«йҖ’еҚ•еҸ·пјҲе”ҜдёҖпјү\",\"columnId\":222,\"columnName\":\"express_no\",\"columnType\":\"varchar(64)\",\"createBy\":\"admin\",\"createTime\":\"2026-03-27 19:36:40\",\"dictType\":\"\",\"edit\":true,\"htmlType\":\"input\",\"increment\":false,\"insert\":true,\"isEdit\":\"1\",\"isIncrement\":\"0\",\"isInsert\":\"1\",\"isList\":\"1\",\"isPk\":\"0\",\"isQuery\":\"1\",\"isRequired\":\"1\",\"javaField\":\"expressNo\",\"javaType\":\"String\",\"list\":true,\"params\":{},\"pk\":false,\"query\":true,\"queryType\":\"EQ\",\"required\":true,\"sort\":2,\"superColumn\":false,\"tableId\":15,\"updateBy\":\"\",\"usableColumn\":false},{\"capJavaField\":\"UserId\",\"columnComment\":\"дёҡдё»IDпјҲе…іиҒ”sys_userиЎЁidпјү\",\"columnId\":223,\"columnName\":\"user_id\",\"columnType\":\"bigint\",\"createBy\":\"admin\",\"createTime\":\"2026-03-27 19:36:40\",\"dictType\":\"\",\"edit\":true,\"htmlType\":\"input\",\"increment\":false,\"insert\":true,\"isEdit\":\"1\",\"isIncrement\":\"0\",\"isInsert\":\"1\",\"isList\":\"1\",\"isPk\":\"0\",\"isQuery\":\"1\",\"isRequired\":\"1\",\"javaField\":\"userId\",\"javaType\":\"Long\",\"list\":true,\"params\":{},\"pk\":false,\"query\":true,\"queryType\":\"EQ\",\"required\":true,\"sort\":3,\"superColumn\":false,\"tableId\":15,\"updateBy\":\"\",\"usableColumn\":false},{\"capJavaField\":\"UserName\",\"columnComment\":\"дёҡдё»е§“еҗҚпјҲеҶ—дҪҷпјү\",\"columnId\":224,\"columnName\":\"user_name\",\"columnType\":\"varchar(50)\",\"createBy\":\"admin\",\"createTime\":\"2026-03-27 19:36:40\",\"dictType\":\"\",\"edit\":true,\"htmlType\":\"input\",\"increment\":false,\"insert\":true,\"isEdit\":\"1\",\"isIncrement\":\"0\",\"isInsert\":\"1\",\"isList\":\"1\",\"isPk\":\"0\",\"isQuery\":\"1', '{\"msg\":\"ж“ҚдҪңжҲҗеҠҹ\",\"code\":200}', 0, NULL, '2026-03-27 19:54:51', 79);
INSERT INTO `sys_oper_log` VALUES (192, 'иҸңеҚ•з®ЎзҗҶ', 1, 'com.ruoyi.web.controller.system.SysMenuController.add()', 'POST', 1, 'admin', 'з ”еҸ‘йғЁй—Ё', '/system/menu', '127.0.0.1', 'еҶ…зҪ‘IP', '{\"children\":[],\"createBy\":\"admin\",\"icon\":\"message\",\"isCache\":\"0\",\"isFrame\":\"1\",\"menuName\":\"йҖҡзҹҘз®ЎзҗҶ\",\"menuType\":\"M\",\"orderNum\":1,\"params\":{},\"parentId\":0,\"path\":\"notice01\",\"status\":\"0\",\"visible\":\"0\"} ', '{\"msg\":\"ж“ҚдҪңжҲҗеҠҹ\",\"code\":200}', 0, NULL, '2026-03-27 20:00:53', 10);
INSERT INTO `sys_oper_log` VALUES (193, 'иҸңеҚ•з®ЎзҗҶ', 1, 'com.ruoyi.web.controller.system.SysMenuController.add()', 'POST', 1, 'admin', 'з ”еҸ‘йғЁй—Ё', '/system/menu', '127.0.0.1', 'еҶ…зҪ‘IP', '{\"children\":[],\"component\":\"notice01/notice/index\",\"isCache\":\"0\",\"isFrame\":\"1\",\"menuName\":\"ж¶ҲжҒҜйҖҡзҹҘ\",\"menuType\":\"C\",\"orderNum\":1,\"params\":{},\"parentId\":2040,\"path\":\"notice\",\"perms\":\"notice01пјҡnoticeпјҡindex\",\"status\":\"0\",\"visible\":\"0\"} ', '{\"msg\":\"ж–°еўһиҸңеҚ•\'ж¶ҲжҒҜйҖҡзҹҘ\'еӨұиҙҘпјҢи·Ҝз”ұеҗҚз§°жҲ–ең°еқҖе·ІеӯҳеңЁ\",\"code\":500}', 0, NULL, '2026-03-27 20:03:12', 6);
INSERT INTO `sys_oper_log` VALUES (194, 'иҸңеҚ•з®ЎзҗҶ', 1, 'com.ruoyi.web.controller.system.SysMenuController.add()', 'POST', 1, 'admin', 'з ”еҸ‘йғЁй—Ё', '/system/menu', '127.0.0.1', 'еҶ…зҪ‘IP', '{\"children\":[],\"component\":\"notice01/notice/index\",\"icon\":\"dict\",\"isCache\":\"0\",\"isFrame\":\"1\",\"menuName\":\"ж¶ҲжҒҜйҖҡзҹҘ\",\"menuType\":\"C\",\"orderNum\":1,\"params\":{},\"parentId\":2040,\"path\":\"notice\",\"perms\":\"notice01пјҡnoticeпјҡindex\",\"status\":\"0\",\"visible\":\"0\"} ', '{\"msg\":\"ж–°еўһиҸңеҚ•\'ж¶ҲжҒҜйҖҡзҹҘ\'еӨұиҙҘпјҢи·Ҝз”ұеҗҚз§°жҲ–ең°еқҖе·ІеӯҳеңЁ\",\"code\":500}', 0, NULL, '2026-03-27 20:05:22', 6);
INSERT INTO `sys_oper_log` VALUES (195, 'иҸңеҚ•з®ЎзҗҶ', 1, 'com.ruoyi.web.controller.system.SysMenuController.add()', 'POST', 1, 'admin', 'з ”еҸ‘йғЁй—Ё', '/system/menu', '127.0.0.1', 'еҶ…зҪ‘IP', '{\"children\":[],\"component\":\"notice01/notice/index\",\"icon\":\"dict\",\"isCache\":\"0\",\"isFrame\":\"1\",\"menuName\":\"ж¶ҲжҒҜйҖҡзҹҘ\",\"menuType\":\"C\",\"orderNum\":1,\"params\":{},\"parentId\":2040,\"path\":\"notice\",\"perms\":\"notice01пјҡnoticeпјҡindex\",\"status\":\"0\",\"visible\":\"0\"} ', '{\"msg\":\"ж–°еўһиҸңеҚ•\'ж¶ҲжҒҜйҖҡзҹҘ\'еӨұиҙҘпјҢи·Ҝз”ұеҗҚз§°жҲ–ең°еқҖе·ІеӯҳеңЁ\",\"code\":500}', 0, NULL, '2026-03-27 20:05:26', 5);
INSERT INTO `sys_oper_log` VALUES (196, 'иҸңеҚ•з®ЎзҗҶ', 1, 'com.ruoyi.web.controller.system.SysMenuController.add()', 'POST', 1, 'admin', 'з ”еҸ‘йғЁй—Ё', '/system/menu', '127.0.0.1', 'еҶ…зҪ‘IP', '{\"children\":[],\"component\":\"notice01/notice/index\",\"icon\":\"dict\",\"isCache\":\"0\",\"isFrame\":\"1\",\"menuName\":\"йҖҡзҹҘ\",\"menuType\":\"C\",\"orderNum\":1,\"params\":{},\"parentId\":2040,\"path\":\"notice\",\"perms\":\"notice01пјҡnoticeпјҡindex\",\"status\":\"0\",\"visible\":\"0\"} ', '{\"msg\":\"ж–°еўһиҸңеҚ•\'йҖҡзҹҘ\'еӨұиҙҘпјҢи·Ҝз”ұеҗҚз§°жҲ–ең°еқҖе·ІеӯҳеңЁ\",\"code\":500}', 0, NULL, '2026-03-27 20:05:38', 5);
INSERT INTO `sys_oper_log` VALUES (197, 'иҸңеҚ•з®ЎзҗҶ', 1, 'com.ruoyi.web.controller.system.SysMenuController.add()', 'POST', 1, 'admin', 'з ”еҸ‘йғЁй—Ё', '/system/menu', '127.0.0.1', 'еҶ…зҪ‘IP', '{\"children\":[],\"component\":\"notice01/noticeRead/index\",\"createBy\":\"admin\",\"icon\":\"dict\",\"isCache\":\"0\",\"isFrame\":\"1\",\"menuName\":\"йҖҡзҹҘ\",\"menuType\":\"C\",\"orderNum\":1,\"params\":{},\"parentId\":2040,\"path\":\"noticeRead\",\"perms\":\"notice01пјҡnoticeReadпјҡindex\",\"status\":\"0\",\"visible\":\"0\"} ', '{\"msg\":\"ж“ҚдҪңжҲҗеҠҹ\",\"code\":200}', 0, NULL, '2026-03-27 20:06:02', 10);
INSERT INTO `sys_oper_log` VALUES (198, 'иҸңеҚ•з®ЎзҗҶ', 2, 'com.ruoyi.web.controller.system.SysMenuController.edit()', 'PUT', 1, 'admin', 'з ”еҸ‘йғЁй—Ё', '/system/menu', '127.0.0.1', 'еҶ…зҪ‘IP', '{\"children\":[],\"component\":\"system/notice5/index\",\"createTime\":\"2026-03-15 15:58:03\",\"icon\":\"message\",\"isCache\":\"0\",\"isFrame\":\"1\",\"menuId\":107,\"menuName\":\"йҖҡзҹҘе…¬е‘Ҡ\",\"menuType\":\"C\",\"orderNum\":8,\"params\":{},\"parentId\":1,\"path\":\"notice5\",\"perms\":\"system:notice5:list\",\"query\":\"\",\"routeName\":\"\",\"status\":\"0\",\"updateBy\":\"admin\",\"visible\":\"0\"} ', '{\"msg\":\"ж“ҚдҪңжҲҗеҠҹ\",\"code\":200}', 0, NULL, '2026-03-27 20:06:47', 26);
INSERT INTO `sys_oper_log` VALUES (199, 'иҸңеҚ•з®ЎзҗҶ', 1, 'com.ruoyi.web.controller.system.SysMenuController.add()', 'POST', 1, 'admin', 'з ”еҸ‘йғЁй—Ё', '/system/menu', '127.0.0.1', 'еҶ…зҪ‘IP', '{\"children\":[],\"component\":\"notice01/notice/index\",\"createBy\":\"admin\",\"icon\":\"edit\",\"isCache\":\"0\",\"isFrame\":\"1\",\"menuName\":\"ж¶ҲжҒҜйҖҡзҹҘ\",\"menuType\":\"C\",\"orderNum\":1,\"params\":{},\"parentId\":2040,\"path\":\"notice\",\"perms\":\"notice01пјҡnoticeпјҡindex\",\"status\":\"0\",\"visible\":\"0\"} ', '{\"msg\":\"ж“ҚдҪңжҲҗеҠҹ\",\"code\":200}', 0, NULL, '2026-03-27 20:07:46', 11);
INSERT INTO `sys_oper_log` VALUES (200, 'иҸңеҚ•з®ЎзҗҶ', 1, 'com.ruoyi.web.controller.system.SysMenuController.add()', 'POST', 1, 'admin', 'з ”еҸ‘йғЁй—Ё', '/system/menu', '127.0.0.1', 'еҶ…зҪ‘IP', '{\"children\":[],\"createBy\":\"admin\",\"icon\":\"theme\",\"isCache\":\"0\",\"isFrame\":\"1\",\"menuName\":\"и®ҝе®ўз®ЎзҗҶ\",\"menuType\":\"M\",\"orderNum\":1,\"params\":{},\"parentId\":0,\"path\":\"vistior\",\"status\":\"0\",\"visible\":\"0\"} ', '{\"msg\":\"ж“ҚдҪңжҲҗеҠҹ\",\"code\":200}', 0, NULL, '2026-03-27 20:13:41', 12);
INSERT INTO `sys_oper_log` VALUES (201, 'д»Јз Ғз”ҹжҲҗ', 3, 'com.ruoyi.generator.controller.GenController.remove()', 'DELETE', 1, 'admin', 'з ”еҸ‘йғЁй—Ё', '/tool/gen/7', '127.0.0.1', 'еҶ…зҪ‘IP', '[7] ', '{\"msg\":\"ж“ҚдҪңжҲҗеҠҹ\",\"code\":200}', 0, NULL, '2026-03-27 20:15:49', 19);
INSERT INTO `sys_oper_log` VALUES (202, 'д»Јз Ғз”ҹжҲҗ', 3, 'com.ruoyi.generator.controller.GenController.remove()', 'DELETE', 1, 'admin', 'з ”еҸ‘йғЁй—Ё', '/tool/gen/8', '127.0.0.1', 'еҶ…зҪ‘IP', '[8] ', '{\"msg\":\"ж“ҚдҪңжҲҗеҠҹ\",\"code\":200}', 0, NULL, '2026-03-27 20:15:54', 11);
INSERT INTO `sys_oper_log` VALUES (203, 'д»Јз Ғз”ҹжҲҗ', 3, 'com.ruoyi.generator.controller.GenController.remove()', 'DELETE', 1, 'admin', 'з ”еҸ‘йғЁй—Ё', '/tool/gen/9', '127.0.0.1', 'еҶ…зҪ‘IP', '[9] ', '{\"msg\":\"ж“ҚдҪңжҲҗеҠҹ\",\"code\":200}', 0, NULL, '2026-03-27 20:15:57', 11);
INSERT INTO `sys_oper_log` VALUES (204, 'иҸңеҚ•з®ЎзҗҶ', 1, 'com.ruoyi.web.controller.system.SysMenuController.add()', 'POST', 1, 'admin', 'з ”еҸ‘йғЁй—Ё', '/system/menu', '127.0.0.1', 'еҶ…зҪ‘IP', '{\"children\":[],\"createBy\":\"admin\",\"icon\":\"international\",\"isCache\":\"0\",\"isFrame\":\"1\",\"menuName\":\"е°ҸеҢәд»Ӣз»Қ\",\"menuType\":\"M\",\"orderNum\":1,\"params\":{},\"parentId\":0,\"path\":\"house\",\"status\":\"0\",\"visible\":\"0\"} ', '{\"msg\":\"ж“ҚдҪңжҲҗеҠҹ\",\"code\":200}', 0, NULL, '2026-03-28 18:55:36', 59);
INSERT INTO `sys_oper_log` VALUES (205, 'иҸңеҚ•з®ЎзҗҶ', 2, 'com.ruoyi.web.controller.system.SysMenuController.edit()', 'PUT', 1, 'admin', 'з ”еҸ‘йғЁй—Ё', '/system/menu', '127.0.0.1', 'еҶ…зҪ‘IP', '{\"children\":[],\"createTime\":\"2026-03-28 18:55:36\",\"icon\":\"international\",\"isCache\":\"0\",\"isFrame\":\"1\",\"menuId\":2044,\"menuName\":\"е°ҸеҢәд»Ӣз»Қ\",\"menuType\":\"M\",\"orderNum\":1,\"params\":{},\"parentId\":0,\"path\":\"aaa\",\"perms\":\"\",\"routeName\":\"\",\"status\":\"0\",\"updateBy\":\"admin\",\"visible\":\"0\"} ', '{\"msg\":\"ж“ҚдҪңжҲҗеҠҹ\",\"code\":200}', 0, NULL, '2026-03-28 18:56:04', 20);
INSERT INTO `sys_oper_log` VALUES (206, 'иҸңеҚ•з®ЎзҗҶ', 1, 'com.ruoyi.web.controller.system.SysMenuController.add()', 'POST', 1, 'admin', 'з ”еҸ‘йғЁй—Ё', '/system/menu', '127.0.0.1', 'еҶ…зҪ‘IP', '{\"children\":[],\"component\":\"com/community/index\",\"createBy\":\"admin\",\"icon\":\"drag\",\"isCache\":\"0\",\"isFrame\":\"1\",\"menuName\":\"жҲ‘зҡ„е°ҸеҢә\",\"menuType\":\"C\",\"orderNum\":1,\"params\":{},\"parentId\":2044,\"path\":\"community\",\"perms\":\"comпјҡcommunityпјҡindex\",\"status\":\"0\",\"visible\":\"0\"} ', '{\"msg\":\"ж“ҚдҪңжҲҗеҠҹ\",\"code\":200}', 0, NULL, '2026-03-29 00:10:19', 60);
INSERT INTO `sys_oper_log` VALUES (207, 'иҸңеҚ•з®ЎзҗҶ', 1, 'com.ruoyi.web.controller.system.SysMenuController.add()', 'POST', 1, 'admin', 'з ”еҸ‘йғЁй—Ё', '/system/menu', '127.0.0.1', 'еҶ…зҪ‘IP', '{\"children\":[],\"component\":\"people/visitor/index\",\"createBy\":\"admin\",\"icon\":\"peoples\",\"isCache\":\"0\",\"isFrame\":\"1\",\"menuName\":\"е°ҸеҢәи®ҝе®ў\",\"menuType\":\"C\",\"orderNum\":1,\"params\":{},\"parentId\":2043,\"path\":\"visitor\",\"perms\":\"peopleпјҡvisitorпјҡindex\",\"status\":\"0\",\"visible\":\"0\"} ', '{\"msg\":\"ж“ҚдҪңжҲҗеҠҹ\",\"code\":200}', 0, NULL, '2026-03-29 00:57:11', 16);
INSERT INTO `sys_oper_log` VALUES (208, 'д»Јз Ғз”ҹжҲҗ', 6, 'com.ruoyi.generator.controller.GenController.importTableSave()', 'POST', 1, 'admin', 'з ”еҸ‘йғЁй—Ё', '/tool/gen/importTable', '127.0.0.1', 'еҶ…зҪ‘IP', '{\"tables\":\"community_visitor\",\"tplWebType\":\"element-ui\"}', '{\"msg\":\"ж“ҚдҪңжҲҗеҠҹ\",\"code\":200}', 0, NULL, '2026-03-29 00:57:49', 187);
INSERT INTO `sys_oper_log` VALUES (209, 'д»Јз Ғз”ҹжҲҗ', 2, 'com.ruoyi.generator.controller.GenController.editSave()', 'PUT', 1, 'admin', 'з ”еҸ‘йғЁй—Ё', '/tool/gen', '127.0.0.1', 'еҶ…зҪ‘IP', '{\"businessName\":\"visit\",\"className\":\"CommunityVisitor\",\"columns\":[{\"capJavaField\":\"Id\",\"columnComment\":\"дё»й”®ID\",\"columnId\":237,\"columnName\":\"id\",\"columnType\":\"bigint\",\"createBy\":\"admin\",\"createTime\":\"2026-03-29 00:57:48\",\"dictType\":\"\",\"edit\":false,\"htmlType\":\"input\",\"increment\":true,\"insert\":true,\"isIncrement\":\"1\",\"isInsert\":\"1\",\"isPk\":\"1\",\"isRequired\":\"0\",\"javaField\":\"id\",\"javaType\":\"Long\",\"list\":false,\"params\":{},\"pk\":true,\"query\":false,\"queryType\":\"EQ\",\"required\":false,\"sort\":1,\"superColumn\":false,\"tableId\":16,\"updateBy\":\"\",\"usableColumn\":false},{\"capJavaField\":\"VisitorName\",\"columnComment\":\"и®ҝе®ўе§“еҗҚ\",\"columnId\":238,\"columnName\":\"visitor_name\",\"columnType\":\"varchar(50)\",\"createBy\":\"admin\",\"createTime\":\"2026-03-29 00:57:48\",\"dictType\":\"\",\"edit\":true,\"htmlType\":\"input\",\"increment\":false,\"insert\":true,\"isEdit\":\"1\",\"isIncrement\":\"0\",\"isInsert\":\"1\",\"isList\":\"1\",\"isPk\":\"0\",\"isQuery\":\"1\",\"isRequired\":\"1\",\"javaField\":\"visitorName\",\"javaType\":\"String\",\"list\":true,\"params\":{},\"pk\":false,\"query\":true,\"queryType\":\"LIKE\",\"required\":true,\"sort\":2,\"superColumn\":false,\"tableId\":16,\"updateBy\":\"\",\"usableColumn\":false},{\"capJavaField\":\"VisitorIdCard\",\"columnComment\":\"и®ҝе®ўиә«д»ҪиҜҒеҸ·пјҲе”ҜдёҖпјү\",\"columnId\":239,\"columnName\":\"visitor_id_card\",\"columnType\":\"varchar(18)\",\"createBy\":\"admin\",\"createTime\":\"2026-03-29 00:57:48\",\"dictType\":\"\",\"edit\":true,\"htmlType\":\"input\",\"increment\":false,\"insert\":true,\"isEdit\":\"1\",\"isIncrement\":\"0\",\"isInsert\":\"1\",\"isList\":\"1\",\"isPk\":\"0\",\"isQuery\":\"1\",\"isRequired\":\"1\",\"javaField\":\"visitorIdCard\",\"javaType\":\"String\",\"list\":true,\"params\":{},\"pk\":false,\"query\":true,\"queryType\":\"EQ\",\"required\":true,\"sort\":3,\"superColumn\":false,\"tableId\":16,\"updateBy\":\"\",\"usableColumn\":false},{\"capJavaField\":\"VisitorPhone\",\"columnComment\":\"и®ҝе®ўжүӢжңәеҸ·\",\"columnId\":240,\"columnName\":\"visitor_phone\",\"columnType\":\"varchar(20)\",\"createBy\":\"admin\",\"createTime\":\"2026-03-29 00:57:49\",\"dictType\":\"\",\"edit\":true,\"htmlType\":\"input\",\"increment\":false,\"insert\":true,\"isEdit\":\"1\",\"isIncrement\":\"0\",\"isInsert\":\"1\",\"isList\":', '{\"msg\":\"ж“ҚдҪңжҲҗеҠҹ\",\"code\":200}', 0, NULL, '2026-03-29 01:19:12', 115);
INSERT INTO `sys_oper_log` VALUES (210, 'д»Јз Ғз”ҹжҲҗ', 2, 'com.ruoyi.generator.controller.GenController.editSave()', 'PUT', 1, 'admin', 'з ”еҸ‘йғЁй—Ё', '/tool/gen', '127.0.0.1', 'еҶ…зҪ‘IP', '{\"businessName\":\"vis\",\"className\":\"CommunityVisitor\",\"columns\":[{\"capJavaField\":\"Id\",\"columnComment\":\"дё»й”®ID\",\"columnId\":237,\"columnName\":\"id\",\"columnType\":\"bigint\",\"createBy\":\"admin\",\"createTime\":\"2026-03-29 00:57:48\",\"dictType\":\"\",\"edit\":false,\"htmlType\":\"input\",\"increment\":true,\"insert\":true,\"isIncrement\":\"1\",\"isInsert\":\"1\",\"isPk\":\"1\",\"isRequired\":\"0\",\"javaField\":\"id\",\"javaType\":\"Long\",\"list\":false,\"params\":{},\"pk\":true,\"query\":false,\"queryType\":\"EQ\",\"required\":false,\"sort\":1,\"superColumn\":false,\"tableId\":16,\"updateBy\":\"\",\"updateTime\":\"2026-03-29 01:19:12\",\"usableColumn\":false},{\"capJavaField\":\"VisitorName\",\"columnComment\":\"и®ҝе®ўе§“еҗҚ\",\"columnId\":238,\"columnName\":\"visitor_name\",\"columnType\":\"varchar(50)\",\"createBy\":\"admin\",\"createTime\":\"2026-03-29 00:57:48\",\"dictType\":\"\",\"edit\":true,\"htmlType\":\"input\",\"increment\":false,\"insert\":true,\"isEdit\":\"1\",\"isIncrement\":\"0\",\"isInsert\":\"1\",\"isList\":\"1\",\"isPk\":\"0\",\"isQuery\":\"1\",\"isRequired\":\"1\",\"javaField\":\"visitorName\",\"javaType\":\"String\",\"list\":true,\"params\":{},\"pk\":false,\"query\":true,\"queryType\":\"LIKE\",\"required\":true,\"sort\":2,\"superColumn\":false,\"tableId\":16,\"updateBy\":\"\",\"updateTime\":\"2026-03-29 01:19:12\",\"usableColumn\":false},{\"capJavaField\":\"VisitorIdCard\",\"columnComment\":\"и®ҝе®ўиә«д»ҪиҜҒеҸ·пјҲе”ҜдёҖпјү\",\"columnId\":239,\"columnName\":\"visitor_id_card\",\"columnType\":\"varchar(18)\",\"createBy\":\"admin\",\"createTime\":\"2026-03-29 00:57:48\",\"dictType\":\"\",\"edit\":true,\"htmlType\":\"input\",\"increment\":false,\"insert\":true,\"isEdit\":\"1\",\"isIncrement\":\"0\",\"isInsert\":\"1\",\"isList\":\"1\",\"isPk\":\"0\",\"isQuery\":\"1\",\"isRequired\":\"1\",\"javaField\":\"visitorIdCard\",\"javaType\":\"String\",\"list\":true,\"params\":{},\"pk\":false,\"query\":true,\"queryType\":\"EQ\",\"required\":true,\"sort\":3,\"superColumn\":false,\"tableId\":16,\"updateBy\":\"\",\"updateTime\":\"2026-03-29 01:19:12\",\"usableColumn\":false},{\"capJavaField\":\"VisitorPhone\",\"columnComment\":\"и®ҝе®ўжүӢжңәеҸ·\",\"columnId\":240,\"columnName\":\"visitor_phone\",\"columnType\":\"varchar(20)\",\"createBy\":\"admin\",\"createTime\":\"2026-03-29 00:57:49\",\"dictType\":\"\",\"edit\":true,\"ht', '{\"msg\":\"ж“ҚдҪңжҲҗеҠҹ\",\"code\":200}', 0, NULL, '2026-03-29 01:20:19', 64);
INSERT INTO `sys_oper_log` VALUES (211, 'д»Јз Ғз”ҹжҲҗ', 8, 'com.ruoyi.generator.controller.GenController.genCode()', 'GET', 1, 'admin', 'з ”еҸ‘йғЁй—Ё', '/tool/gen/genCode/community_visitor', '127.0.0.1', 'еҶ…зҪ‘IP', '{}', '{\"msg\":\"ж“ҚдҪңжҲҗеҠҹ\",\"code\":200}', 0, NULL, '2026-03-29 01:22:15', 283);
INSERT INTO `sys_oper_log` VALUES (212, 'д»Јз Ғз”ҹжҲҗ', 2, 'com.ruoyi.generator.controller.GenController.editSave()', 'PUT', 1, 'admin', 'з ”еҸ‘йғЁй—Ё', '/tool/gen', '127.0.0.1', 'еҶ…зҪ‘IP', '{\"businessName\":\"visi\",\"className\":\"CommunityVisitor\",\"columns\":[{\"capJavaField\":\"Id\",\"columnComment\":\"дё»й”®ID\",\"columnId\":237,\"columnName\":\"id\",\"columnType\":\"bigint\",\"createBy\":\"admin\",\"createTime\":\"2026-03-29 00:57:48\",\"dictType\":\"\",\"edit\":false,\"htmlType\":\"input\",\"increment\":true,\"insert\":true,\"isIncrement\":\"1\",\"isInsert\":\"1\",\"isPk\":\"1\",\"isRequired\":\"0\",\"javaField\":\"id\",\"javaType\":\"Long\",\"list\":false,\"params\":{},\"pk\":true,\"query\":false,\"queryType\":\"EQ\",\"required\":false,\"sort\":1,\"superColumn\":false,\"tableId\":16,\"updateBy\":\"\",\"updateTime\":\"2026-03-29 01:20:19\",\"usableColumn\":false},{\"capJavaField\":\"VisitorName\",\"columnComment\":\"и®ҝе®ўе§“еҗҚ\",\"columnId\":238,\"columnName\":\"visitor_name\",\"columnType\":\"varchar(50)\",\"createBy\":\"admin\",\"createTime\":\"2026-03-29 00:57:48\",\"dictType\":\"\",\"edit\":true,\"htmlType\":\"input\",\"increment\":false,\"insert\":true,\"isEdit\":\"1\",\"isIncrement\":\"0\",\"isInsert\":\"1\",\"isList\":\"1\",\"isPk\":\"0\",\"isQuery\":\"1\",\"isRequired\":\"1\",\"javaField\":\"visitorName\",\"javaType\":\"String\",\"list\":true,\"params\":{},\"pk\":false,\"query\":true,\"queryType\":\"LIKE\",\"required\":true,\"sort\":2,\"superColumn\":false,\"tableId\":16,\"updateBy\":\"\",\"updateTime\":\"2026-03-29 01:20:19\",\"usableColumn\":false},{\"capJavaField\":\"VisitorIdCard\",\"columnComment\":\"и®ҝе®ўиә«д»ҪиҜҒеҸ·пјҲе”ҜдёҖпјү\",\"columnId\":239,\"columnName\":\"visitor_id_card\",\"columnType\":\"varchar(18)\",\"createBy\":\"admin\",\"createTime\":\"2026-03-29 00:57:48\",\"dictType\":\"\",\"edit\":true,\"htmlType\":\"input\",\"increment\":false,\"insert\":true,\"isEdit\":\"1\",\"isIncrement\":\"0\",\"isInsert\":\"1\",\"isList\":\"1\",\"isPk\":\"0\",\"isQuery\":\"1\",\"isRequired\":\"1\",\"javaField\":\"visitorIdCard\",\"javaType\":\"String\",\"list\":true,\"params\":{},\"pk\":false,\"query\":true,\"queryType\":\"EQ\",\"required\":true,\"sort\":3,\"superColumn\":false,\"tableId\":16,\"updateBy\":\"\",\"updateTime\":\"2026-03-29 01:20:19\",\"usableColumn\":false},{\"capJavaField\":\"VisitorPhone\",\"columnComment\":\"и®ҝе®ўжүӢжңәеҸ·\",\"columnId\":240,\"columnName\":\"visitor_phone\",\"columnType\":\"varchar(20)\",\"createBy\":\"admin\",\"createTime\":\"2026-03-29 00:57:49\",\"dictType\":\"\",\"edit\":true,\"h', '{\"msg\":\"ж“ҚдҪңжҲҗеҠҹ\",\"code\":200}', 0, NULL, '2026-03-29 01:32:14', 61);
INSERT INTO `sys_oper_log` VALUES (213, 'д»Јз Ғз”ҹжҲҗ', 8, 'com.ruoyi.generator.controller.GenController.genCode()', 'GET', 1, 'admin', 'з ”еҸ‘йғЁй—Ё', '/tool/gen/genCode/community_visitor', '127.0.0.1', 'еҶ…зҪ‘IP', '{}', '{\"msg\":\"ж“ҚдҪңжҲҗеҠҹ\",\"code\":200}', 0, NULL, '2026-03-29 01:32:18', 34);
INSERT INTO `sys_oper_log` VALUES (214, 'иҸңеҚ•з®ЎзҗҶ', 3, 'com.ruoyi.web.controller.system.SysMenuController.remove()', 'DELETE', 1, 'admin', 'з ”еҸ‘йғЁй—Ё', '/system/menu/4', '127.0.0.1', 'еҶ…зҪ‘IP', '4 ', '{\"msg\":\"иҸңеҚ•е·ІеҲҶй…Қ,дёҚе…Ғи®ёеҲ йҷӨ\",\"code\":601}', 0, NULL, '2026-03-29 10:11:21', 28);
INSERT INTO `sys_oper_log` VALUES (215, 'иҸңеҚ•з®ЎзҗҶ', 3, 'com.ruoyi.web.controller.system.SysMenuController.remove()', 'DELETE', 1, 'admin', 'з ”еҸ‘йғЁй—Ё', '/system/menu/2039', '127.0.0.1', 'еҶ…зҪ‘IP', '2039 ', '{\"msg\":\"ж“ҚдҪңжҲҗеҠҹ\",\"code\":200}', 0, NULL, '2026-03-29 10:11:34', 17);
INSERT INTO `sys_oper_log` VALUES (216, 'иҸңеҚ•з®ЎзҗҶ', 3, 'com.ruoyi.web.controller.system.SysMenuController.remove()', 'DELETE', 1, 'admin', 'з ”еҸ‘йғЁй—Ё', '/system/menu/2037', '127.0.0.1', 'еҶ…зҪ‘IP', '2037 ', '{\"msg\":\"ж“ҚдҪңжҲҗеҠҹ\",\"code\":200}', 0, NULL, '2026-03-29 10:11:37', 16);
INSERT INTO `sys_oper_log` VALUES (217, 'иҸңеҚ•з®ЎзҗҶ', 3, 'com.ruoyi.web.controller.system.SysMenuController.remove()', 'DELETE', 1, 'admin', 'з ”еҸ‘йғЁй—Ё', '/system/menu/2035', '127.0.0.1', 'еҶ…зҪ‘IP', '2035 ', '{\"msg\":\"ж“ҚдҪңжҲҗеҠҹ\",\"code\":200}', 0, NULL, '2026-03-29 10:11:40', 16);
INSERT INTO `sys_oper_log` VALUES (218, 'иҸңеҚ•з®ЎзҗҶ', 3, 'com.ruoyi.web.controller.system.SysMenuController.remove()', 'DELETE', 1, 'admin', 'з ”еҸ‘йғЁй—Ё', '/system/menu/2036', '127.0.0.1', 'еҶ…зҪ‘IP', '2036 ', '{\"msg\":\"ж“ҚдҪңжҲҗеҠҹ\",\"code\":200}', 0, NULL, '2026-03-29 10:11:43', 17);
INSERT INTO `sys_oper_log` VALUES (219, 'иҸңеҚ•з®ЎзҗҶ', 3, 'com.ruoyi.web.controller.system.SysMenuController.remove()', 'DELETE', 1, 'admin', 'з ”еҸ‘йғЁй—Ё', '/system/menu/2038', '127.0.0.1', 'еҶ…зҪ‘IP', '2038 ', '{\"msg\":\"ж“ҚдҪңжҲҗеҠҹ\",\"code\":200}', 0, NULL, '2026-03-29 10:11:46', 12);
INSERT INTO `sys_oper_log` VALUES (220, 'иҸңеҚ•з®ЎзҗҶ', 3, 'com.ruoyi.web.controller.system.SysMenuController.remove()', 'DELETE', 1, 'admin', 'з ”еҸ‘йғЁй—Ё', '/system/menu/2034', '127.0.0.1', 'еҶ…зҪ‘IP', '2034 ', '{\"msg\":\"ж“ҚдҪңжҲҗеҠҹ\",\"code\":200}', 0, NULL, '2026-03-29 10:11:50', 15);
INSERT INTO `sys_oper_log` VALUES (221, 'иҸңеҚ•з®ЎзҗҶ', 1, 'com.ruoyi.web.controller.system.SysMenuController.add()', 'POST', 1, 'admin', 'з ”еҸ‘йғЁй—Ё', '/system/menu', '127.0.0.1', 'еҶ…зҪ‘IP', '{\"children\":[],\"createBy\":\"admin\",\"icon\":\"dict\",\"isCache\":\"0\",\"isFrame\":\"1\",\"menuName\":\"AIдәӢд»¶дёӯеҝғ\",\"menuType\":\"C\",\"orderNum\":1,\"params\":{},\"parentId\":0,\"path\":\"ai\",\"status\":\"0\",\"visible\":\"0\"} ', '{\"msg\":\"ж“ҚдҪңжҲҗеҠҹ\",\"code\":200}', 0, NULL, '2026-03-30 18:49:05', 43);
INSERT INTO `sys_oper_log` VALUES (222, 'иҸңеҚ•з®ЎзҗҶ', 1, 'com.ruoyi.web.controller.system.SysMenuController.add()', 'POST', 1, 'admin', 'з ”еҸ‘йғЁй—Ё', '/system/menu', '127.0.0.1', 'еҶ…зҪ‘IP', '{\"children\":[],\"component\":\"ai/communityEvent\",\"icon\":\"nested\",\"isCache\":\"0\",\"isFrame\":\"1\",\"menuName\":\"AI\",\"menuType\":\"C\",\"orderNum\":1,\"params\":{},\"parentId\":2047,\"path\":\"ai\",\"perms\":\"aiпјҡcommunityEvent\",\"status\":\"0\",\"visible\":\"0\"} ', '{\"msg\":\"ж–°еўһиҸңеҚ•\'AI\'еӨұиҙҘпјҢи·Ҝз”ұеҗҚз§°жҲ–ең°еқҖе·ІеӯҳеңЁ\",\"code\":500}', 0, NULL, '2026-03-30 18:50:41', 9);
INSERT INTO `sys_oper_log` VALUES (223, 'иҸңеҚ•з®ЎзҗҶ', 1, 'com.ruoyi.web.controller.system.SysMenuController.add()', 'POST', 1, 'admin', 'з ”еҸ‘йғЁй—Ё', '/system/menu', '127.0.0.1', 'еҶ…зҪ‘IP', '{\"children\":[],\"component\":\"ai/communityEvent\",\"icon\":\"nested\",\"isCache\":\"0\",\"isFrame\":\"1\",\"menuName\":\"AIдәӢд»¶\",\"menuType\":\"C\",\"orderNum\":1,\"params\":{},\"parentId\":2047,\"path\":\"ai\",\"perms\":\"aiпјҡcommunityEvent\",\"status\":\"0\",\"visible\":\"0\"} ', '{\"msg\":\"ж–°еўһиҸңеҚ•\'AIдәӢд»¶\'еӨұиҙҘпјҢи·Ҝз”ұеҗҚз§°жҲ–ең°еқҖе·ІеӯҳеңЁ\",\"code\":500}', 0, NULL, '2026-03-30 18:51:09', 6);
INSERT INTO `sys_oper_log` VALUES (224, 'иҸңеҚ•з®ЎзҗҶ', 1, 'com.ruoyi.web.controller.system.SysMenuController.add()', 'POST', 1, 'admin', 'з ”еҸ‘йғЁй—Ё', '/system/menu', '127.0.0.1', 'еҶ…зҪ‘IP', '{\"children\":[],\"component\":\"ai/communityEvent\",\"createBy\":\"admin\",\"icon\":\"nested\",\"isCache\":\"0\",\"isFrame\":\"1\",\"menuName\":\"AIдәӢд»¶\",\"menuType\":\"C\",\"orderNum\":1,\"params\":{},\"parentId\":2047,\"path\":\"communityEvent\",\"perms\":\"aiпјҡcommunityEvent\",\"status\":\"0\",\"visible\":\"0\"} ', '{\"msg\":\"ж“ҚдҪңжҲҗеҠҹ\",\"code\":200}', 0, NULL, '2026-03-30 18:51:20', 5);
INSERT INTO `sys_oper_log` VALUES (225, 'иҸңеҚ•з®ЎзҗҶ', 3, 'com.ruoyi.web.controller.system.SysMenuController.remove()', 'DELETE', 1, 'admin', 'з ”еҸ‘йғЁй—Ё', '/system/menu/2048', '127.0.0.1', 'еҶ…зҪ‘IP', '2048 ', '{\"msg\":\"ж“ҚдҪңжҲҗеҠҹ\",\"code\":200}', 0, NULL, '2026-03-30 18:51:42', 24);
INSERT INTO `sys_oper_log` VALUES (226, 'иҸңеҚ•з®ЎзҗҶ', 3, 'com.ruoyi.web.controller.system.SysMenuController.remove()', 'DELETE', 1, 'admin', 'з ”еҸ‘йғЁй—Ё', '/system/menu/2047', '127.0.0.1', 'еҶ…зҪ‘IP', '2047 ', '{\"msg\":\"ж“ҚдҪңжҲҗеҠҹ\",\"code\":200}', 0, NULL, '2026-03-30 18:51:45', 8);
INSERT INTO `sys_oper_log` VALUES (227, 'иҸңеҚ•з®ЎзҗҶ', 1, 'com.ruoyi.web.controller.system.SysMenuController.add()', 'POST', 1, 'admin', 'з ”еҸ‘йғЁй—Ё', '/system/menu', '127.0.0.1', 'еҶ…зҪ‘IP', '{\"children\":[],\"createBy\":\"admin\",\"icon\":\"people\",\"isCache\":\"0\",\"isFrame\":\"1\",\"menuName\":\"AIжҷәж…§жІ»зҗҶ\",\"menuType\":\"M\",\"orderNum\":1,\"params\":{},\"parentId\":0,\"path\":\"ai\",\"status\":\"0\",\"visible\":\"0\"} ', '{\"msg\":\"ж“ҚдҪңжҲҗеҠҹ\",\"code\":200}', 0, NULL, '2026-03-30 18:54:20', 14);
INSERT INTO `sys_oper_log` VALUES (228, 'иҸңеҚ•з®ЎзҗҶ', 1, 'com.ruoyi.web.controller.system.SysMenuController.add()', 'POST', 1, 'admin', 'з ”еҸ‘йғЁй—Ё', '/system/menu', '127.0.0.1', 'еҶ…зҪ‘IP', '{\"children\":[],\"component\":\"ai/communityEvent\",\"createBy\":\"admin\",\"icon\":\"dict\",\"isCache\":\"0\",\"isFrame\":\"1\",\"menuName\":\"AiдәӢд»¶дёӯеҝғ\",\"menuType\":\"C\",\"orderNum\":1,\"params\":{},\"parentId\":2049,\"path\":\"ai/event\",\"perms\":\"aiпјҡeventпјҡlist\",\"status\":\"0\",\"visible\":\"0\"} ', '{\"msg\":\"ж“ҚдҪңжҲҗеҠҹ\",\"code\":200}', 0, NULL, '2026-03-30 18:56:39', 21);
INSERT INTO `sys_oper_log` VALUES (229, 'д»Јз Ғз”ҹжҲҗ', 6, 'com.ruoyi.generator.controller.GenController.importTableSave()', 'POST', 1, 'admin', 'з ”еҸ‘йғЁй—Ё', '/tool/gen/importTable', '127.0.0.1', 'еҶ…зҪ‘IP', '{\"tables\":\"ai_community_event\",\"tplWebType\":\"element-ui\"}', '{\"msg\":\"ж“ҚдҪңжҲҗеҠҹ\",\"code\":200}', 0, NULL, '2026-03-30 18:58:54', 100);
INSERT INTO `sys_oper_log` VALUES (230, 'д»Јз Ғз”ҹжҲҗ', 2, 'com.ruoyi.generator.controller.GenController.editSave()', 'PUT', 1, 'admin', 'з ”еҸ‘йғЁй—Ё', '/tool/gen', '127.0.0.1', 'еҶ…зҪ‘IP', '{\"businessName\":\"event\",\"className\":\"AiCommunityEvent\",\"columns\":[{\"capJavaField\":\"Id\",\"columnId\":254,\"columnName\":\"id\",\"columnType\":\"bigint\",\"createBy\":\"admin\",\"createTime\":\"2026-03-30 18:58:54\",\"dictType\":\"\",\"edit\":false,\"htmlType\":\"input\",\"increment\":true,\"insert\":true,\"isIncrement\":\"1\",\"isInsert\":\"1\",\"isPk\":\"1\",\"isRequired\":\"0\",\"javaField\":\"id\",\"javaType\":\"Long\",\"list\":false,\"params\":{},\"pk\":true,\"query\":false,\"queryType\":\"EQ\",\"required\":false,\"sort\":1,\"superColumn\":false,\"tableId\":17,\"updateBy\":\"\",\"usableColumn\":false},{\"capJavaField\":\"EventTitle\",\"columnComment\":\"дәӢд»¶ж Үйўҳ\",\"columnId\":255,\"columnName\":\"event_title\",\"columnType\":\"varchar(255)\",\"createBy\":\"admin\",\"createTime\":\"2026-03-30 18:58:54\",\"dictType\":\"\",\"edit\":true,\"htmlType\":\"input\",\"increment\":false,\"insert\":true,\"isEdit\":\"1\",\"isIncrement\":\"0\",\"isInsert\":\"1\",\"isList\":\"1\",\"isPk\":\"0\",\"isQuery\":\"1\",\"isRequired\":\"0\",\"javaField\":\"eventTitle\",\"javaType\":\"String\",\"list\":true,\"params\":{},\"pk\":false,\"query\":true,\"queryType\":\"EQ\",\"required\":false,\"sort\":2,\"superColumn\":false,\"tableId\":17,\"updateBy\":\"\",\"usableColumn\":false},{\"capJavaField\":\"EventContent\",\"columnComment\":\"дәӢд»¶еҶ…е®№\",\"columnId\":256,\"columnName\":\"event_content\",\"columnType\":\"text\",\"createBy\":\"admin\",\"createTime\":\"2026-03-30 18:58:54\",\"dictType\":\"\",\"edit\":true,\"htmlType\":\"editor\",\"increment\":false,\"insert\":true,\"isEdit\":\"1\",\"isIncrement\":\"0\",\"isInsert\":\"1\",\"isList\":\"1\",\"isPk\":\"0\",\"isQuery\":\"1\",\"isRequired\":\"0\",\"javaField\":\"eventContent\",\"javaType\":\"String\",\"list\":true,\"params\":{},\"pk\":false,\"query\":true,\"queryType\":\"EQ\",\"required\":false,\"sort\":3,\"superColumn\":false,\"tableId\":17,\"updateBy\":\"\",\"usableColumn\":false},{\"capJavaField\":\"EventType\",\"columnComment\":\"дәӢд»¶зұ»еһӢ weather-еӨ©ж°” safety-е®үе…Ё policy-ж”ҝзӯ– notice-е…¬е‘Ҡ\",\"columnId\":257,\"columnName\":\"event_type\",\"columnType\":\"varchar(50)\",\"createBy\":\"admin\",\"createTime\":\"2026-03-30 18:58:54\",\"dictType\":\"\",\"edit\":true,\"htmlType\":\"select\",\"increment\":false,\"insert\":true,\"isEdit\":\"1\",\"isIncrement\":\"0\",\"isInsert\":\"1\",\"isList\":\"1\",\"i', '{\"msg\":\"ж“ҚдҪңжҲҗеҠҹ\",\"code\":200}', 0, NULL, '2026-03-30 19:02:37', 71);
INSERT INTO `sys_oper_log` VALUES (231, 'йҖҡзҹҘйҳ…иҜ»и®°еҪ•', 3, 'com.ruoyi.web.controller.notice.CommunityNoticeReadController.remove()', 'DELETE', 1, 'admin', 'з ”еҸ‘йғЁй—Ё', '/noticeRead/noticeRead/8', '127.0.0.1', 'еҶ…зҪ‘IP', '[8] ', NULL, 1, '\r\n### Error updating database.  Cause: java.sql.SQLSyntaxErrorException: You have an error in your SQL syntax; check the manual that corresponds to your MySQL server version for the right syntax to use near \'[Ljava.lang.Long;@6c3a920)\' at line 1\r\n### The error may exist in file [D:\\javaStudy\\йЎ№зӣ®дәҢ\\д№җ\\Behind\\ruoyi-notice\\target\\classes\\mapper\\noticeRead\\CommunityNoticeReadMapper.xml]\r\n### The error may involve com.ruoyi.notice.mapper.CommunityNoticeReadMapper.deleteCommunityNoticeReadByIds-Inline\r\n### The error occurred while setting parameters\r\n### SQL: DELETE FROM community_notice_read WHERE id IN ([Ljava.lang.Long;@6c3a920)\r\n### Cause: java.sql.SQLSyntaxErrorException: You have an error in your SQL syntax; check the manual that corresponds to your MySQL server version for the right syntax to use near \'[Ljava.lang.Long;@6c3a920)\' at line 1\n; bad SQL grammar []', '2026-04-06 14:40:14', 411);
INSERT INTO `sys_oper_log` VALUES (232, 'йҖҡзҹҘйҳ…иҜ»и®°еҪ•', 3, 'com.ruoyi.web.controller.notice.CommunityNoticeReadController.remove()', 'DELETE', 1, 'admin', 'з ”еҸ‘йғЁй—Ё', '/noticeRead/noticeRead/8', '127.0.0.1', 'еҶ…зҪ‘IP', '[8] ', NULL, 1, '\r\n### Error updating database.  Cause: java.sql.SQLSyntaxErrorException: You have an error in your SQL syntax; check the manual that corresponds to your MySQL server version for the right syntax to use near \'[Ljava.lang.Long;@1682055d)\' at line 1\r\n### The error may exist in file [D:\\javaStudy\\йЎ№зӣ®дәҢ\\д№җ\\Behind\\ruoyi-notice\\target\\classes\\mapper\\noticeRead\\CommunityNoticeReadMapper.xml]\r\n### The error may involve com.ruoyi.notice.mapper.CommunityNoticeReadMapper.deleteCommunityNoticeReadByIds-Inline\r\n### The error occurred while setting parameters\r\n### SQL: DELETE FROM community_notice_read WHERE id IN ([Ljava.lang.Long;@1682055d)\r\n### Cause: java.sql.SQLSyntaxErrorException: You have an error in your SQL syntax; check the manual that corresponds to your MySQL server version for the right syntax to use near \'[Ljava.lang.Long;@1682055d)\' at line 1\n; bad SQL grammar []', '2026-04-06 14:46:38', 304);
INSERT INTO `sys_oper_log` VALUES (233, 'йҖҡзҹҘйҳ…иҜ»и®°еҪ•', 3, 'com.ruoyi.web.controller.notice.CommunityNoticeReadController.remove()', 'DELETE', 1, 'admin', 'з ”еҸ‘йғЁй—Ё', '/noticeRead/noticeRead/8', '127.0.0.1', 'еҶ…зҪ‘IP', '[8] ', '{\"msg\":\"ж“ҚдҪңжҲҗеҠҹ\",\"code\":200}', 0, NULL, '2026-04-06 14:48:07', 34);
INSERT INTO `sys_oper_log` VALUES (234, 'е°ҸеҢәжҠ•иҜүз®ЎзҗҶ', 3, 'com.ruoyi.web.controller.complaint.CommunityComplaintController.remove()', 'DELETE', 1, 'admin', 'з ”еҸ‘йғЁй—Ё', '/complaint/complaint/10', '127.0.0.1', 'еҶ…зҪ‘IP', '[10] ', '{\"msg\":\"ж“ҚдҪңжҲҗеҠҹ\",\"code\":200}', 0, NULL, '2026-04-06 14:49:08', 9);

-- ----------------------------
-- Table structure for sys_post
-- ----------------------------
DROP TABLE IF EXISTS `sys_post`;
CREATE TABLE `sys_post`  (
  `post_id` bigint NOT NULL AUTO_INCREMENT COMMENT 'еІ—дҪҚID',
  `post_code` varchar(64) CHARACTER SET utf8mb4 COLLATE utf8mb4_0900_ai_ci NOT NULL COMMENT 'еІ—дҪҚзј–з Ғ',
  `post_name` varchar(50) CHARACTER SET utf8mb4 COLLATE utf8mb4_0900_ai_ci NOT NULL COMMENT 'еІ—дҪҚеҗҚз§°',
  `post_sort` int NOT NULL COMMENT 'жҳҫзӨәйЎәеәҸ',
  `status` char(1) CHARACTER SET utf8mb4 COLLATE utf8mb4_0900_ai_ci NOT NULL COMMENT 'зҠ¶жҖҒпјҲ0жӯЈеёё 1еҒңз”Ёпјү',
  `create_by` varchar(64) CHARACTER SET utf8mb4 COLLATE utf8mb4_0900_ai_ci NULL DEFAULT '' COMMENT 'еҲӣе»әиҖ…',
  `create_time` datetime NULL DEFAULT NULL COMMENT 'еҲӣе»әж—¶й—ҙ',
  `update_by` varchar(64) CHARACTER SET utf8mb4 COLLATE utf8mb4_0900_ai_ci NULL DEFAULT '' COMMENT 'жӣҙж–°иҖ…',
  `update_time` datetime NULL DEFAULT NULL COMMENT 'жӣҙж–°ж—¶й—ҙ',
  `remark` varchar(500) CHARACTER SET utf8mb4 COLLATE utf8mb4_0900_ai_ci NULL DEFAULT NULL COMMENT 'еӨҮжіЁ',
  PRIMARY KEY (`post_id`) USING BTREE
) ENGINE = InnoDB AUTO_INCREMENT = 5 CHARACTER SET = utf8mb4 COLLATE = utf8mb4_0900_ai_ci COMMENT = 'еІ—дҪҚдҝЎжҒҜиЎЁ' ROW_FORMAT = DYNAMIC;

-- ----------------------------
-- Records of sys_post
-- ----------------------------
INSERT INTO `sys_post` VALUES (1, 'ceo', 'и‘ЈдәӢй•ҝ', 1, '0', 'admin', '2026-03-15 15:58:03', '', NULL, '');
INSERT INTO `sys_post` VALUES (2, 'se', 'йЎ№зӣ®з»ҸзҗҶ', 2, '0', 'admin', '2026-03-15 15:58:03', '', NULL, '');
INSERT INTO `sys_post` VALUES (3, 'hr', 'дәәеҠӣиө„жәҗ', 3, '0', 'admin', '2026-03-15 15:58:03', '', NULL, '');
INSERT INTO `sys_post` VALUES (4, 'user', 'жҷ®йҖҡе‘ҳе·Ҙ', 4, '0', 'admin', '2026-03-15 15:58:03', '', NULL, '');

-- ----------------------------
-- Table structure for sys_role
-- ----------------------------
DROP TABLE IF EXISTS `sys_role`;
CREATE TABLE `sys_role`  (
  `role_id` bigint NOT NULL AUTO_INCREMENT COMMENT 'и§’иүІID',
  `role_name` varchar(30) CHARACTER SET utf8mb4 COLLATE utf8mb4_0900_ai_ci NOT NULL COMMENT 'и§’иүІеҗҚз§°',
  `role_key` varchar(100) CHARACTER SET utf8mb4 COLLATE utf8mb4_0900_ai_ci NOT NULL COMMENT 'и§’иүІжқғйҷҗеӯ—з¬ҰдёІ',
  `role_sort` int NOT NULL COMMENT 'жҳҫзӨәйЎәеәҸ',
  `data_scope` char(1) CHARACTER SET utf8mb4 COLLATE utf8mb4_0900_ai_ci NULL DEFAULT '1' COMMENT 'ж•°жҚ®иҢғеӣҙпјҲ1пјҡе…ЁйғЁж•°жҚ®жқғйҷҗ 2пјҡиҮӘе®ҡж•°жҚ®жқғйҷҗ 3пјҡжң¬йғЁй—Ёж•°жҚ®жқғйҷҗ 4пјҡжң¬йғЁй—ЁеҸҠд»ҘдёӢж•°жҚ®жқғйҷҗпјү',
  `menu_check_strictly` tinyint(1) NULL DEFAULT 1 COMMENT 'иҸңеҚ•ж ‘йҖүжӢ©йЎ№жҳҜеҗҰе…іиҒ”жҳҫзӨә',
  `dept_check_strictly` tinyint(1) NULL DEFAULT 1 COMMENT 'йғЁй—Ёж ‘йҖүжӢ©йЎ№жҳҜеҗҰе…іиҒ”жҳҫзӨә',
  `status` char(1) CHARACTER SET utf8mb4 COLLATE utf8mb4_0900_ai_ci NOT NULL COMMENT 'и§’иүІзҠ¶жҖҒпјҲ0жӯЈеёё 1еҒңз”Ёпјү',
  `del_flag` char(1) CHARACTER SET utf8mb4 COLLATE utf8mb4_0900_ai_ci NULL DEFAULT '0' COMMENT 'еҲ йҷӨж Үеҝ—пјҲ0д»ЈиЎЁеӯҳеңЁ 2д»ЈиЎЁеҲ йҷӨпјү',
  `create_by` varchar(64) CHARACTER SET utf8mb4 COLLATE utf8mb4_0900_ai_ci NULL DEFAULT '' COMMENT 'еҲӣе»әиҖ…',
  `create_time` datetime NULL DEFAULT NULL COMMENT 'еҲӣе»әж—¶й—ҙ',
  `update_by` varchar(64) CHARACTER SET utf8mb4 COLLATE utf8mb4_0900_ai_ci NULL DEFAULT '' COMMENT 'жӣҙж–°иҖ…',
  `update_time` datetime NULL DEFAULT NULL COMMENT 'жӣҙж–°ж—¶й—ҙ',
  `remark` varchar(500) CHARACTER SET utf8mb4 COLLATE utf8mb4_0900_ai_ci NULL DEFAULT NULL COMMENT 'еӨҮжіЁ',
  PRIMARY KEY (`role_id`) USING BTREE
) ENGINE = InnoDB AUTO_INCREMENT = 100 CHARACTER SET = utf8mb4 COLLATE = utf8mb4_0900_ai_ci COMMENT = 'и§’иүІдҝЎжҒҜиЎЁ' ROW_FORMAT = DYNAMIC;

-- ----------------------------
-- Records of sys_role
-- ----------------------------
INSERT INTO `sys_role` VALUES (1, 'и¶…зә§з®ЎзҗҶе‘ҳ', 'admin', 1, '1', 1, 1, '0', '0', 'admin', '2026-03-15 15:58:03', '', NULL, 'и¶…зә§з®ЎзҗҶе‘ҳ');
INSERT INTO `sys_role` VALUES (2, 'жҷ®йҖҡи§’иүІ', 'common', 2, '2', 1, 1, '0', '0', 'admin', '2026-03-15 15:58:03', '', NULL, 'жҷ®йҖҡи§’иүІ');

-- ----------------------------
-- Table structure for sys_role_dept
-- ----------------------------
DROP TABLE IF EXISTS `sys_role_dept`;
CREATE TABLE `sys_role_dept`  (
  `role_id` bigint NOT NULL COMMENT 'и§’иүІID',
  `dept_id` bigint NOT NULL COMMENT 'йғЁй—ЁID',
  PRIMARY KEY (`role_id`, `dept_id`) USING BTREE
) ENGINE = InnoDB CHARACTER SET = utf8mb4 COLLATE = utf8mb4_0900_ai_ci COMMENT = 'и§’иүІе’ҢйғЁй—Ёе…іиҒ”иЎЁ' ROW_FORMAT = DYNAMIC;

-- ----------------------------
-- Records of sys_role_dept
-- ----------------------------
INSERT INTO `sys_role_dept` VALUES (2, 100);
INSERT INTO `sys_role_dept` VALUES (2, 101);
INSERT INTO `sys_role_dept` VALUES (2, 105);

-- ----------------------------
-- Table structure for sys_role_menu
-- ----------------------------
DROP TABLE IF EXISTS `sys_role_menu`;
CREATE TABLE `sys_role_menu`  (
  `role_id` bigint NOT NULL COMMENT 'и§’иүІID',
  `menu_id` bigint NOT NULL COMMENT 'иҸңеҚ•ID',
  PRIMARY KEY (`role_id`, `menu_id`) USING BTREE
) ENGINE = InnoDB CHARACTER SET = utf8mb4 COLLATE = utf8mb4_0900_ai_ci COMMENT = 'и§’иүІе’ҢиҸңеҚ•е…іиҒ”иЎЁ' ROW_FORMAT = DYNAMIC;

-- ----------------------------
-- Records of sys_role_menu
-- ----------------------------
INSERT INTO `sys_role_menu` VALUES (2, 1);
INSERT INTO `sys_role_menu` VALUES (2, 2);
INSERT INTO `sys_role_menu` VALUES (2, 3);
INSERT INTO `sys_role_menu` VALUES (2, 4);
INSERT INTO `sys_role_menu` VALUES (2, 100);
INSERT INTO `sys_role_menu` VALUES (2, 101);
INSERT INTO `sys_role_menu` VALUES (2, 102);
INSERT INTO `sys_role_menu` VALUES (2, 103);
INSERT INTO `sys_role_menu` VALUES (2, 104);
INSERT INTO `sys_role_menu` VALUES (2, 105);
INSERT INTO `sys_role_menu` VALUES (2, 106);
INSERT INTO `sys_role_menu` VALUES (2, 107);
INSERT INTO `sys_role_menu` VALUES (2, 108);
INSERT INTO `sys_role_menu` VALUES (2, 109);
INSERT INTO `sys_role_menu` VALUES (2, 110);
INSERT INTO `sys_role_menu` VALUES (2, 111);
INSERT INTO `sys_role_menu` VALUES (2, 112);
INSERT INTO `sys_role_menu` VALUES (2, 113);
INSERT INTO `sys_role_menu` VALUES (2, 114);
INSERT INTO `sys_role_menu` VALUES (2, 115);
INSERT INTO `sys_role_menu` VALUES (2, 116);
INSERT INTO `sys_role_menu` VALUES (2, 117);
INSERT INTO `sys_role_menu` VALUES (2, 500);
INSERT INTO `sys_role_menu` VALUES (2, 501);
INSERT INTO `sys_role_menu` VALUES (2, 1000);
INSERT INTO `sys_role_menu` VALUES (2, 1001);
INSERT INTO `sys_role_menu` VALUES (2, 1002);
INSERT INTO `sys_role_menu` VALUES (2, 1003);
INSERT INTO `sys_role_menu` VALUES (2, 1004);
INSERT INTO `sys_role_menu` VALUES (2, 1005);
INSERT INTO `sys_role_menu` VALUES (2, 1006);
INSERT INTO `sys_role_menu` VALUES (2, 1007);
INSERT INTO `sys_role_menu` VALUES (2, 1008);
INSERT INTO `sys_role_menu` VALUES (2, 1009);
INSERT INTO `sys_role_menu` VALUES (2, 1010);
INSERT INTO `sys_role_menu` VALUES (2, 1011);
INSERT INTO `sys_role_menu` VALUES (2, 1012);
INSERT INTO `sys_role_menu` VALUES (2, 1013);
INSERT INTO `sys_role_menu` VALUES (2, 1014);
INSERT INTO `sys_role_menu` VALUES (2, 1015);
INSERT INTO `sys_role_menu` VALUES (2, 1016);
INSERT INTO `sys_role_menu` VALUES (2, 1017);
INSERT INTO `sys_role_menu` VALUES (2, 1018);
INSERT INTO `sys_role_menu` VALUES (2, 1019);
INSERT INTO `sys_role_menu` VALUES (2, 1020);
INSERT INTO `sys_role_menu` VALUES (2, 1021);
INSERT INTO `sys_role_menu` VALUES (2, 1022);
INSERT INTO `sys_role_menu` VALUES (2, 1023);
INSERT INTO `sys_role_menu` VALUES (2, 1024);
INSERT INTO `sys_role_menu` VALUES (2, 1025);
INSERT INTO `sys_role_menu` VALUES (2, 1026);
INSERT INTO `sys_role_menu` VALUES (2, 1027);
INSERT INTO `sys_role_menu` VALUES (2, 1028);
INSERT INTO `sys_role_menu` VALUES (2, 1029);
INSERT INTO `sys_role_menu` VALUES (2, 1030);
INSERT INTO `sys_role_menu` VALUES (2, 1031);
INSERT INTO `sys_role_menu` VALUES (2, 1032);
INSERT INTO `sys_role_menu` VALUES (2, 1033);
INSERT INTO `sys_role_menu` VALUES (2, 1034);
INSERT INTO `sys_role_menu` VALUES (2, 1035);
INSERT INTO `sys_role_menu` VALUES (2, 1036);
INSERT INTO `sys_role_menu` VALUES (2, 1037);
INSERT INTO `sys_role_menu` VALUES (2, 1038);
INSERT INTO `sys_role_menu` VALUES (2, 1039);
INSERT INTO `sys_role_menu` VALUES (2, 1040);
INSERT INTO `sys_role_menu` VALUES (2, 1041);
INSERT INTO `sys_role_menu` VALUES (2, 1042);
INSERT INTO `sys_role_menu` VALUES (2, 1043);
INSERT INTO `sys_role_menu` VALUES (2, 1044);
INSERT INTO `sys_role_menu` VALUES (2, 1045);
INSERT INTO `sys_role_menu` VALUES (2, 1046);
INSERT INTO `sys_role_menu` VALUES (2, 1047);
INSERT INTO `sys_role_menu` VALUES (2, 1048);
INSERT INTO `sys_role_menu` VALUES (2, 1049);
INSERT INTO `sys_role_menu` VALUES (2, 1050);
INSERT INTO `sys_role_menu` VALUES (2, 1051);
INSERT INTO `sys_role_menu` VALUES (2, 1052);
INSERT INTO `sys_role_menu` VALUES (2, 1053);
INSERT INTO `sys_role_menu` VALUES (2, 1054);
INSERT INTO `sys_role_menu` VALUES (2, 1055);
INSERT INTO `sys_role_menu` VALUES (2, 1056);
INSERT INTO `sys_role_menu` VALUES (2, 1057);
INSERT INTO `sys_role_menu` VALUES (2, 1058);
INSERT INTO `sys_role_menu` VALUES (2, 1059);
INSERT INTO `sys_role_menu` VALUES (2, 1060);

-- ----------------------------
-- Table structure for sys_user
-- ----------------------------
DROP TABLE IF EXISTS `sys_user`;
CREATE TABLE `sys_user`  (
  `user_id` bigint NOT NULL AUTO_INCREMENT COMMENT 'з”ЁжҲ·ID',
  `dept_id` bigint NULL DEFAULT NULL COMMENT 'йғЁй—ЁID',
  `user_name` varchar(30) CHARACTER SET utf8mb4 COLLATE utf8mb4_0900_ai_ci NOT NULL COMMENT 'з”ЁжҲ·иҙҰеҸ·',
  `nick_name` varchar(30) CHARACTER SET utf8mb4 COLLATE utf8mb4_0900_ai_ci NOT NULL COMMENT 'з”ЁжҲ·жҳөз§°',
  `user_type` varchar(2) CHARACTER SET utf8mb4 COLLATE utf8mb4_0900_ai_ci NULL DEFAULT '00' COMMENT 'з”ЁжҲ·зұ»еһӢпјҲ00зі»з»ҹз”ЁжҲ·пјү',
  `email` varchar(50) CHARACTER SET utf8mb4 COLLATE utf8mb4_0900_ai_ci NULL DEFAULT '' COMMENT 'з”ЁжҲ·йӮ®з®ұ',
  `phonenumber` varchar(11) CHARACTER SET utf8mb4 COLLATE utf8mb4_0900_ai_ci NULL DEFAULT '' COMMENT 'жүӢжңәеҸ·з Ғ',
  `sex` char(1) CHARACTER SET utf8mb4 COLLATE utf8mb4_0900_ai_ci NULL DEFAULT '0' COMMENT 'з”ЁжҲ·жҖ§еҲ«пјҲ0з”· 1еҘі 2жңӘзҹҘпјү',
  `avatar` varchar(100) CHARACTER SET utf8mb4 COLLATE utf8mb4_0900_ai_ci NULL DEFAULT '' COMMENT 'еӨҙеғҸең°еқҖ',
  `password` varchar(100) CHARACTER SET utf8mb4 COLLATE utf8mb4_0900_ai_ci NULL DEFAULT '' COMMENT 'еҜҶз Ғ',
  `status` char(1) CHARACTER SET utf8mb4 COLLATE utf8mb4_0900_ai_ci NULL DEFAULT '0' COMMENT 'иҙҰеҸ·зҠ¶жҖҒпјҲ0жӯЈеёё 1еҒңз”Ёпјү',
  `del_flag` char(1) CHARACTER SET utf8mb4 COLLATE utf8mb4_0900_ai_ci NULL DEFAULT '0' COMMENT 'еҲ йҷӨж Үеҝ—пјҲ0д»ЈиЎЁеӯҳеңЁ 2д»ЈиЎЁеҲ йҷӨпјү',
  `login_ip` varchar(128) CHARACTER SET utf8mb4 COLLATE utf8mb4_0900_ai_ci NULL DEFAULT '' COMMENT 'жңҖеҗҺзҷ»еҪ•IP',
  `login_date` datetime NULL DEFAULT NULL COMMENT 'жңҖеҗҺзҷ»еҪ•ж—¶й—ҙ',
  `pwd_update_date` datetime NULL DEFAULT NULL COMMENT 'еҜҶз ҒжңҖеҗҺжӣҙж–°ж—¶й—ҙ',
  `create_by` varchar(64) CHARACTER SET utf8mb4 COLLATE utf8mb4_0900_ai_ci NULL DEFAULT '' COMMENT 'еҲӣе»әиҖ…',
  `create_time` datetime NULL DEFAULT NULL COMMENT 'еҲӣе»әж—¶й—ҙ',
  `update_by` varchar(64) CHARACTER SET utf8mb4 COLLATE utf8mb4_0900_ai_ci NULL DEFAULT '' COMMENT 'жӣҙж–°иҖ…',
  `update_time` datetime NULL DEFAULT NULL COMMENT 'жӣҙж–°ж—¶й—ҙ',
  `remark` varchar(500) CHARACTER SET utf8mb4 COLLATE utf8mb4_0900_ai_ci NULL DEFAULT NULL COMMENT 'еӨҮжіЁ',
  PRIMARY KEY (`user_id`) USING BTREE,
  UNIQUE INDEX `user_name`(`user_name` ASC) USING BTREE
) ENGINE = InnoDB AUTO_INCREMENT = 100 CHARACTER SET = utf8mb4 COLLATE = utf8mb4_0900_ai_ci COMMENT = 'з”ЁжҲ·дҝЎжҒҜиЎЁ' ROW_FORMAT = DYNAMIC;

-- ----------------------------
-- Records of sys_user
-- ----------------------------
INSERT INTO `sys_user` VALUES (1, 103, 'admin', 'иӢҘдҫқ', '00', 'ry@163.com', '15888888669', '1', '', '$2a$10$7JB720yubVSZvUI0rEqK/.VqGOZTH.ulu33dHOiBE8ByOhJIrdAu2', '0', '0', '127.0.0.1', '2026-04-07 09:17:27', '2026-03-15 15:58:03', 'admin', '2026-03-15 15:58:03', '', NULL, 'з®ЎзҗҶе‘ҳ');
INSERT INTO `sys_user` VALUES (2, 105, 'ry', 'иӢҘдҫқ', '00', 'ry@qq.com', '15666666666', '1', '', '$2a$10$7JB720yubVSZvUI0rEqK/.VqGOZTH.ulu33dHOiBE8ByOhJIrdAu2', '0', '0', '127.0.0.1', '2026-03-15 15:58:03', '2026-03-15 15:58:03', 'admin', '2026-03-15 15:58:03', '', NULL, 'жөӢиҜ•е‘ҳ');

-- ----------------------------
-- Table structure for sys_user_post
-- ----------------------------
DROP TABLE IF EXISTS `sys_user_post`;
CREATE TABLE `sys_user_post`  (
  `user_id` bigint NOT NULL COMMENT 'з”ЁжҲ·ID',
  `post_id` bigint NOT NULL COMMENT 'еІ—дҪҚID',
  PRIMARY KEY (`user_id`, `post_id`) USING BTREE
) ENGINE = InnoDB CHARACTER SET = utf8mb4 COLLATE = utf8mb4_0900_ai_ci COMMENT = 'з”ЁжҲ·дёҺеІ—дҪҚе…іиҒ”иЎЁ' ROW_FORMAT = DYNAMIC;

-- ----------------------------
-- Records of sys_user_post
-- ----------------------------
INSERT INTO `sys_user_post` VALUES (1, 1);
INSERT INTO `sys_user_post` VALUES (2, 2);

-- ----------------------------
-- Table structure for sys_user_role
-- ----------------------------
DROP TABLE IF EXISTS `sys_user_role`;
CREATE TABLE `sys_user_role`  (
  `user_id` bigint NOT NULL COMMENT 'з”ЁжҲ·ID',
  `role_id` bigint NOT NULL COMMENT 'и§’иүІID',
  PRIMARY KEY (`user_id`, `role_id`) USING BTREE
) ENGINE = InnoDB CHARACTER SET = utf8mb4 COLLATE = utf8mb4_0900_ai_ci COMMENT = 'з”ЁжҲ·е’Ңи§’иүІе…іиҒ”иЎЁ' ROW_FORMAT = DYNAMIC;

-- ----------------------------
-- Records of sys_user_role
-- ----------------------------
INSERT INTO `sys_user_role` VALUES (1, 1);
INSERT INTO `sys_user_role` VALUES (2, 2);

-- ----------------------------
-- Table structure for venue
-- ----------------------------
DROP TABLE IF EXISTS `venue`;
CREATE TABLE `venue`  (
  `id` bigint NOT NULL AUTO_INCREMENT COMMENT 'дё»й”®id',
  `name` varchar(255) CHARACTER SET utf8mb4 COLLATE utf8mb4_0900_ai_ci NOT NULL COMMENT 'еңәең°еҗҚз§°',
  `icon` varchar(50) CHARACTER SET utf8mb4 COLLATE utf8mb4_0900_ai_ci NULL DEFAULT NULL COMMENT 'еңәең°еӣҫж Ү',
  `description` text CHARACTER SET utf8mb4 COLLATE utf8mb4_0900_ai_ci NULL COMMENT 'еңәең°жҸҸиҝ°',
  `price` decimal(10, 2) NOT NULL COMMENT 'еңәең°д»·ж ј',
  `created_at` datetime NULL DEFAULT CURRENT_TIMESTAMP COMMENT 'еҲӣе»әж—¶й—ҙ',
  `updated_at` datetime NULL DEFAULT CURRENT_TIMESTAMP ON UPDATE CURRENT_TIMESTAMP COMMENT 'жӣҙж–°ж—¶й—ҙ',
  PRIMARY KEY (`id`) USING BTREE
) ENGINE = InnoDB AUTO_INCREMENT = 6 CHARACTER SET = utf8mb4 COLLATE = utf8mb4_0900_ai_ci COMMENT = 'еңәең°иЎЁ' ROW_FORMAT = DYNAMIC;

-- ----------------------------
-- Records of venue
-- ----------------------------
INSERT INTO `venue` VALUES (1, 'йә»е°ҶйҰҶ', 'рҹҖ„', 'иҮӘеҠЁйә»е°ҶжЎҢпјҢзҺҜеўғиҲ’йҖӮ', 50.00, '2026-03-28 20:20:50', '2026-03-28 20:20:50');
INSERT INTO `venue` VALUES (2, 'зӨҫеҢәе№ҝеңә', 'рҹҸһпёҸ', 'ејҖйҳ”еңәең°пјҢйҖӮеҗҲе№ҝеңәиҲһ', 30.00, '2026-03-28 20:20:50', '2026-03-28 20:20:50');
INSERT INTO `venue` VALUES (3, 'дјҡи®®е®Ө', 'рҹ“Ҡ', 'жҠ•еҪұд»ӘгҖҒзҷҪжқҝпјҢеҸҜе®№зәі20дәә', 80.00, '2026-03-28 20:20:50', '2026-03-28 20:20:50');
INSERT INTO `venue` VALUES (4, 'еҒҘиә«жҲҝ', 'рҹҸӢпёҸ', 'дё“дёҡеҷЁжқҗпјҢз§Ғж•ҷеҸҜзәҰ', 60.00, '2026-03-28 20:20:50', '2026-03-28 20:20:50');
INSERT INTO `venue` VALUES (5, 'е„ҝз«Ҙд№җеӣӯ', 'рҹҺ ', 'е®үе…Ёи®ҫж–ҪпјҢдәІеӯҗеҘҪеҺ»еӨ„', 40.00, '2026-03-28 20:20:50', '2026-03-28 20:20:50');

-- ----------------------------
-- Table structure for venue_booking
-- ----------------------------
DROP TABLE IF EXISTS `venue_booking`;
CREATE TABLE `venue_booking`  (
  `reservation_id` bigint NOT NULL AUTO_INCREMENT COMMENT 'дё»й”®id',
  `space_name` varchar(255) CHARACTER SET utf8mb4 COLLATE utf8mb4_0900_ai_ci NOT NULL COMMENT 'еңәең°еҗҚз§°',
  `user_id` bigint NOT NULL COMMENT 'йў„зәҰдәәID',
  `user_name` varchar(100) CHARACTER SET utf8mb4 COLLATE utf8mb4_0900_ai_ci NOT NULL COMMENT 'йў„зәҰдәәе§“еҗҚ',
  `user_phone` varchar(20) CHARACTER SET utf8mb4 COLLATE utf8mb4_0900_ai_ci NOT NULL COMMENT 'йў„зәҰдәәз”өиҜқ',
  `reserve_date` date NOT NULL COMMENT 'йў„зәҰж—Ҙжңҹ',
  `start_time` time NOT NULL COMMENT 'дҪҝз”ЁејҖе§Ӣж—¶й—ҙ',
  `end_time` time NOT NULL COMMENT 'дҪҝз”Ёз»“жқҹж—¶й—ҙ',
  `reservation_purpose` varchar(255) CHARACTER SET utf8mb4 COLLATE utf8mb4_0900_ai_ci NULL DEFAULT NULL COMMENT 'йў„зәҰз”ЁйҖ”',
  `reservation_status` varchar(20) CHARACTER SET utf8mb4 COLLATE utf8mb4_0900_ai_ci NULL DEFAULT 'pending' COMMENT 'йў„зәҰзҠ¶жҖҒ',
  `reject_reason` text CHARACTER SET utf8mb4 COLLATE utf8mb4_0900_ai_ci NULL COMMENT 'жӢ’з»қеҺҹеӣ ',
  `approver_id` bigint NULL DEFAULT NULL COMMENT 'е®Ўж ёдәәID',
  `approve_time` datetime NULL DEFAULT NULL COMMENT 'е®Ўж ёж—¶й—ҙ',
  `create_time` datetime NULL DEFAULT CURRENT_TIMESTAMP COMMENT 'еҲӣе»әж—¶й—ҙ',
  `update_time` datetime NULL DEFAULT CURRENT_TIMESTAMP ON UPDATE CURRENT_TIMESTAMP COMMENT 'жӣҙж–°ж—¶й—ҙ',
  `remark` text CHARACTER SET utf8mb4 COLLATE utf8mb4_0900_ai_ci NULL COMMENT 'еӨҮжіЁ',
  PRIMARY KEY (`reservation_id`) USING BTREE
) ENGINE = InnoDB AUTO_INCREMENT = 4 CHARACTER SET = utf8mb4 COLLATE = utf8mb4_0900_ai_ci COMMENT = 'еңәең°йў„зәҰиЎЁ' ROW_FORMAT = DYNAMIC;

-- ----------------------------
-- Records of venue_booking
-- ----------------------------
INSERT INTO `venue_booking` VALUES (1, 'йә»е°ҶйҰҶ', 1, 'жөӢиҜ•з”ЁжҲ·', '13800138000', '2026-03-28', '00:00:00', '02:00:00', '', 'pending', NULL, NULL, NULL, '2026-03-28 20:21:30', '2026-03-28 20:21:30', '');
INSERT INTO `venue_booking` VALUES (2, 'йә»е°ҶйҰҶ', 1, 'жөӢиҜ•з”ЁжҲ·', '13800138000', '2026-03-29', '00:00:00', '02:00:00', '', 'pending', NULL, NULL, NULL, '2026-03-29 19:21:55', '2026-03-29 19:21:55', '');
INSERT INTO `venue_booking` VALUES (3, 'йә»е°ҶйҰҶ', 1, 'жөӢиҜ•з”ЁжҲ·', '13800138000', '2026-03-30', '00:00:00', '01:00:00', '', 'еҫ…дҪҝз”Ё', NULL, NULL, NULL, '2026-03-30 01:28:48', '2026-03-30 01:28:48', '');

SET FOREIGN_KEY_CHECKS = 1;
